/* credits_logo.h - logo "Video Game Music 2" da janela de instrucoes (botao B).
 * Gerado de Logo.png (recortado na area visivel e reduzido para 264x132).
 * credits_logo_rgb = cor RGB565 (sem pre-multiplicar); credits_logo_alpha = opacidade 0..255. */
#ifndef CREDITS_LOGO_DATA_H
#define CREDITS_LOGO_DATA_H

#define CREDITS_LOGO_W 264
#define CREDITS_LOGO_H 132

static const unsigned short credits_logo_rgb[CREDITS_LOGO_W * CREDITS_LOGO_H] = {
   0x0000,0x0000,0x0000,0x0000,0x0000,0x0000,0x0000,0x0000,0x0000,0x0000,0x0000,0x0000,0x0000,0x0000,0x0000,0x0000,
   0x0000,0x0000,0x0000,0x0000,0x0000,0x0000,0x0000,0x0000,0x0000,0x0000,0x0000,0x0000,0x0000,0x0000,0x0000,0x0000,
   0x0000,0x0000,0x0000,0x0000,0x0000,0x0000,0x0000,0x0000,0x0000,0x0000,0x0000,0x0000,0x0000,0x0000,0x0000,0x0000,
   0x0000,0x0000,0x0000,0x0000,0x0000,0x0000,0x0000,0x0000,0x0000,0x0000,0x0000,0x0000,0x0000,0x0000,0x0000,0x0000,
   0x0000,0x0000,0x0000,0x0000,0x0000,0x0000,0x0000,0x0000,0x0000,0x0000,0x0000,0x0000,0x0000,0x0000,0x0000,0x0000,
   0x0000,0x0000,0x0000,0x0000,0x0000,0x0000,0x0000,0x0000,0x0000,0x0000,0x0000,0x0000,0x0000,0x0000,0x0000,0x0000,
   0x0000,0x0000,0x0000,0x0000,0x0000,0x0000,0x0000,0x0000,0x0000,0x0000,0x0000,0x0000,0x0000,0x0000,0x0000,0x0000,
   0x0000,0x0000,0x0000,0x0000,0x0000,0x0000,0x0000,0x0000,0x0000,0x0000,0x0000,0x0000,0x0000,0x0000,0x0000,0x0000,
   0x0000,0x0000,0x0000,0x0000,0x0000,0x0000,0x0000,0x0000,0x0000,0x0000,0x0000,0x0000,0x0000,0x0000,0x0000,0x0000,
   0x0000,0x0000,0x0000,0x0000,0x0000,0x0000,0x0000,0x0000,0x0000,0x0000,0x0000,0x0000,0x0000,0x0000,0x0000,0x0000,
   0x0000,0x0000,0x0000,0x0000,0x0000,0x0000,0x0000,0x0000,0x0000,0x0000,0x0000,0x0000,0x0000,0x0000,0x0000,0x0000,
   0x0000,0x0000,0x0000,0x0000,0x0000,0x0000,0x0000,0x0000,0x0000,0x0000,0x0000,0x0000,0x0000,0x0000,0x0000,0x0000,
   0x0000,0x0000,0x0000,0x0000,0x0000,0x0000,0x0000,0x0000,0x0000,0x0000,0x0000,0x0000,0x0000,0x0000,0x0000,0x0000,
   0x0000,0x0000,0x0000,0x0000,0x0000,0x0000,0x0000,0x0000,0x0000,0x0000,0x0000,0x0000,0x0000,0x0000,0x0000,0x0000,
   0x0000,0x0000,0x0000,0x0000,0x0000,0x0000,0x0000,0x0000,0x0000,0x0000,0x0000,0x0000,0x0000,0x0000,0x0000,0x0000,
   0x0000,0x0000,0x0000,0x0000,0x0000,0x0000,0x0000,0x0000,0x0000,0x0000,0x0000,0x0000,0x0000,0x0000,0x0000,0x0000,
   0x0000,0x0000,0x0000,0x0000,0x0000,0x0000,0x0000,0x0000,0x0000,0x0000,0x0000,0x0000,0x0000,0x0000,0x0000,0x0000,
   0x0000,0x0000,0x0000,0x0000,0x0000,0x0000,0x0000,0x0000,0x0000,0x0000,0x0000,0x0000,0x0000,0x0000,0x0000,0x0000,
   0x0000,0x0000,0x0000,0x0000,0x0000,0x0000,0x0000,0x0000,0x0000,0x0000,0x0000,0x0000,0x0000,0x0000,0x0000,0x0000,
   0x0000,0x0000,0x0000,0x0000,0x0000,0x0000,0x0000,0x0000,0x0000,0x0000,0x0000,0x0000,0x0000,0x0000,0x0000,0x0000,
   0x0000,0x0000,0x0000,0x0000,0x0000,0x0000,0x0000,0x0000,0x0000,0x0000,0x0000,0x0000,0x0000,0x0000,0x0000,0x0000,
   0x0000,0x0000,0x0000,0x0000,0x0000,0x0000,0x0000,0x0000,0x0000,0x0000,0x0000,0x0000,0x0000,0x0000,0x0000,0x0000,
   0x0000,0x0000,0x0000,0x0000,0x0000,0x0000,0x0000,0x0000,0x0000,0x0000,0x0000,0x0000,0x0000,0x0000,0x0000,0x0000,
   0x0000,0x0000,0x0000,0x0000,0x0000,0x0000,0x0000,0x0000,0x0000,0x0000,0x0000,0x0000,0x0000,0x0000,0x0000,0x0000,
   0x0000,0x0000,0x0000,0x0000,0x0000,0x0000,0x0000,0x0000,0x0000,0x0000,0x0000,0x0000,0x0000,0x0000,0x0000,0x0000,
   0x0000,0x0000,0x0000,0x0000,0x0000,0x0000,0x0000,0x0000,0x0000,0x0000,0x0000,0x0000,0x0000,0x0000,0x0000,0x0000,
   0x0000,0x0000,0x0000,0x0000,0x0000,0x0000,0x0000,0x0000,0x0000,0x0000,0x0000,0x0000,0x0000,0x0000,0x0000,0x0000,
   0x0000,0x0000,0x0000,0x0000,0x0000,0x0000,0x0000,0x0000,0x0000,0x0000,0x0000,0x0000,0x0000,0x0000,0x0000,0x0000,
   0x0000,0x0000,0x0000,0x0000,0x0000,0x0000,0x0000,0x0000,0x0000,0x0000,0x0000,0x0000,0x0000,0x0000,0x0000,0x0000,
   0x0000,0x0000,0x0000,0x0000,0x0000,0x0000,0x0000,0x0000,0x0000,0x0000,0x0000,0x0000,0x0000,0x0000,0x0000,0x0000,
   0x0000,0x0000,0x0000,0x0000,0x0000,0x0000,0x0000,0x0000,0x0000,0x0000,0x0000,0x0000,0x0000,0x0000,0x0000,0x0000,
   0x0000,0x0000,0x0000,0x0000,0x0000,0x0000,0x0000,0x0000,0x0000,0x0000,0x0000,0x0000,0x0000,0x0000,0x0000,0x0000,
   0x0000,0x0000,0x0000,0x0000,0x0000,0x0000,0x0000,0x0000,0x0000,0x0000,0x0000,0x0000,0x0000,0x0000,0x0000,0x0000,
   0x0000,0x0000,0x0000,0x0000,0x0000,0x0000,0x0000,0x0000,0x0000,0x0000,0x0000,0x0000,0x0000,0x0000,0x0000,0x0000,
   0x0000,0x0000,0x0000,0x0000,0x0000,0x0000,0x0000,0x0000,0x0000,0x0000,0x0000,0x0000,0x0000,0x0000,0x0000,0x0000,
   0x0000,0x0000,0x0000,0x0000,0x0000,0x0000,0x0000,0x0000,0x0000,0x0000,0x0000,0x0000,0x0000,0x0000,0x0000,0x0000,
   0x0000,0x0000,0x0000,0x0000,0x0000,0x0000,0x0000,0x0000,0x0000,0x0000,0x0000,0x0000,0x0000,0x0000,0x0000,0x0000,
   0x0000,0x0000,0x0000,0x0000,0x0000,0x0000,0x0000,0x0000,0x0000,0x0000,0x0000,0x0000,0x0000,0x0000,0x0000,0x0000,
   0x0000,0x0000,0x0000,0x0000,0x0000,0x0000,0x0000,0x0000,0x0000,0x0000,0x0000,0x0000,0x0000,0x0000,0x0000,0x0000,
   0x0000,0x0000,0x0000,0x0000,0x0000,0x0000,0x0000,0x0000,0x0000,0x0000,0x0000,0x0000,0x0000,0x0000,0x0000,0x0000,
   0x0000,0x0000,0x0000,0x0000,0x0000,0x0000,0x0000,0x0000,0x0000,0x0000,0x0000,0x0000,0x0000,0x0000,0x0000,0x0000,
   0x0000,0x0000,0x0000,0x0000,0x0000,0x0000,0x0000,0x0000,0x0000,0x0000,0x0000,0x0000,0x0000,0x0000,0x0000,0x0000,
   0x0000,0x0000,0x0000,0x0000,0x0000,0x0000,0x0000,0x0000,0x0000,0x0000,0x0000,0x0000,0x0000,0x0000,0x0000,0x0000,
   0x0000,0x0000,0x0000,0x0000,0x0000,0x0000,0x0000,0x0000,0x0000,0x0000,0x0000,0x0000,0x0000,0x0000,0x0000,0x0000,
   0x0000,0x0000,0x0000,0x0000,0x0000,0x0000,0x0000,0x0000,0x0000,0x0000,0x0000,0x0000,0x0000,0x0000,0x0000,0x0000,
   0x0000,0x0000,0x0000,0x0000,0x0000,0x0000,0x0000,0x0000,0x0000,0x0000,0x0000,0x0000,0x0000,0x0000,0x0000,0x0000,
   0x0000,0x0000,0x0000,0x0000,0x0000,0x0000,0x0000,0x0000,0x0000,0x0000,0x0000,0x0000,0x0000,0x0000,0x0000,0x0000,
   0x0000,0x0000,0x0000,0x0000,0x0000,0x0000,0x0000,0x0000,0x0000,0x0000,0x0000,0x0000,0x0000,0x0000,0x0000,0x0000,
   0x0000,0x0000,0x0000,0x0000,0x0000,0x0000,0x0000,0x0000,0x0000,0x0000,0x0000,0x0000,0x0000,0x0000,0x0000,0x0000,
   0x0000,0x0000,0x0000,0x0000,0x0000,0x0000,0x0000,0x0000,0x0000,0x0000,0x0000,0x0000,0x0000,0x0000,0x0000,0x0000,
   0x0000,0x0000,0x0000,0x0000,0x0000,0x0000,0x0000,0x0000,0x0000,0x0000,0x0000,0x0000,0x0000,0x0000,0x0000,0x0000,
   0x0000,0x0000,0x0000,0x0000,0x0000,0x0000,0x0000,0x0000,0x0000,0x0000,0x0000,0x0000,0x0000,0x0000,0x0000,0x0000,
   0x0000,0x0000,0x0000,0x0000,0x0000,0x0000,0x0000,0x0000,0x0000,0x0000,0x0000,0x0000,0x0000,0x0000,0x0000,0x0000,
   0x0000,0x0000,0x0000,0x0000,0x0000,0x0000,0x0000,0x0000,0x0000,0x0000,0x0000,0x0000,0x0000,0x0000,0x0000,0x0000,
   0x0000,0x0000,0x0000,0x0000,0x0000,0x0000,0x0000,0x0000,0x0000,0x0000,0x0000,0x0000,0x0000,0x0000,0x0000,0x0000,
   0x0000,0x0000,0x0000,0x0000,0x0000,0x0000,0x0000,0x0000,0x0000,0x0000,0x0000,0x0000,0x0000,0x0000,0x0000,0x0000,
   0x0000,0x0000,0x0000,0x0000,0x0000,0x0000,0x0000,0x0000,0x0000,0x0000,0x0000,0x0000,0x0000,0x0000,0x0000,0x0000,
   0x0000,0x0000,0x0000,0x0000,0x0000,0x0000,0x0000,0x0000,0x0000,0x0000,0x0000,0x0000,0x0000,0x0000,0x0000,0x0000,
   0x0000,0x0000,0x0000,0x0000,0x0000,0x0000,0x0000,0x0000,0x0000,0x0000,0x0000,0x0000,0x0000,0x0000,0x0000,0x0000,
   0x0000,0x0000,0x0000,0x0000,0x0000,0x0000,0x0000,0x0000,0x0000,0x0000,0x0000,0x0000,0x0000,0x0000,0x0000,0x0000,
   0x0000,0x0000,0x0000,0x0000,0x0000,0x0000,0x0000,0x0000,0x0000,0x0000,0x0000,0x0000,0x0000,0x0000,0x0000,0x0000,
   0x0000,0x0000,0x0000,0x0000,0x0000,0x0000,0x0000,0x0000,0x0000,0x0000,0x0000,0x0000,0x0000,0x0000,0x0000,0x0000,
   0x0000,0x0000,0x0000,0x0000,0x0000,0x0000,0x0000,0x0000,0x0000,0x0000,0x0000,0x0000,0x0000,0x0000,0x0000,0x0000,
   0x0000,0x0000,0x0000,0x0000,0x0000,0x0000,0x0000,0x0000,0x0000,0x0000,0x0000,0x0000,0x0000,0x0000,0x0000,0x0000,
   0x0000,0x0000,0x0000,0x0000,0x0000,0x0000,0x0000,0x0000,0x0000,0x0000,0x0000,0x0000,0x0000,0x0000,0x0000,0x0000,
   0x0000,0x0000,0x0000,0x0000,0x0000,0x0000,0x0000,0x0000,0x0000,0x0000,0x0000,0x0000,0x0000,0x0000,0x0000,0x0000,
   0x0000,0x0000,0x0000,0x0000,0x0000,0x0000,0x0000,0x0000,0x0000,0x0000,0x0000,0x0000,0x0000,0x0000,0x0000,0x0000,
   0x0000,0x0000,0x0000,0x0000,0x0000,0x0000,0x0000,0x0000,0x0000,0x0000,0x0000,0x0000,0x0000,0x0000,0x0000,0x0000,
   0x0000,0x0000,0x0000,0x0000,0x0000,0x0000,0x0000,0x0000,0x0000,0x0000,0x0000,0x0000,0x0000,0x0000,0x0000,0x0000,
   0x0000,0x0000,0x0000,0x0000,0x0000,0x0000,0x0000,0x0000,0x0000,0x0000,0x0000,0x0000,0x0000,0x0000,0x0000,0x0000,
   0x0000,0x0000,0x0000,0x0000,0x0000,0x0000,0x0000,0x0000,0x0000,0x0000,0x0000,0x0000,0x0000,0x0000,0x0000,0x0000,
   0x0000,0x0000,0x0000,0x0000,0x0000,0x0000,0x0000,0x0000,0x0000,0x0000,0x0000,0x0000,0x0000,0x0000,0x0000,0x0000,
   0x0000,0x0000,0x0000,0x0000,0x0000,0x0000,0x0000,0x0000,0x0000,0x0000,0x0000,0x0000,0x0000,0x0000,0x0000,0x0000,
   0x0000,0x0000,0x0000,0x0000,0x0000,0x0000,0x0000,0x0000,0x0000,0x0000,0x0000,0x0000,0x0000,0x0000,0x0000,0x0000,
   0x0000,0x0000,0x20C5,0x0862,0x0000,0x0000,0x0000,0x0000,0x0000,0x0000,0x0000,0x0000,0x0000,0x0000,0x0000,0x0000,
   0x0000,0x0000,0x0000,0x0000,0x0000,0x0000,0x0000,0x0000,0x0000,0x0000,0x0000,0x0000,0x0000,0x0000,0x0000,0x0000,
   0x0000,0x0000,0x0000,0x0000,0x0000,0x0000,0x0000,0x0000,0x0000,0x0000,0x0000,0x0000,0x0000,0x0000,0x0000,0x0000,
   0x0000,0x0000,0x0000,0x0000,0x0000,0x0000,0x0000,0x0000,0x0000,0x0000,0x0000,0x0000,0x0000,0x0000,0x0000,0x0000,
   0x0000,0x0000,0x0000,0x0000,0x0000,0x0000,0x0000,0x0000,0x0000,0x0000,0x0000,0x0000,0x0000,0x0000,0x0000,0x0000,
   0x0000,0x0000,0x0000,0x0000,0x0000,0x0000,0x0000,0x0000,0x0000,0x0000,0x0000,0x0000,0x0000,0x0000,0x0000,0x0000,
   0x0000,0x0000,0x0000,0x0000,0x0000,0x0000,0x0000,0x0000,0x0000,0x0000,0x0000,0x0000,0x0000,0x0000,0x0000,0x0000,
   0x0000,0x0000,0x0000,0x0000,0x0000,0x0000,0x0000,0x0000,0x0000,0x0000,0x0000,0x0000,0x0000,0x0000,0x0000,0x0000,
   0x0000,0x0000,0x0000,0x0000,0x0000,0x0000,0x0000,0x0000,0x0000,0x0000,0x0000,0x0000,0x0000,0x0000,0x0000,0x0000,
   0x0000,0x0000,0x0000,0x0000,0x0000,0x0000,0x0000,0x0000,0x0000,0x0000,0x0000,0x0000,0x0000,0x0000,0x0000,0x0000,
   0x0000,0x0000,0x0000,0x0000,0x0000,0x0000,0x0000,0x0000,0x0000,0x0000,0x0000,0x0000,0x0000,0x0000,0x0000,0x0000,
   0x0000,0x0000,0x0000,0x0000,0x0000,0x0000,0x0000,0x0000,0x0000,0x0000,0x0000,0x0000,0x0000,0x0000,0x0000,0x0000,
   0x0000,0x0000,0x0000,0x0000,0x0000,0x0000,0x0000,0x0000,0x0000,0x0000,0x0000,0x0000,0x0000,0x0000,0x0000,0x0000,
   0x0000,0x0000,0x0000,0x0000,0x0000,0x0000,0x0000,0x0000,0x0000,0x0000,0x0000,0x0000,0x0000,0x0000,0x0000,0x0000,
   0x0000,0x0000,0x0000,0x0000,0x0000,0x0000,0x0000,0x0000,0x0000,0x0000,0x0000,0x0000,0x0000,0x0000,0x0000,0x0000,
   0x0000,0x0000,0x0000,0x0000,0x0000,0x0000,0x0000,0x0000,0x0000,0x0000,0x0000,0x0000,0x0000,0x0000,0x0000,0x0000,
   0x0000,0x0000,0x0000,0x0000,0x0000,0x0000,0x0000,0x0842,0x3989,0x7271,0x8AB5,0x8293,0x51AB,0x1883,0x0000,0x0000,
   0x0000,0x0000,0x0000,0x0000,0x0000,0x0000,0x0000,0x0000,0x0000,0x0000,0x0000,0x0000,0x0000,0x0000,0x0000,0x0000,
   0x0000,0x0000,0x0000,0x0000,0x0000,0x0000,0x0000,0x0000,0x0000,0x0000,0x0000,0x0000,0x0000,0x0000,0x0000,0x0000,
   0x0000,0x0000,0x0000,0x0000,0x0000,0x0000,0x0000,0x0000,0x0000,0x0000,0x0000,0x0000,0x0000,0x0000,0x0000,0x0000,
   0x0000,0x0000,0x0000,0x0000,0x0000,0x0000,0x0000,0x0000,0x0000,0x0000,0x0000,0x0000,0x0000,0x0000,0x0000,0x0000,
   0x0000,0x0000,0x0000,0x0000,0x0000,0x0000,0x0000,0x0000,0x0000,0x0000,0x0000,0x0000,0x0000,0x0000,0x0000,0x0000,
   0x0000,0x0000,0x0000,0x0000,0x0000,0x0000,0x0000,0x0000,0x0000,0x0000,0x0000,0x0000,0x0000,0x0000,0x0000,0x0000,
   0x0000,0x0000,0x0000,0x0000,0x0000,0x0000,0x0000,0x0000,0x0000,0x0000,0x0000,0x0000,0x0000,0x0000,0x0000,0x0000,
   0x0000,0x0000,0x0000,0x0000,0x0000,0x0000,0x0000,0x0000,0x0000,0x0000,0x0000,0x0000,0x0000,0x0000,0x0000,0x0000,
   0x0000,0x0000,0x0000,0x0000,0x0000,0x0000,0x0000,0x0000,0x0000,0x0000,0x0000,0x0000,0x0000,0x0000,0x0000,0x0000,
   0x0000,0x0000,0x0000,0x0000,0x0000,0x0000,0x0000,0x0000,0x0000,0x0000,0x0000,0x0000,0x0000,0x0000,0x0000,0x0000,
   0x0000,0x0000,0x0000,0x0000,0x0000,0x0000,0x0000,0x0000,0x0000,0x0000,0x0000,0x0000,0x0000,0x0000,0x0000,0x0000,
   0x0000,0x0000,0x0000,0x0000,0x0000,0x0000,0x0000,0x0000,0x0000,0x0000,0x0000,0x0000,0x0000,0x0000,0x0000,0x0000,
   0x0000,0x0000,0x0000,0x0000,0x0000,0x0000,0x0000,0x0000,0x0000,0x0000,0x0000,0x0000,0x0000,0x0000,0x0000,0x0000,
   0x0000,0x0000,0x0000,0x0000,0x0000,0x0000,0x0000,0x0000,0x0000,0x0000,0x0000,0x0000,0x0000,0x0000,0x0000,0x0000,
   0x0000,0x0000,0x0000,0x0000,0x0000,0x0000,0x0000,0x0000,0x0000,0x0000,0x0000,0x0000,0x0000,0x0000,0x0000,0x0000,
   0x0000,0x0000,0x0000,0x0000,0x0000,0x0000,0x0000,0x0000,0x0000,0x0000,0x0000,0x0000,0x0020,0x20C5,0x51ED,0x8AD5,
   0x92D8,0x9277,0x8A57,0x9257,0x9AB7,0x9AD6,0x6A2F,0x28E6,0x0841,0x0000,0x0000,0x0000,0x0000,0x0000,0x0000,0x0000,
   0x0000,0x0000,0x0000,0x0000,0x0000,0x0000,0x0000,0x0000,0x0000,0x0000,0x0000,0x0000,0x0000,0x0000,0x0000,0x0000,
   0x0000,0x0000,0x0000,0x0000,0x0000,0x0000,0x0000,0x0000,0x0000,0x0000,0x0000,0x0000,0x0000,0x0000,0x0000,0x0000,
   0x0000,0x0000,0x0000,0x0000,0x0000,0x0000,0x0000,0x0000,0x0000,0x0000,0x0000,0x0000,0x0000,0x0000,0x0000,0x0000,
   0x0000,0x0000,0x0000,0x0000,0x0000,0x0000,0x0000,0x0000,0x0000,0x0000,0x0000,0x0000,0x0000,0x0000,0x0000,0x0000,
   0x0000,0x0000,0x0000,0x0000,0x0000,0x0000,0x0000,0x0000,0x0000,0x0000,0x0000,0x0000,0x0000,0x0000,0x0000,0x0000,
   0x0000,0x0000,0x0000,0x0000,0x0000,0x0000,0x0000,0x0000,0x0000,0x0000,0x0000,0x0000,0x0000,0x0000,0x0000,0x0000,
   0x0000,0x0000,0x0000,0x0000,0x0000,0x0000,0x0000,0x0000,0x0000,0x0000,0x0000,0x0000,0x0000,0x0000,0x0000,0x0000,
   0x0000,0x0000,0x0000,0x0000,0x0000,0x0000,0x0000,0x0000,0x0000,0x0000,0x0000,0x0000,0x0000,0x0000,0x0000,0x0000,
   0x0000,0x0000,0x0000,0x0000,0x0000,0x0000,0x0000,0x0000,0x0000,0x0000,0x0000,0x0000,0x0000,0x0000,0x0000,0x0000,
   0x0000,0x0000,0x0000,0x0000,0x0000,0x0000,0x0000,0x0000,0x0000,0x0000,0x0000,0x0000,0x0000,0x0000,0x0000,0x0000,
   0x0000,0x0000,0x0000,0x0000,0x0000,0x0000,0x0000,0x0000,0x0000,0x0000,0x0000,0x0000,0x0000,0x0000,0x0000,0x0000,
   0x0000,0x0000,0x0000,0x0000,0x0000,0x0000,0x0000,0x0000,0x0000,0x0000,0x0000,0x0000,0x0000,0x0000,0x0000,0x0000,
   0x0000,0x0000,0x0000,0x0000,0x0000,0x0000,0x0000,0x0000,0x0000,0x0000,0x0000,0x0000,0x0000,0x0000,0x0000,0x0000,
   0x0000,0x0000,0x0000,0x0000,0x0000,0x0000,0x0000,0x0000,0x0000,0x0000,0x0000,0x0000,0x0000,0x0000,0x0000,0x0000,
   0x0000,0x0000,0x0000,0x0000,0x0000,0x0000,0x0000,0x0000,0x0000,0x0000,0x0000,0x0000,0x0000,0x0000,0x0000,0x0000,
   0x0000,0x0000,0x0862,0x3969,0x6250,0x9317,0x92D8,0x8A57,0x8A56,0x9AD8,0xA318,0x9AB7,0x9256,0x9236,0xA297,0xA2D7,
   0x7A72,0x496A,0x1883,0x0000,0x0000,0x0000,0x0000,0x0000,0x0000,0x0000,0x0000,0x0000,0x0000,0x0000,0x0000,0x0000,
   0x0000,0x0000,0x0000,0x0000,0x0000,0x0000,0x0000,0x0000,0x0000,0x0000,0x0000,0x0000,0x0000,0x0000,0x0000,0x0000,
   0x0000,0x0000,0x0000,0x0000,0x0000,0x0000,0x0000,0x0000,0x0000,0x0000,0x0000,0x0000,0x0000,0x0000,0x0000,0x0000,
   0x0000,0x0000,0x0000,0x0000,0x0000,0x0000,0x0000,0x0000,0x0000,0x0000,0x0000,0x0000,0x0000,0x0000,0x0000,0x0000,
   0x0000,0x0000,0x0000,0x0000,0x0000,0x0000,0x0000,0x0000,0x0000,0x0000,0x0000,0x0000,0x0000,0x0000,0x0000,0x0000,
   0x0000,0x0000,0x0000,0x0000,0x0000,0x0000,0x0000,0x0000,0x0000,0x0000,0x0000,0x0000,0x0000,0x0000,0x0000,0x0000,
   0x0000,0x0000,0x0000,0x0000,0x0000,0x0000,0x0000,0x0000,0x0000,0x0000,0x0000,0x0000,0x0000,0x0000,0x0000,0x0000,
   0x0000,0x0000,0x0000,0x0000,0x0000,0x0000,0x0000,0x0000,0x0000,0x0000,0x0000,0x0000,0x0000,0x0000,0x0000,0x0000,
   0x0000,0x0000,0x0000,0x0000,0x0000,0x0000,0x0000,0x0000,0x0000,0x0000,0x0000,0x0000,0x0000,0x0000,0x0000,0x0000,
   0x0000,0x0000,0x0000,0x0000,0x0000,0x0000,0x0000,0x0000,0x0000,0x0000,0x0000,0x0000,0x0000,0x0000,0x0000,0x0000,
   0x0000,0x0000,0x0000,0x0000,0x0000,0x0000,0x0000,0x0000,0x0000,0x0000,0x0000,0x0000,0x0000,0x0000,0x0000,0x0000,
   0x0000,0x0000,0x0000,0x0000,0x0000,0x0000,0x0000,0x0000,0x0000,0x0000,0x0000,0x0000,0x0000,0x0000,0x0000,0x0000,
   0x0000,0x0000,0x0000,0x0000,0x0000,0x0000,0x0000,0x0000,0x0000,0x0000,0x0000,0x0000,0x0000,0x0000,0x0000,0x0000,
   0x0000,0x0000,0x0000,0x0000,0x0000,0x0000,0x0000,0x0000,0x0000,0x0000,0x0000,0x0000,0x0000,0x0000,0x0000,0x0000,
   0x0000,0x0000,0x0000,0x0000,0x0000,0x0000,0x0000,0x0000,0x0000,0x0000,0x0000,0x0000,0x0000,0x0000,0x0000,0x0000,
   0x0000,0x0000,0x0000,0x0000,0x0000,0x0000,0x0000,0x0000,0x18C4,0x520D,0x7AD4,0x9318,0x8AB8,0x8236,0x8A77,0x9B18,
   0x9B58,0x7273,0x414C,0x59F0,0x9AF7,0xAB18,0x9A77,0x9215,0x9A37,0xA2B8,0x8A94,0x6A0E,0x28C5,0x0000,0x0000,0x0000,
   0x0000,0x0000,0x0000,0x0000,0x0000,0x0000,0x0000,0x0000,0x0000,0x0000,0x0000,0x0000,0x0000,0x0000,0x0000,0x0000,
   0x0000,0x0000,0x0000,0x0000,0x0000,0x0000,0x0000,0x0000,0x0000,0x0000,0x0000,0x0000,0x0000,0x0000,0x0000,0x0000,
   0x0000,0x0000,0x0000,0x0000,0x0000,0x0000,0x0000,0x0000,0x0000,0x0000,0x0000,0x0000,0x0000,0x0000,0x0000,0x0000,
   0x0000,0x0000,0x0000,0x0000,0x0000,0x0000,0x0000,0x0000,0x0000,0x0000,0x0000,0x0000,0x0000,0x0000,0x0000,0x0000,
   0x0000,0x0000,0x0000,0x0000,0x0000,0x0000,0x0000,0x0000,0x0000,0x0000,0x0000,0x0000,0x0000,0x0000,0x0000,0x0000,
   0x0000,0x0000,0x0000,0x0000,0x0000,0x0000,0x0000,0x0000,0x0000,0x0000,0x0000,0x0000,0x0000,0x0000,0x0000,0x0000,
   0x0000,0x0000,0x0000,0x0000,0x0000,0x0000,0x0000,0x0000,0x0000,0x0000,0x0000,0x0000,0x0000,0x0000,0x0000,0x0000,
   0x0000,0x0000,0x0000,0x0000,0x0000,0x0000,0x0000,0x0000,0x0000,0x0000,0x0000,0x0000,0x0000,0x0000,0x0000,0x0000,
   0x0000,0x0000,0x0000,0x0000,0x0000,0x0000,0x0000,0x0000,0x0000,0x0000,0x0000,0x0000,0x0000,0x0000,0x0000,0x0000,
   0x0000,0x0000,0x0000,0x0000,0x0000,0x0000,0x0000,0x0000,0x0000,0x0000,0x0000,0x0000,0x0000,0x0000,0x0000,0x0000,
   0x0000,0x0000,0x0000,0x0000,0x0000,0x0000,0x0000,0x0000,0x0000,0x0000,0x0000,0x0000,0x0000,0x0000,0x0000,0x0000,
   0x0000,0x0000,0x0000,0x0000,0x0000,0x0000,0x0000,0x0000,0x0000,0x0000,0x0000,0x0000,0x0000,0x0000,0x0000,0x0000,
   0x0000,0x0000,0x0000,0x0000,0x0000,0x0000,0x0000,0x0000,0x0000,0x0000,0x0000,0x0000,0x0000,0x0000,0x0000,0x0000,
   0x0000,0x0000,0x0000,0x0000,0x0000,0x0000,0x0000,0x0000,0x0000,0x0000,0x0000,0x0000,0x0000,0x0000,0x0000,0x0000,
   0x0000,0x0000,0x0000,0x0000,0x0000,0x0000,0x0000,0x0000,0x0000,0x0000,0x0000,0x0000,0x0000,0x0862,0x2927,0x6A91,
   0x8B37,0x8AF8,0x8297,0x8256,0x8AB7,0x9318,0x82D5,0x51F0,0x20C9,0x0024,0x0003,0x0004,0x1887,0x498D,0x8294,0xA2D7,
   0xA297,0x9216,0x9A36,0xA297,0xA2B6,0x8272,0x4149,0x1062,0x0000,0x0000,0x0000,0x0000,0x0000,0x0000,0x0000,0x0000,
   0x0000,0x0000,0x0000,0x0000,0x0000,0x0000,0x0000,0x0000,0x0000,0x0000,0x0000,0x0000,0x0000,0x0000,0x0000,0x0000,
   0x0000,0x0000,0x0000,0x0000,0x0000,0x0000,0x0000,0x0000,0x0000,0x0000,0x0000,0x0000,0x0000,0x0000,0x0000,0x0000,
   0x0000,0x0000,0x0000,0x0000,0x0000,0x0000,0x0000,0x0000,0x0000,0x0000,0x0000,0x0000,0x0000,0x0000,0x0000,0x0000,
   0x0000,0x0000,0x0000,0x0000,0x0000,0x0000,0x0000,0x0000,0x0000,0x0000,0x0000,0x0000,0x0000,0x0000,0x0000,0x0000,
   0x0000,0x0000,0x0000,0x0000,0x0000,0x0000,0x0000,0x0000,0x0000,0x0000,0x0000,0x0000,0x0000,0x0000,0x0000,0x0000,
   0x0000,0x0000,0x0000,0x0000,0x0000,0x0000,0x0000,0x0000,0x0000,0x0000,0x0000,0x0000,0x0000,0x0000,0x0000,0x0000,
   0x0000,0x0000,0x0000,0x0000,0x0000,0x0000,0x0000,0x0000,0x0000,0x0000,0x0000,0x0000,0x0000,0x0000,0x0000,0x0000,
   0x0000,0x0000,0x0000,0x0000,0x0000,0x0000,0x0000,0x0000,0x0000,0x0000,0x0000,0x0000,0x0000,0x0000,0x0000,0x0000,
   0x0000,0x0000,0x0000,0x0000,0x0000,0x0000,0x0000,0x0000,0x0000,0x0000,0x0000,0x0000,0x0000,0x0000,0x0000,0x0000,
   0x0000,0x0000,0x0000,0x0000,0x0000,0x0000,0x0000,0x0000,0x0000,0x0000,0x0000,0x0000,0x0000,0x0000,0x0000,0x0000,
   0x0000,0x0000,0x0000,0x0000,0x0000,0x0000,0x0000,0x0000,0x0000,0x0000,0x0000,0x0000,0x0000,0x0000,0x0000,0x0000,
   0x0000,0x0000,0x0000,0x0000,0x0000,0x0000,0x0000,0x0000,0x0000,0x0000,0x0000,0x0000,0x0000,0x0000,0x0000,0x0000,
   0x0000,0x0000,0x0000,0x0000,0x0000,0x0000,0x0000,0x0000,0x0000,0x0000,0x0000,0x0000,0x0000,0x0000,0x0000,0x0000,
   0x0000,0x0000,0x0000,0x0000,0x0000,0x0000,0x0000,0x0000,0x0000,0x0000,0x0000,0x0000,0x0000,0x0000,0x0000,0x0000,
   0x0000,0x0000,0x0000,0x18C4,0x41CB,0x72F3,0x9359,0x8AB8,0x8276,0x8297,0x9338,0x8B58,0x6A93,0x394C,0x0846,0x0003,
   0x0003,0x0004,0x0025,0x0025,0x0004,0x0003,0x0825,0x310A,0x6A31,0x9AD6,0xAAD8,0x9A56,0x9A16,0x9A36,0xAAB7,0x9294,
   0x59AC,0x28E6,0x0000,0x0000,0x0000,0x0000,0x0000,0x0000,0x0000,0x0000,0x0000,0x0000,0x0000,0x0000,0x0000,0x0000,
   0x0000,0x0000,0x0000,0x0000,0x0000,0x0000,0x0000,0x0000,0x0000,0x0000,0x0000,0x0000,0x0000,0x0000,0x0000,0x0000,
   0x0000,0x0000,0x0000,0x0000,0x0000,0x0000,0x0000,0x0000,0x0000,0x0000,0x0000,0x0000,0x0000,0x0000,0x0000,0x0000,
   0x0000,0x0000,0x0000,0x0000,0x0000,0x0000,0x0000,0x0000,0x0000,0x0000,0x0000,0x0000,0x0000,0x0000,0x0000,0x0000,
   0x0000,0x0000,0x0000,0x0000,0x0000,0x0000,0x0000,0x0000,0x0000,0x0000,0x0000,0x0000,0x0000,0x0000,0x0000,0x0000,
   0x0000,0x0000,0x0000,0x0000,0x0000,0x0000,0x0000,0x0000,0x0000,0x0000,0x0000,0x0000,0x0000,0x0000,0x0000,0x0000,
   0x0000,0x0000,0x0000,0x0000,0x0000,0x0000,0x0000,0x0000,0x0000,0x0000,0x0000,0x0000,0x0000,0x0000,0x0000,0x0000,
   0x0000,0x0000,0x0000,0x0000,0x0000,0x0000,0x0000,0x0000,0x0000,0x0000,0x0000,0x0000,0x0000,0x0000,0x0000,0x0000,
   0x0000,0x0000,0x0000,0x0000,0x0000,0x0000,0x0000,0x0000,0x0000,0x0000,0x0000,0x0000,0x0000,0x0000,0x0000,0x0000,
   0x0000,0x0000,0x0000,0x0000,0x0000,0x0000,0x0000,0x0000,0x0000,0x0000,0x0000,0x0000,0x0000,0x0000,0x0000,0x0000,
   0x0000,0x0000,0x0000,0x0000,0x0000,0x0000,0x0000,0x0000,0x0000,0x0000,0x0000,0x0000,0x0000,0x0000,0x0000,0x0000,
   0x0000,0x0000,0x0000,0x0000,0x0000,0x0000,0x0000,0x0000,0x0000,0x0000,0x0000,0x0000,0x0000,0x0000,0x0000,0x0000,
   0x0000,0x0000,0x0000,0x0000,0x0000,0x0000,0x0000,0x0000,0x0000,0x0000,0x0000,0x0000,0x0000,0x0000,0x0000,0x0000,
   0x0000,0x0000,0x0000,0x0000,0x0000,0x0000,0x0000,0x0000,0x0000,0x0000,0x0000,0x0000,0x0000,0x0000,0x0000,0x0000,
   0x0000,0x0000,0x0000,0x0000,0x0000,0x0000,0x0000,0x0000,0x0841,0x3148,0x6290,0x8336,0x8B38,0x8297,0x7A76,0x8AF8,
   0x9379,0x8316,0x5210,0x20E9,0x0005,0x0003,0x0004,0x0004,0x0004,0x0003,0x0004,0x0004,0x0004,0x0005,0x0004,0x0003,
   0x0004,0x20A8,0x51AE,0x8A95,0xA2F8,0xA277,0x9A15,0x9A16,0xAA77,0xA296,0x8251,0x4969,0x0842,0x0000,0x0000,0x0000,
   0x0000,0x0000,0x0000,0x0000,0x0000,0x0000,0x0000,0x0000,0x0000,0x0000,0x0000,0x0000,0x0000,0x0000,0x0000,0x0000,
   0x0000,0x0000,0x0000,0x0000,0x0000,0x0000,0x0000,0x0000,0x0000,0x0000,0x0000,0x0000,0x0000,0x0000,0x0000,0x0000,
   0x0000,0x0000,0x0000,0x0000,0x0000,0x0000,0x0000,0x0000,0x0000,0x0000,0x0000,0x0000,0x0000,0x0000,0x0000,0x0000,
   0x0000,0x0000,0x0000,0x0000,0x0000,0x0000,0x0000,0x0000,0x0000,0x0000,0x0000,0x0000,0x0000,0x0000,0x0000,0x0000,
   0x0000,0x0000,0x0000,0x0000,0x0000,0x0000,0x0000,0x0000,0x0000,0x0000,0x0000,0x0000,0x0000,0x0000,0x0000,0x0000,
   0x0000,0x0000,0x0000,0x0000,0x0000,0x0000,0x0000,0x0000,0x0000,0x0000,0x0000,0x0000,0x0000,0x0000,0x0000,0x0000,
   0x0000,0x0000,0x0000,0x0000,0x0000,0x0000,0x0000,0x0000,0x0000,0x0000,0x0000,0x0000,0x0000,0x0000,0x0000,0x0000,
   0x0000,0x0000,0x0000,0x0000,0x0000,0x0000,0x0000,0x0000,0x0000,0x0000,0x0000,0x0000,0x0000,0x0000,0x0000,0x0000,
   0x0000,0x0000,0x0000,0x0000,0x0000,0x0000,0x0000,0x0000,0x0000,0x0000,0x0000,0x0000,0x0000,0x0000,0x0000,0x0000,
   0x0000,0x0000,0x0000,0x0000,0x0000,0x0000,0x0000,0x0000,0x0000,0x0000,0x0000,0x0000,0x0000,0x0000,0x0000,0x0000,
   0x0000,0x0000,0x0000,0x0000,0x0000,0x0000,0x0000,0x0000,0x0000,0x0000,0x0000,0x0000,0x0000,0x0000,0x0000,0x0000,
   0x0000,0x0000,0x0000,0x0000,0x0000,0x0000,0x0000,0x0000,0x0000,0x0000,0x0000,0x0000,0x0000,0x0000,0x0000,0x0000,
   0x0000,0x0000,0x0000,0x0000,0x0000,0x0000,0x0000,0x0000,0x0000,0x0000,0x0000,0x0000,0x0000,0x0000,0x0000,0x0000,
   0x0000,0x0000,0x0000,0x0000,0x0000,0x0000,0x0000,0x0000,0x0000,0x0000,0x0000,0x0000,0x0000,0x0000,0x10A4,0x41EB,
   0x7314,0x8358,0x82F8,0x7A97,0x7AB7,0x8B18,0x8B58,0x6AD4,0x398D,0x1087,0x0004,0x0003,0x0004,0x0005,0x0004,0x0004,
   0x0825,0x4069,0x78EF,0x50AB,0x1026,0x0004,0x0004,0x0025,0x0025,0x0004,0x0003,0x1045,0x392B,0x7A52,0xA2F7,0xAAB7,
   0x9A36,0x99F5,0xA236,0xAA96,0x9A94,0x61CD,0x20A4,0x0020,0x0000,0x0000,0x0000,0x0000,0x0000,0x0000,0x0000,0x0000,
   0x0000,0x0000,0x0000,0x0000,0x0000,0x0000,0x0000,0x0000,0x0000,0x0000,0x0000,0x0000,0x0000,0x0000,0x0000,0x0000,
   0x0000,0x0000,0x0000,0x0000,0x0000,0x0000,0x0000,0x0000,0x0000,0x0000,0x0000,0x0000,0x0000,0x0000,0x0000,0x0000,
   0x0000,0x0000,0x0000,0x0000,0x0000,0x0000,0x0000,0x0000,0x0000,0x0000,0x0000,0x0000,0x0000,0x0000,0x0000,0x0000,
   0x0000,0x0000,0x0000,0x0000,0x0000,0x0000,0x0000,0x0000,0x0000,0x0000,0x0000,0x0000,0x0000,0x0000,0x0000,0x0000,
   0x0000,0x0000,0x0000,0x0000,0x0000,0x0000,0x0000,0x0000,0x0000,0x0000,0x0000,0x0000,0x0000,0x0000,0x0000,0x0000,
   0x0000,0x0000,0x0000,0x0000,0x0000,0x0000,0x0000,0x0000,0x0000,0x0000,0x0000,0x0000,0x0000,0x0000,0x0000,0x0000,
   0x0000,0x0000,0x0000,0x0000,0x0000,0x0000,0x0000,0x0000,0x0000,0x0000,0x0000,0x0000,0x0000,0x0000,0x0000,0x0000,
   0x0000,0x0000,0x0000,0x0000,0x0000,0x0000,0x0000,0x0000,0x0000,0x0000,0x0000,0x0000,0x0000,0x0000,0x0000,0x0000,
   0x0000,0x0000,0x0000,0x0000,0x0000,0x0000,0x0000,0x0000,0x0000,0x0000,0x0000,0x0000,0x0000,0x0000,0x0000,0x0000,
   0x0000,0x0000,0x0000,0x0000,0x0000,0x0000,0x0000,0x0000,0x0000,0x0000,0x0000,0x0000,0x0000,0x0000,0x0000,0x0000,
   0x0000,0x0000,0x0000,0x0000,0x0000,0x0000,0x0000,0x0000,0x0000,0x0000,0x0000,0x0000,0x0000,0x0000,0x0000,0x0000,
   0x0000,0x0000,0x0000,0x0000,0x0000,0x0000,0x0000,0x0000,0x0000,0x0000,0x0000,0x0000,0x0000,0x0000,0x0000,0x0000,
   0x0000,0x0000,0x0000,0x0000,0x0000,0x0000,0x0000,0x0000,0x0000,0x0000,0x0000,0x0000,0x0000,0x0000,0x0000,0x0000,
   0x0000,0x0000,0x0000,0x0021,0x2947,0x526F,0x8357,0x8B39,0x7AB7,0x7A77,0x82D8,0x8B58,0x7B36,0x5251,0x20EA,0x0005,
   0x0003,0x0004,0x0005,0x0005,0x0004,0x0004,0x1847,0x50AC,0x9912,0xC936,0xD918,0xC937,0xA113,0x68AE,0x2848,0x0004,
   0x0004,0x0005,0x0025,0x0004,0x0003,0x0004,0x20A8,0x59AF,0x8A94,0xAAB7,0xA276,0x99F5,0xA1F5,0xAA57,0xAA96,0x7A0F,
   0x4128,0x1042,0x0000,0x0000,0x0000,0x0000,0x0000,0x0000,0x0000,0x0000,0x0000,0x0000,0x0000,0x0000,0x0000,0x0000,
   0x0000,0x0000,0x0000,0x0000,0x0000,0x0000,0x0000,0x0000,0x0000,0x0000,0x0000,0x0000,0x0000,0x0000,0x0000,0x0000,
   0x0000,0x0000,0x0000,0x0000,0x0000,0x0000,0x0000,0x0000,0x0000,0x0000,0x0000,0x0000,0x0000,0x0000,0x0000,0x0000,
   0x0000,0x0000,0x0000,0x0000,0x0000,0x0000,0x0000,0x0000,0x0000,0x0000,0x0000,0x0000,0x0000,0x0000,0x0000,0x0000,
   0x0000,0x0000,0x0000,0x0000,0x0000,0x0000,0x0000,0x0000,0x0000,0x0000,0x0000,0x0000,0x0000,0x0000,0x0000,0x0000,
   0x0000,0x0000,0x0000,0x0000,0x0000,0x0000,0x0000,0x0000,0x0000,0x0000,0x0000,0x0000,0x0000,0x0000,0x0000,0x0000,
   0x0000,0x0000,0x0000,0x0000,0x0000,0x0000,0x0000,0x0000,0x0000,0x0000,0x0000,0x0000,0x0000,0x0000,0x0000,0x0000,
   0x0000,0x0000,0x0000,0x0000,0x0000,0x0000,0x0000,0x0000,0x0000,0x0000,0x0000,0x0000,0x0000,0x0000,0x0000,0x0000,
   0x0000,0x0000,0x0000,0x0000,0x0000,0x0000,0x0000,0x0000,0x0000,0x0000,0x0000,0x0000,0x0000,0x0000,0x0000,0x0000,
   0x0000,0x0000,0x0000,0x0000,0x0000,0x0000,0x0000,0x0000,0x0000,0x0000,0x0000,0x0000,0x0000,0x0000,0x0000,0x0000,
   0x0000,0x0000,0x0000,0x0000,0x0000,0x0000,0x0000,0x0000,0x0000,0x0000,0x0000,0x0000,0x0000,0x0000,0x0000,0x0000,
   0x0000,0x0000,0x0000,0x0000,0x0000,0x0000,0x0000,0x0000,0x0000,0x0000,0x0000,0x0000,0x0000,0x0000,0x0000,0x0000,
   0x0000,0x0000,0x0000,0x0000,0x0000,0x0000,0x0000,0x0000,0x0000,0x0000,0x0000,0x0000,0x0000,0x0000,0x0000,0x0000,
   0x0000,0x0000,0x0000,0x0000,0x0000,0x0000,0x0000,0x0000,0x0000,0x0862,0x41EB,0x6B13,0x8398,0x8359,0x7AD7,0x7AD7,
   0x8B38,0x8B79,0x6AD4,0x39AD,0x1087,0x0004,0x0003,0x0004,0x0005,0x0004,0x0004,0x0005,0x2868,0x60CE,0x9914,0xB936,
   0xB8D6,0xB0B5,0xA8B5,0xA8B5,0xB0D6,0xB8F6,0xA114,0x70D0,0x386A,0x0805,0x0004,0x0004,0x0005,0x0004,0x0004,0x0003,
   0x1045,0x392B,0x7A31,0xA2B6,0xAA77,0xA1F5,0xA1D5,0xAA36,0xB297,0x9272,0x61CC,0x20A4,0x0000,0x0000,0x0000,0x0000,
   0x0000,0x0000,0x0000,0x0000,0x0000,0x0000,0x0000,0x0000,0x0000,0x0000,0x0000,0x0000,0x0000,0x0000,0x0000,0x0000,
   0x0000,0x0000,0x0000,0x0000,0x0000,0x0000,0x0000,0x0000,0x0000,0x0000,0x0000,0x0000,0x0000,0x0000,0x0000,0x0000,
   0x0000,0x0000,0x0000,0x0000,0x0000,0x0000,0x0000,0x0000,0x0000,0x0000,0x0000,0x0000,0x0000,0x0000,0x0000,0x0000,
   0x0000,0x0000,0x0000,0x0000,0x0000,0x0000,0x0000,0x0000,0x0000,0x0000,0x0000,0x0000,0x0000,0x0000,0x0000,0x0000,
   0x0000,0x0000,0x0000,0x0000,0x0000,0x0000,0x0000,0x0000,0x0000,0x0000,0x0000,0x0000,0x0000,0x0000,0x0000,0x0000,
   0x0000,0x0000,0x0000,0x0000,0x0000,0x0000,0x0000,0x0000,0x0000,0x0000,0x0000,0x0000,0x0000,0x0000,0x0000,0x0000,
   0x0000,0x0000,0x0000,0x0000,0x0000,0x0000,0x0000,0x0000,0x0000,0x0000,0x0882,0x10E4,0x10C3,0x10E4,0x10E4,0x10E4,
   0x10E4,0x10E4,0x1104,0x1104,0x1104,0x1104,0x1104,0x1104,0x1124,0x1125,0x1125,0x1125,0x1125,0x1125,0x1125,0x1125,
   0x1945,0x1966,0x1966,0x1966,0x1966,0x1966,0x1986,0x1987,0x1987,0x1987,0x1987,0x1987,0x1987,0x1987,0x2187,0x2187,
   0x2187,0x2187,0x2187,0x21A7,0x21A7,0x21A8,0x21A7,0x1925,0x1925,0x1925,0x1925,0x1925,0x1925,0x1925,0x1925,0x1925,
   0x1925,0x1925,0x1926,0x1946,0x1946,0x1946,0x2146,0x2167,0x2187,0x2187,0x2187,0x2188,0x2988,0x2988,0x2988,0x29A8,
   0x29A8,0x29A8,0x29A8,0x29A8,0x29A9,0x31C9,0x31C9,0x31C9,0x31C9,0x31C9,0x2989,0x2168,0x2968,0x2988,0x2988,0x2988,
   0x2989,0x2989,0x2989,0x2989,0x29A9,0x31A9,0x31AA,0x31AA,0x31AA,0x31AA,0x31CA,0x31CA,0x31CA,0x39CB,0x39CB,0x39CA,
   0x526F,0x7356,0x8378,0x7B38,0x72D7,0x8337,0x8B99,0x8398,0x5A92,0x292B,0x0845,0x0003,0x0004,0x0005,0x0005,0x0004,
   0x0004,0x0826,0x306A,0x60D0,0x88F3,0xA0F5,0x98D5,0x9093,0x8893,0x90B3,0x88B3,0x88B3,0x8893,0x8893,0x98B4,0x98D5,
   0x90F4,0x70D0,0x406B,0x1027,0x0004,0x0004,0x0005,0x0025,0x0004,0x0003,0x0004,0x28A8,0x61AF,0x9AB5,0xB2D7,0xAA56,
   0xA1F5,0xAA16,0xAA76,0xA274,0x79EF,0x514A,0x5149,0x4949,0x4929,0x4929,0x4128,0x4128,0x4128,0x4128,0x4108,0x4108,
   0x4107,0x4107,0x4107,0x4107,0x4128,0x4969,0x4969,0x4968,0x4948,0x4148,0x4147,0x4127,0x4127,0x3927,0x3926,0x3926,
   0x3906,0x3906,0x3906,0x3906,0x3906,0x3106,0x3906,0x30E5,0x30E5,0x30E5,0x30E5,0x30E5,0x30E5,0x30E5,0x30E5,0x30C5,
   0x30E5,0x30C5,0x28C4,0x28C4,0x28C4,0x28C4,0x28A4,0x28C4,0x28A4,0x28C4,0x3906,0x3906,0x3906,0x3906,0x3906,0x3906,
   0x3906,0x30E5,0x38E6,0x30E6,0x30E5,0x30E5,0x30E5,0x30E5,0x30E5,0x30E5,0x30E5,0x30E5,0x30E5,0x28E5,0x28C5,0x28C4,
   0x28C4,0x28C4,0x28C4,0x28C4,0x28C4,0x28C4,0x28C4,0x20A4,0x20A4,0x20A4,0x20A4,0x20A4,0x20A4,0x20A3,0x20A3,0x20A3,
   0x20A3,0x20A3,0x20A3,0x18A3,0x18A3,0x1883,0x1883,0x1883,0x1883,0x18A3,0x18A3,0x1883,0x18A3,0x1041,0x0000,0x0000,
   0x0000,0x0000,0x326A,0x763B,0x661A,0x661A,0x6E1B,0x661B,0x661B,0x661B,0x661B,0x661B,0x6E1B,0x661B,0x661B,0x661B,
   0x6E1B,0x6E1C,0x6E1B,0x6E1B,0x661C,0x6E1C,0x6E1C,0x6E1C,0x6E1C,0x65FB,0x65FB,0x65FB,0x6DFB,0x6DFB,0x6DDC,0x6DDB,
   0x6DDB,0x6DDB,0x6DBB,0x6DBB,0x6DBB,0x6DBB,0x6D9B,0x6D9B,0x6D9B,0x6D9B,0x6D9B,0x6D7B,0x6D7B,0x6D7B,0x6D7B,0x6D7B,
   0x6D5B,0x6D5B,0x6D5B,0x6D3B,0x6D3B,0x6D3B,0x6D3B,0x6D1B,0x6D1B,0x6D1B,0x6D1B,0x6CFB,0x6CFB,0x6CFA,0x6CFA,0x6CDA,
   0x6CBA,0x6CBA,0x6CBA,0x6CBA,0x6CBA,0x6CBA,0x6C9A,0x6C9A,0x6C9A,0x6C9A,0x6C7A,0x6C7A,0x6C7A,0x6C5A,0x6C5A,0x745A,
   0x743A,0x7439,0x743A,0x745A,0x743A,0x743A,0x7439,0x741A,0x7419,0x73F9,0x73F9,0x7BF9,0x7BF9,0x7BD9,0x7BD9,0x7BD9,
   0x7BB9,0x7BB9,0x7BB9,0x7BB9,0x7BB9,0x7B99,0x7B99,0x7B98,0x7B58,0x72D7,0x72B7,0x7B38,0x8398,0x6B35,0x41EF,0x10A8,
   0x0004,0x0003,0x0004,0x0005,0x0004,0x0004,0x0005,0x1027,0x308B,0x58CF,0x70F2,0x78B3,0x78B2,0x7092,0x7092,0x70B2,
   0x6891,0x508E,0x306B,0x486D,0x6891,0x70B2,0x7092,0x7091,0x7092,0x78B2,0x78D2,0x60D0,0x388C,0x1848,0x0005,0x0004,
   0x0004,0x0025,0x0005,0x0004,0x0003,0x1046,0x494C,0x8253,0xAAB6,0xAA56,0xA1F4,0x99B4,0xAA15,0xAA56,0xAA55,0xAA55,
   0xB255,0xB275,0xB275,0xB275,0xB275,0xB275,0xB275,0xB255,0xBA75,0xB255,0xBA75,0xBA55,0xBA55,0xBA55,0xBA55,0xBA55,
   0xBA55,0xBA54,0xBA54,0xBA54,0xBA54,0xBA74,0xBA74,0xC274,0xC274,0xC274,0xC274,0xC274,0xC274,0xC274,0xC274,0xC274,
   0xCA74,0xCA74,0xCA94,0xCA94,0xCA94,0xCA94,0xCA94,0xCA94,0xCAB4,0xCAB4,0xCAB4,0xD2B4,0xD2B4,0xD2B4,0xD2B5,0xD2B4,
   0xD2B4,0xD2B5,0xD2B5,0xD2D5,0xD2D5,0xD2D5,0xD2D5,0xD2F5,0xD2D5,0xD2F5,0xD2F5,0xD2F5,0xD2F5,0xD2F5,0xDB15,0xDB15,
   0xDB16,0xDB16,0xDB16,0xDB36,0xDB36,0xDB36,0xDB36,0xDB36,0xDB36,0xDB57,0xDB57,0xDB57,0xDB57,0xDB57,0xDB77,0xDB77,
   0xDB77,0xDB77,0xDB77,0xDB77,0xDB77,0xDB77,0xDB77,0xDB77,0xDB77,0xDB77,0xDB77,0xDB77,0xDB77,0xDB77,0xD377,0xDB77,
   0xD377,0xD377,0xD377,0xD377,0xDBD8,0x4988,0x0000,0x0000,0x0000,0x0000,0x10E3,0x663B,0x5EBE,0x5E5C,0x5E5D,0x5E7D,
   0x565D,0x565C,0x565C,0x563C,0x563C,0x563C,0x561C,0x561C,0x561C,0x55FC,0x55FC,0x55FC,0x55FC,0x55DC,0x55DC,0x55DC,
   0x55DC,0x55BC,0x55BC,0x55BC,0x5D9C,0x5D9B,0x5D9B,0x559B,0x5D7B,0x557B,0x5D7B,0x5D7B,0x5D7B,0x5D5B,0x5D5B,0x5D5B,
   0x5D5B,0x5D3B,0x5D3B,0x5D3B,0x5D3B,0x5D1A,0x5D1A,0x651B,0x5D1A,0x5D1A,0x5CFA,0x64FA,0x64DA,0x64DA,0x64DA,0x64DA,
   0x64DA,0x64DA,0x64BA,0x64BA,0x64BA,0x64BA,0x649A,0x649A,0x649A,0x649A,0x647A,0x647A,0x647A,0x647A,0x645A,0x645A,
   0x645A,0x643A,0x6C3A,0x6C3A,0x6C3A,0x6C19,0x6C19,0x6C19,0x6C19,0x6C19,0x6BF9,0x6BF9,0x6BF9,0x6BF9,0x6BF9,0x73D9,
   0x6BD9,0x73D9,0x73D9,0x73D9,0x73B9,0x73B9,0x73B9,0x7399,0x7399,0x7399,0x7B99,0x7B79,0x7B79,0x7B78,0x7B79,0x7B78,
   0x8379,0x83B9,0x7B77,0x5272,0x294B,0x0025,0x0003,0x0004,0x0005,0x0005,0x0005,0x0005,0x0806,0x2069,0x38AC,0x58D0,
   0x60D1,0x60B1,0x6090,0x5890,0x6090,0x6090,0x508F,0x386C,0x1828,0x0005,0x0004,0x0005,0x1027,0x306B,0x488E,0x5890,
   0x5890,0x5890,0x5890,0x60B1,0x60D1,0x58D0,0x40AD,0x206A,0x0827,0x0005,0x0005,0x0025,0x0005,0x0004,0x0003,0x0004,
   0x28C8,0x61AF,0x9A74,0xB296,0xAA56,0xB235,0xB235,0xB235,0xB235,0xB235,0xB235,0xB235,0xB235,0xB235,0xB235,0xB215,
   0xBA15,0xBA15,0xBA15,0xBA15,0xBA15,0xBA15,0xBA15,0xBA15,0xBA15,0xBA15,0xBA14,0xBA14,0xBA15,0xC215,0xC214,0xC235,
   0xC215,0xC214,0xC214,0xC214,0xC214,0xCA14,0xCA14,0xCA14,0xCA14,0xCA14,0xCA14,0xCA14,0xCA14,0xD214,0xD214,0xD214,
   0xD234,0xD234,0xD234,0xD234,0xD234,0xD234,0xD234,0xD234,0xD234,0xDA34,0xDA34,0xDA54,0xDA35,0xDA34,0xDA55,0xDA54,
   0xDA54,0xDA54,0xDA54,0xDA54,0xDA55,0xE255,0xE255,0xE275,0xE275,0xE275,0xE275,0xE275,0xE276,0xE276,0xE276,0xEA96,
   0xEA96,0xEA97,0xEA97,0xEAB6,0xEAB7,0xEAB7,0xEAB7,0xEAB7,0xEAB7,0xEAD7,0xF2D7,0xF2D8,0xF2D8,0xF2D8,0xF2D8,0xF2D8,
   0xF2D8,0xF2D8,0xF2D8,0xF2F9,0xFAF8,0xFAF9,0xFAF9,0xFAF9,0xFAF9,0xFAF9,0xF2D9,0xFAF9,0xEBBA,0x28C4,0x0000,0x0000,
   0x0000,0x0000,0x0000,0x5D16,0x669E,0x5E3B,0x6E9D,0x6E9D,0x6E9D,0x6E7D,0x6E7C,0x6E7C,0x6E5C,0x6E5C,0x6E5C,0x6E5C,
   0x6E5C,0x6E3C,0x6E3C,0x6E3C,0x6E1C,0x6E1C,0x6E1B,0x6DFB,0x6DFB,0x6DFB,0x6DFB,0x6DDB,0x6DDB,0x6DBB,0x6DBB,0x6DBA,
   0x6DBA,0x6DBA,0x6DBA,0x6D9A,0x6D9A,0x657A,0x6D7A,0x6D7A,0x6D5A,0x6D59,0x6D39,0x6D39,0x6D39,0x6D19,0x6D19,0x6519,
   0x6519,0x6CF9,0x6CF9,0x64D9,0x64D8,0x64D8,0x64D8,0x64B8,0x64B8,0x64B8,0x6498,0x6498,0x6498,0x6498,0x6478,0x6477,
   0x6477,0x6457,0x6457,0x6437,0x6437,0x6417,0x6417,0x6417,0x63F7,0x63F7,0x63F7,0x63F7,0x63F7,0x63D6,0x63D6,0x63D6,
   0x63D6,0x63B6,0x63B6,0x63B6,0x63B6,0x6396,0x6396,0x6396,0x6396,0x6396,0x6395,0x6375,0x6375,0x6355,0x6355,0x6355,
   0x6335,0x6335,0x6335,0x6315,0x6315,0x6314,0x6314,0x6334,0x6334,0x422F,0x18C8,0x0004,0x0003,0x0004,0x0005,0x0005,
   0x0005,0x0005,0x0005,0x1048,0x30AC,0x40CE,0x40CE,0x40AE,0x388D,0x388D,0x388D,0x408D,0x388D,0x286A,0x1026,0x0004,
   0x0004,0x0004,0x0005,0x0005,0x0004,0x0004,0x0826,0x2049,0x386C,0x408D,0x388D,0x388D,0x388D,0x408E,0x40AE,0x40AE,
   0x30AC,0x1869,0x0025,0x0005,0x0005,0x0025,0x0005,0x0004,0x0003,0x0003,0x1866,0x516D,0x8252,0x8A52,0x8A32,0x8A32,
   0x8A32,0x8A32,0x8A32,0x8A52,0x8A52,0x8A52,0x8A52,0x9253,0x9253,0x9273,0x9273,0x9273,0x9273,0x9273,0x9A73,0x9A73,
   0x9A73,0x9A72,0x9A73,0x9A73,0x9A93,0x9A73,0xA293,0xA293,0xA293,0xA293,0xA293,0xA293,0xAA93,0xAA93,0xAA93,0xAA93,
   0xAAB3,0xB2B3,0xB293,0xB2B3,0xB2B3,0xB2B3,0xB2B3,0xBAB3,0xBAB3,0xBAB4,0xBAD4,0xBAD4,0xBAD3,0xBAB4,0xBAD4,0xBAD4,
   0xC2D4,0xC2F4,0xC2F4,0xC2F4,0xC2F5,0xC2F5,0xC2F5,0xCB15,0xCB15,0xCB35,0xCB15,0xCB15,0xCB36,0xD336,0xD336,0xD336,
   0xD356,0xD357,0xD357,0xD357,0xD377,0xD377,0xDB77,0xDB77,0xDB77,0xDB97,0xDB97,0xDB98,0xDB98,0xDB98,0xE398,0xE398,
   0xE398,0xE3B8,0xE3B8,0xE3B9,0xE3B9,0xE3D9,0xE3B9,0xE3B9,0xE3B9,0xE3B9,0xE3B9,0xEBB9,0xEBDA,0xEBDA,0xEBBA,0xEBDA,
   0xEBDA,0xF3DA,0xEAF8,0xFB5A,0xC3B6,0x0841,0x0000,0x0000,0x0000,0x0000,0x0000,0x434E,0x6EDE,0x667D,0x6E5C,0x2A6D,
   0x21CA,0x21EB,0x21EB,0x21EB,0x21CB,0x21CB,0x21CB,0x21CA,0x21AA,0x21AA,0x21AA,0x198A,0x198A,0x198A,0x196A,0x196A,
   0x196A,0x1949,0x1949,0x1949,0x1949,0x1129,0x1129,0x1129,0x1128,0x1108,0x1108,0x1108,0x1108,0x10E8,0x10E8,0x10E8,
   0x10C7,0x10C7,0x10C7,0x08C7,0x10C7,0x08C7,0x08A7,0x08A7,0x08A7,0x08A7,0x08A7,0x08A7,0x08A7,0x08A7,0x0887,0x0886,
   0x0886,0x0886,0x0886,0x0886,0x0886,0x0886,0x0866,0x0866,0x0866,0x0866,0x0866,0x0866,0x0866,0x0866,0x0866,0x0866,
   0x0866,0x0846,0x0846,0x0846,0x0846,0x0845,0x0845,0x0046,0x0045,0x0045,0x0045,0x0045,0x0045,0x0045,0x0045,0x0025,
   0x0025,0x0025,0x0025,0x0025,0x0025,0x0025,0x0025,0x0025,0x0025,0x0025,0x0025,0x0025,0x0025,0x0025,0x0025,0x0025,
   0x0024,0x0003,0x0003,0x0004,0x0025,0x0005,0x0005,0x0005,0x0005,0x0005,0x0005,0x0026,0x0826,0x0006,0x0005,0x0005,
   0x0005,0x0005,0x0005,0x0005,0x0005,0x0004,0x0004,0x0005,0x0005,0x0005,0x0005,0x0005,0x0005,0x0005,0x0004,0x0004,
   0x0005,0x0005,0x0005,0x0005,0x0005,0x0005,0x0005,0x0006,0x0826,0x0826,0x0025,0x0005,0x0005,0x0005,0x0005,0x0005,
   0x0025,0x0005,0x0004,0x0003,0x0004,0x0025,0x0005,0x0025,0x0025,0x0025,0x0025,0x0025,0x0825,0x0825,0x0825,0x0825,
   0x0825,0x0825,0x0825,0x0825,0x0825,0x0825,0x0825,0x0825,0x0825,0x0825,0x0825,0x0825,0x0825,0x0825,0x0845,0x0845,
   0x0845,0x0845,0x0845,0x0845,0x0845,0x0845,0x0845,0x1045,0x1045,0x1045,0x1046,0x1046,0x1046,0x1046,0x1046,0x1046,
   0x1046,0x1046,0x1046,0x1046,0x1046,0x1046,0x1846,0x1846,0x1866,0x1866,0x1866,0x1866,0x1866,0x1866,0x1867,0x1867,
   0x2087,0x2087,0x2087,0x2087,0x2087,0x2087,0x2087,0x2087,0x2087,0x20A7,0x20A7,0x28A8,0x28A8,0x28A8,0x28A8,0x28C8,
   0x28C8,0x28C8,0x28C8,0x28C8,0x28C8,0x30E8,0x30E9,0x30E9,0x30E9,0x30E9,0x30E9,0x3109,0x3109,0x3909,0x3909,0x3929,
   0x392A,0x392A,0x392A,0x392A,0x414A,0x414A,0x414A,0x394A,0x496B,0xD3D9,0xFBDC,0xFCFF,0x8310,0x0000,0x0000,0x0000,
   0x0000,0x0000,0x0000,0x1966,0x7EFD,0x5E9E,0x6E9D,0x1989,0x0001,0x0003,0x0003,0x0003,0x0003,0x0003,0x0003,0x0003,
   0x0003,0x0003,0x0003,0x0003,0x0003,0x0003,0x0003,0x0003,0x0003,0x0003,0x0003,0x0003,0x0003,0x0003,0x0003,0x0003,
   0x0003,0x0003,0x0003,0x0003,0x0003,0x0003,0x0003,0x0003,0x0003,0x0003,0x0004,0x0004,0x0004,0x0004,0x0004,0x0004,
   0x0004,0x0004,0x0004,0x0004,0x0004,0x0004,0x0004,0x0004,0x0004,0x0004,0x0004,0x0004,0x0004,0x0004,0x0004,0x0004,
   0x0004,0x0004,0x0004,0x0004,0x0004,0x0004,0x0004,0x0004,0x0004,0x0004,0x0004,0x0004,0x0004,0x0004,0x0004,0x0004,
   0x0004,0x0004,0x0004,0x0004,0x0004,0x0004,0x0004,0x0004,0x0004,0x0004,0x0004,0x0004,0x0004,0x0004,0x0004,0x0004,
   0x0004,0x0004,0x0004,0x0004,0x0004,0x0004,0x0004,0x0004,0x0004,0x0005,0x0005,0x0025,0x0005,0x0004,0x0025,0x0025,
   0x0025,0x0005,0x0005,0x0004,0x0004,0x0004,0x0005,0x0005,0x0005,0x0005,0x0004,0x0004,0x0004,0x0005,0x0005,0x0005,
   0x0005,0x0005,0x0005,0x0005,0x0005,0x0005,0x0025,0x0025,0x0025,0x0004,0x0004,0x0004,0x0004,0x0004,0x0004,0x0004,
   0x0004,0x0004,0x0004,0x0005,0x0005,0x0005,0x0005,0x0005,0x0005,0x0005,0x0025,0x0025,0x0004,0x0004,0x0004,0x0004,
   0x0004,0x0004,0x0004,0x0004,0x0004,0x0004,0x0004,0x0004,0x0004,0x0004,0x0004,0x0004,0x0004,0x0004,0x0004,0x0004,
   0x0004,0x0004,0x0004,0x0004,0x0004,0x0004,0x0004,0x0004,0x0004,0x0004,0x0004,0x0004,0x0004,0x0004,0x0004,0x0004,
   0x0004,0x0004,0x0004,0x0004,0x0004,0x0004,0x0004,0x0004,0x0004,0x0004,0x0004,0x0004,0x0004,0x0004,0x0004,0x0004,
   0x0004,0x0004,0x0004,0x0004,0x0004,0x0004,0x0004,0x0004,0x0004,0x0004,0x0004,0x0004,0x0004,0x0004,0x0004,0x0004,
   0x0004,0x0004,0x0004,0x0004,0x0003,0x0003,0x0003,0x0003,0x0003,0x0003,0x0003,0x0003,0x0003,0x0003,0x0003,0x0003,
   0x0003,0x0003,0x0003,0x0003,0x0003,0x0003,0x0003,0x0003,0x0003,0x0003,0x0003,0x0003,0x0003,0x0003,0x0003,0x0001,
   0x30E7,0xE41B,0xFC1E,0xFD7F,0x51EA,0x0000,0x0000,0x0000,0x0000,0x0000,0x0000,0x0882,0x6DD9,0x5E9E,0x6EDF,0x4BD2,
   0x0003,0x0025,0x0025,0x0025,0x0025,0x0025,0x0025,0x0025,0x0025,0x0025,0x0025,0x0025,0x0025,0x0025,0x0025,0x0025,
   0x0025,0x0025,0x0025,0x0025,0x0025,0x0025,0x0025,0x0025,0x0025,0x0025,0x0025,0x0025,0x0025,0x0025,0x0025,0x0025,
   0x0025,0x0025,0x0025,0x0025,0x0025,0x0025,0x0025,0x0025,0x0025,0x0025,0x0025,0x0025,0x0025,0x0025,0x0025,0x0025,
   0x0025,0x0025,0x0025,0x0025,0x0025,0x0025,0x0025,0x0025,0x0025,0x0025,0x0025,0x0025,0x0025,0x0025,0x0025,0x0025,
   0x0025,0x0025,0x0025,0x0025,0x0025,0x0025,0x0025,0x0025,0x0005,0x0005,0x0025,0x0025,0x0025,0x0025,0x0025,0x0025,
   0x0025,0x0025,0x0025,0x0025,0x0025,0x0025,0x0025,0x0025,0x0025,0x0025,0x0025,0x0025,0x0025,0x0025,0x0025,0x0005,
   0x0025,0x0025,0x0005,0x0005,0x0005,0x0025,0x0025,0x0025,0x0004,0x0004,0x0004,0x0004,0x0004,0x0004,0x0004,0x0004,
   0x0004,0x0005,0x0005,0x0025,0x0025,0x0025,0x0005,0x0005,0x0005,0x0005,0x0005,0x0005,0x0005,0x0005,0x0005,0x0005,
   0x0005,0x0025,0x0025,0x0005,0x0005,0x0005,0x0005,0x0005,0x0005,0x0025,0x0025,0x0025,0x0025,0x0025,0x0025,0x0025,
   0x0025,0x0025,0x0025,0x0025,0x0025,0x0025,0x0025,0x0025,0x0025,0x0025,0x0025,0x0005,0x0005,0x0005,0x0005,0x0005,
   0x0005,0x0005,0x0005,0x0025,0x0025,0x0005,0x0025,0x0025,0x0025,0x0025,0x0025,0x0025,0x0025,0x0025,0x0025,0x0025,
   0x0025,0x0005,0x0005,0x0025,0x0025,0x0025,0x0025,0x0025,0x0025,0x0025,0x0025,0x0025,0x0025,0x0025,0x0025,0x0025,
   0x0025,0x0025,0x0025,0x0025,0x0005,0x0025,0x0025,0x0025,0x0025,0x0025,0x0025,0x0025,0x0025,0x0025,0x0025,0x0025,
   0x0025,0x0025,0x0025,0x0025,0x0025,0x0025,0x0025,0x0025,0x0025,0x0025,0x0005,0x0005,0x0025,0x0025,0x0025,0x0025,
   0x0025,0x0025,0x0025,0x0025,0x0025,0x0005,0x0025,0x0025,0x0025,0x0005,0x0025,0x0025,0x0025,0x0005,0x0025,0x0025,
   0x0025,0x0005,0x0025,0x0025,0x0005,0x0025,0x0025,0x0003,0x722F,0xFC5E,0xFC5E,0xDCBB,0x28E4,0x0000,0x0000,0x0000,
   0x0000,0x0000,0x0000,0x0000,0x4BD0,0x6EFF,0x66BE,0x6558,0x0025,0x0004,0x0025,0x0024,0x0005,0x0005,0x0005,0x0005,
   0x0005,0x0005,0x0005,0x0005,0x0005,0x0025,0x0005,0x0005,0x0005,0x0005,0x0005,0x0005,0x0005,0x0005,0x0005,0x0005,
   0x0005,0x0005,0x0005,0x0004,0x0004,0x0004,0x0004,0x0004,0x0004,0x0004,0x0005,0x0005,0x0004,0x0004,0x0004,0x0004,
   0x0004,0x0004,0x0004,0x0005,0x0005,0x0005,0x0004,0x0004,0x0004,0x0004,0x0004,0x0004,0x0004,0x0004,0x0003,0x0004,
   0x0003,0x0003,0x0003,0x0003,0x0003,0x0003,0x0004,0x0005,0x0025,0x0025,0x0025,0x0005,0x0005,0x0005,0x0005,0x0005,
   0x0005,0x0004,0x0003,0x0003,0x0003,0x0003,0x0003,0x0003,0x0003,0x0003,0x0003,0x0003,0x0003,0x0003,0x0003,0x0003,
   0x0003,0x0003,0x0003,0x0003,0x0003,0x0003,0x0004,0x0005,0x0005,0x0005,0x0005,0x0025,0x0005,0x0004,0x0002,0x0003,
   0x0004,0x0024,0x0024,0x0024,0x0024,0x0024,0x0024,0x0024,0x0024,0x0004,0x0003,0x0002,0x0003,0x0005,0x0025,0x0005,
   0x0005,0x0005,0x0005,0x0005,0x0005,0x0005,0x0005,0x0005,0x0025,0x0005,0x0005,0x0005,0x0005,0x0005,0x0005,0x0005,
   0x0025,0x0025,0x0005,0x0003,0x0003,0x0003,0x0003,0x0002,0x0002,0x0002,0x0002,0x0002,0x0002,0x0002,0x0002,0x0003,
   0x0003,0x0003,0x0004,0x0005,0x0005,0x0005,0x0005,0x0005,0x0005,0x0005,0x0005,0x0005,0x0005,0x0005,0x0025,0x0004,
   0x0003,0x0003,0x0003,0x0003,0x0003,0x0003,0x0003,0x0004,0x0005,0x0005,0x0005,0x0005,0x0025,0x0025,0x0025,0x0025,
   0x0005,0x0005,0x0005,0x0004,0x0004,0x0004,0x0003,0x0003,0x0004,0x0004,0x0004,0x0005,0x0005,0x0005,0x0024,0x0024,
   0x0024,0x0024,0x0024,0x0024,0x0024,0x0005,0x0005,0x0005,0x0005,0x0004,0x0004,0x0004,0x0004,0x0004,0x0004,0x0004,
   0x0005,0x0005,0x0005,0x0005,0x0005,0x0005,0x0005,0x0005,0x0005,0x0005,0x0005,0x0005,0x0005,0x0005,0x0005,0x0005,
   0x0005,0x0005,0x0005,0x0005,0x0005,0x0005,0x0005,0x0005,0x0005,0x0005,0x0005,0x0005,0x0005,0x0025,0x0004,0x0004,
   0xAB35,0xFC3D,0xFCDF,0xA3D4,0x0000,0x0000,0x0000,0x0000,0x0000,0x0000,0x0020,0x0000,0x2A6A,0x771F,0x5E7E,0x767D,
   0x2189,0x0003,0x0025,0x0024,0x0025,0x0005,0x0003,0x0003,0x0003,0x0003,0x0003,0x0003,0x0003,0x0003,0x0005,0x0005,
   0x0005,0x0005,0x0005,0x0005,0x0005,0x0005,0x0005,0x0005,0x0005,0x0004,0x0004,0x0004,0x0004,0x0004,0x0004,0x0004,
   0x0024,0x0025,0x0025,0x0025,0x0025,0x0025,0x0045,0x0045,0x0845,0x0866,0x0866,0x0005,0x0005,0x0005,0x0025,0x10A6,
   0x10A6,0x10A6,0x10C6,0x10E7,0x18E7,0x1907,0x1907,0x1907,0x1907,0x1927,0x1927,0x2127,0x2127,0x1927,0x10A6,0x0004,
   0x0003,0x0003,0x0004,0x0025,0x0005,0x0005,0x0005,0x0005,0x0004,0x0865,0x2989,0x31CA,0x31C9,0x31CA,0x31EA,0x31EA,
   0x31EA,0x31EA,0x3A0A,0x3A0A,0x3A0A,0x3A0A,0x3A0A,0x3A0A,0x3A0A,0x3A0A,0x3A2A,0x3A2B,0x3A2B,0x424B,0x2148,0x0004,
   0x0005,0x0005,0x0025,0x0004,0x0003,0x1907,0x4ACD,0x7412,0x8CF5,0x9D56,0x9D77,0x9D97,0x9D97,0x9D97,0x9D97,0x9D97,
   0x9D77,0x9536,0x7C74,0x5B4F,0x2989,0x0004,0x0004,0x0025,0x0005,0x0005,0x0005,0x0005,0x0005,0x0005,0x0005,0x0005,
   0x0005,0x0005,0x0005,0x0005,0x0005,0x0005,0x0004,0x0025,0x0004,0x0003,0x0003,0x2127,0x424B,0x52CD,0x52EE,0x52EE,
   0x52EE,0x52CD,0x52CD,0x4AAD,0x4AAD,0x4A8D,0x428C,0x426C,0x424B,0x426C,0x2148,0x0004,0x0005,0x0005,0x0005,0x0025,
   0x0005,0x0005,0x0005,0x0005,0x0005,0x0025,0x0004,0x0886,0x31EA,0x31C9,0x31A9,0x29A9,0x2989,0x2989,0x29A9,0x10C6,
   0x0004,0x0005,0x0005,0x0005,0x0025,0x0025,0x0024,0x0025,0x0025,0x0005,0x0005,0x10C6,0x1907,0x18E7,0x18E7,0x18E7,
   0x18E7,0x18E7,0x0886,0x0004,0x0005,0x0024,0x0024,0x0024,0x0024,0x0024,0x0024,0x0024,0x0024,0x0005,0x0005,0x0005,
   0x0004,0x0004,0x0024,0x0024,0x0024,0x0024,0x0004,0x0004,0x0004,0x0005,0x0005,0x0005,0x0004,0x0004,0x0003,0x0003,
   0x0003,0x0003,0x0003,0x0003,0x0003,0x0003,0x0003,0x0003,0x0003,0x0003,0x0003,0x0003,0x0003,0x0002,0x0003,0x0003,
   0x0003,0x0005,0x0005,0x0005,0x0005,0x0025,0x0004,0x28C7,0xDC1A,0xFC1D,0xFD3F,0x72AE,0x0000,0x0000,0x0000,0x0000,
   0x0000,0x0000,0x0000,0x0000,0x1925,0x6E3B,0x66BF,0x7EFF,0x3B10,0x0003,0x0025,0x0025,0x0004,0x0885,0x63B0,0x7C94,
   0x7473,0x7C94,0x7CB4,0x84B4,0x8D15,0x6BF1,0x0865,0x0004,0x0025,0x0005,0x0005,0x0005,0x0005,0x0005,0x0005,0x0005,
   0x0004,0x0886,0x8CD5,0xA5D8,0x9D98,0x9DB8,0x9DD8,0x95B8,0xA639,0x7474,0x0003,0x6BD1,0xB65A,0xA619,0xAE19,0xAE39,
   0xA639,0xB67B,0x8CF5,0x0845,0x0004,0x0003,0x2968,0xAE19,0xB6BB,0xB69B,0xB6BB,0xB6BB,0xB6BB,0xB6DB,0xB6DB,0xBEDB,
   0xBEFB,0xBEFC,0xBEFC,0xBEFC,0xBEFC,0xBEFC,0xAE9B,0x9DD8,0x7C53,0x3A0B,0x0024,0x0003,0x0025,0x0005,0x0005,0x0025,
   0x0003,0x31CA,0xBEDC,0xC75D,0xC73D,0xC75D,0xC75D,0xC75D,0xC75D,0xC75D,0xC77D,0xC77D,0xC77D,0xC77D,0xC77D,0xC77E,
   0xC77E,0xC77E,0xC77E,0xC77E,0xC77E,0xDFDF,0x7C53,0x0003,0x0025,0x0025,0x0003,0x0885,0x7432,0xBEDC,0xCFBF,0xCFFF,
   0xC7FF,0xC7DF,0xBFDF,0xBFDF,0xBFDF,0xBFDF,0xBFDF,0xBFDF,0xC7DF,0xC7DF,0xCFFF,0xD7FF,0xCF5D,0x8D36,0x2128,0x0003,
   0x0025,0x0005,0x0005,0x0005,0x0005,0x0005,0x0005,0x0005,0x0005,0x0005,0x0005,0x0005,0x0005,0x0005,0x0025,0x0003,
   0x0024,0x4AAD,0x9D97,0xBEFC,0xCF9E,0xCFDF,0xCFDF,0xCFDF,0xCFDF,0xCFDF,0xCFDF,0xCFDF,0xCFDF,0xCFBF,0xCFBF,0xCFBE,
   0xC79E,0xDFDF,0x8473,0x0003,0x0005,0x0025,0x0005,0x0024,0x0024,0x0005,0x0005,0x0005,0x0005,0x0005,0x0003,0x6390,
   0xDF7E,0xC73D,0xC73D,0xBF3D,0xBF3D,0xBF1C,0xCF7D,0x8CF5,0x0044,0x0004,0x0025,0x0005,0x0025,0x0025,0x0024,0x0024,
   0x0025,0x0004,0x0865,0x9515,0xC71C,0xB6BB,0xBEDB,0xBEDB,0xBEBB,0xBEFC,0x9DB8,0x10A6,0x0004,0x0025,0x0024,0x0025,
   0x0024,0x0024,0x0024,0x0024,0x0024,0x0004,0x0005,0x0004,0x10C6,0x9536,0xAE39,0xA5D8,0xA5D8,0xA5D8,0x9DB8,0xA619,
   0x6BF2,0x0004,0x0005,0x0003,0x424C,0x9DD8,0x9577,0x9577,0x9557,0x9557,0x8D36,0x8D36,0x8D16,0x8D15,0x8CF5,0x8CF5,
   0x84F5,0x84D4,0x84D4,0x84D4,0x84B4,0x84B4,0x8493,0x84B4,0x6BD1,0x0845,0x0004,0x0025,0x0005,0x0025,0x0003,0x59AC,
   0xFC7D,0xFC3E,0xED1C,0x3946,0x0000,0x0000,0x0000,0x0000,0x0000,0x0000,0x0000,0x0000,0x0000,0x5CD4,0x76FF,0x6EDF,
   0x5495,0x0004,0x0004,0x0025,0x0004,0x0024,0x8D36,0xDFFF,0xC7DF,0xC7FF,0xC7FF,0xBFFF,0xCFFF,0xCF9E,0x2168,0x0003,
   0x0025,0x0005,0x0005,0x0005,0x0005,0x0005,0x0005,0x0025,0x0003,0x424B,0xDFDF,0xCFFF,0xBFDF,0xBFDF,0xBFBF,0xB7BF,
   0xD7FF,0x7453,0x0000,0x8D36,0xD7FF,0xB79F,0xB7BF,0xB7BF,0xB77E,0xCFFF,0xAE5A,0x0845,0x0004,0x0003,0x31C9,0xC79E,
   0xBFDF,0xAF5E,0xAF7E,0xAF7E,0xAF7E,0xAF7E,0xAF7E,0xAF7E,0xAF5E,0xAF5E,0xAF5E,0xAF5E,0xA75E,0xAF5E,0xAF9E,0xBFDF,
   0xCFFF,0xD7BF,0x9D97,0x2169,0x0003,0x0025,0x0005,0x0025,0x0003,0x31EA,0xCF9E,0xB79E,0xA73D,0xA73D,0xA73D,0xA73E,
   0xA73D,0x9F3D,0x9F3D,0x9F3D,0x9F3D,0x9F3D,0x9F3D,0x9F3D,0x9F3D,0x9F3D,0x9F3D,0x9F3D,0x9F1D,0xCFFF,0x7473,0x0003,
   0x0025,0x0003,0x10C6,0xA5F8,0xDFFF,0xAF7E,0x9F1D,0x8EFD,0x8EDC,0x8EDC,0x8EDD,0x8EDD,0x8EDD,0x8EDD,0x8EDD,0x8EDD,
   0x8EDD,0x8EDD,0x96DD,0x971D,0xA75E,0xC7FF,0xBEFC,0x31EA,0x0003,0x0025,0x0005,0x0005,0x0005,0x0005,0x0005,0x0005,
   0x0005,0x0005,0x0005,0x0005,0x0005,0x0025,0x0003,0x10A6,0x8D16,0xD7FF,0xC7DF,0xAF7E,0xA73D,0x9F1D,0x971D,0x971D,
   0x971D,0x971D,0x971D,0x971D,0x971D,0x9F1D,0x9F3D,0x9F1D,0x971D,0xCFFF,0x84B4,0x0003,0x0005,0x0025,0x0005,0x0005,
   0x0004,0x0005,0x0005,0x0005,0x0025,0x0004,0x0024,0xAE1A,0xCFFF,0xA73D,0xA75D,0xA75D,0xA75E,0xA73D,0xBFBF,0xC77E,
   0x2148,0x0003,0x0025,0x0005,0x0005,0x0005,0x0005,0x0024,0x0025,0x0004,0x0865,0xA5F9,0xCFFF,0xAF5E,0xB77E,0xB77E,
   0xAF7E,0xAF7E,0xD7FF,0x5B50,0x0002,0x0025,0x0025,0x0005,0x0005,0x0005,0x0025,0x0024,0x0024,0x0005,0x0025,0x0002,
   0x5B4F,0xDFFF,0xBFBF,0xBFBF,0xBFDF,0xBFDF,0xBFBF,0xD7FF,0x9598,0x0003,0x0005,0x0002,0x5B6F,0xDFFF,0xC7FF,0xC7FF,
   0xC7FF,0xC7DF,0xC7FF,0xC7FF,0xC7FF,0xC7FF,0xC7FF,0xC7FF,0xC7FF,0xC7FF,0xC7FF,0xC7FF,0xC7FF,0xC7FF,0xC7FF,0xDFFF,
   0xBEDC,0x0885,0x0004,0x0025,0x0005,0x0005,0x0004,0x92B3,0xFC5E,0xFC9F,0xC498,0x0000,0x0000,0x0000,0x0000,0x0000,
   0x0000,0x0000,0x0000,0x0000,0x0000,0x434E,0x76DF,0x667E,0x6DDA,0x10E7,0x0003,0x0025,0x0025,0x0002,0x4AEE,0xC7DF,
   0x9EFD,0x96DC,0x96DC,0x8EDC,0x96DC,0xC7DF,0x532F,0x0002,0x0025,0x0005,0x0005,0x0005,0x0005,0x0005,0x0005,0x0025,
   0x0002,0x7453,0xC7FF,0x8EBC,0x8EDC,0x8EDC,0x8EBC,0xA71D,0xBF5E,0x29A9,0x0001,0x7CD5,0xB7DF,0x8EBC,0x8EDC,0x96DC,
   0x8E9C,0xB79E,0x9DF9,0x0045,0x0004,0x0003,0x29A9,0xB73D,0xA73D,0x8EBC,0x96DD,0x8EDD,0x8EDD,0x96DD,0x8EDD,0x8EDD,
   0x8EDD,0x8EDD,0x8EDD,0x8EDD,0x8EDC,0x96DC,0x8EDC,0x96DC,0x96DD,0xA73D,0xC7FF,0xBF1D,0x31EA,0x0003,0x0025,0x0025,
   0x0003,0x31CA,0xC75E,0xA73D,0x8EDC,0x96FD,0x8EFC,0x8EDD,0x8EDD,0x8EFD,0x96FD,0x96DD,0x96DD,0x96DD,0x96DD,0x96DD,
   0x96FD,0x8EFD,0x96FD,0x8EFD,0x8EDC,0xBFDF,0x6C33,0x0003,0x0005,0x0024,0x9536,0xDFFF,0x9EFD,0x8EDD,0x96FD,0x96FD,
   0x96FD,0x96FD,0x96FD,0x96FD,0x96FD,0x96FD,0x96FD,0x96FD,0x971D,0x971D,0x96FD,0x96FD,0x8EDD,0x8EDC,0xC7FF,0xB6BB,
   0x18E7,0x0003,0x0025,0x0005,0x0005,0x0005,0x0005,0x0005,0x0005,0x0005,0x0005,0x0005,0x0025,0x0004,0x0865,0x9597,
   0xD7FF,0xA71D,0x8EDC,0x8EFD,0x96FD,0x96FD,0x96FD,0x96FD,0x96FD,0x96FD,0x8EFD,0x96FD,0x8EFD,0x96FD,0x96FD,0x96FD,
   0x8EDD,0xC7DF,0x7C94,0x0003,0x0005,0x0025,0x0005,0x0005,0x0005,0x0005,0x0005,0x0005,0x0025,0x0003,0x31CA,0xC77E,
   0xA73E,0x8EDC,0x96FD,0x96DD,0x96DD,0x8EDC,0x96FC,0xCFFF,0x5B70,0x0003,0x0025,0x0025,0x0005,0x0005,0x0005,0x0024,
   0x0025,0x0004,0x0845,0x9DD8,0xB7BF,0x8EBC,0x96DD,0x8EDD,0x8EDD,0x86BC,0xB7BF,0xA63A,0x0885,0x0004,0x0025,0x0005,
   0x0005,0x0005,0x0005,0x0005,0x0005,0x0025,0x0004,0x0884,0xA619,0xBFBF,0x8EBC,0x96DC,0x96DC,0x96DC,0x8EBC,0xB7BF,
   0x8D36,0x0003,0x0005,0x0002,0x532E,0xC7DF,0x96DC,0x8EDC,0x96DC,0x96DC,0x96DC,0x96DC,0x96DC,0x96DC,0x8EDC,0x8EDC,
   0x8EDC,0x8EDC,0x8EDD,0x8EDD,0x8EDD,0x96DD,0x8EBC,0xAF9E,0xAE7A,0x0885,0x0004,0x0025,0x0005,0x0004,0x1065,0xCBB8,
   0xFBFD,0xFCFF,0x9331,0x0000,0x0000,0x0000,0x0000,0x0000,0x0000,0x0000,0x0000,0x0000,0x0000,0x1966,0x6E3C,0x5E5E,
   0x6E7E,0x2A0C,0x0003,0x0025,0x0025,0x0003,0x2148,0xB6FC,0xAF7E,0x96DC,0x96FD,0x96FD,0x96DC,0xBFDF,0x8516,0x0003,
   0x0005,0x0025,0x0005,0x0005,0x0005,0x0005,0x0025,0x0004,0x0865,0xA5F9,0xBFBF,0x8EDC,0x96FD,0x96FD,0x96DC,0xB7BF,
   0xA63A,0x0045,0x0002,0x84F5,0xBFFF,0x96DC,0x9EFD,0x9EFD,0x96DC,0xB7BF,0x9DF9,0x0845,0x0004,0x0003,0x29A9,0xBF5D,
   0xA75E,0x96FD,0x9F1D,0x96FD,0x96FD,0x96FD,0x96FD,0x96FD,0x96FD,0x96FD,0x96FD,0x96FD,0x96FD,0x96FD,0x9EFD,0x96FD,
   0x96FD,0x96DD,0x8EDC,0xBFDF,0xAE9B,0x18E6,0x0004,0x0025,0x0003,0x31EA,0xBF7E,0xA75E,0x96FD,0x9F1D,0x9EFD,0x9EFD,
   0x96FD,0x96FD,0x96FD,0x96FD,0x96DD,0x96FD,0x96FD,0x96FD,0x96FD,0x96FD,0x96FD,0x96DD,0x8EDC,0xB7DF,0x6C33,0x0003,
   0x0003,0x426C,0xCFDF,0xA71D,0x96FD,0x9F1D,0x971D,0x971D,0x96FD,0x96FD,0x96FD,0x96FD,0x96FD,0x96FD,0x96FD,0x96FD,
   0x96FD,0x96FD,0x971D,0x971D,0x9F1D,0x96FD,0x96FC,0xCFFF,0x6BD1,0x0003,0x0025,0x0005,0x0005,0x0005,0x0025,0x0005,
   0x0005,0x0005,0x0005,0x0025,0x0025,0x0003,0x63B1,0xD7FF,0x9EFD,0x96FD,0x971D,0x9F1D,0x9F1D,0x971D,0x96FC,0x96DC,
   0x96DD,0x8EDD,0x96DD,0x96FD,0x96FD,0x96FD,0x96FD,0x96FD,0x8EDC,0xBFDF,0x7C94,0x0003,0x0005,0x0025,0x0005,0x0005,
   0x0005,0x0005,0x0005,0x0005,0x0025,0x0002,0x6C12,0xC7FF,0x96FD,0x96FD,0x9F1D,0x9F1D,0x9EFD,0x9F1D,0x96DD,0xBFBF,
   0x95B8,0x0024,0x0004,0x0025,0x0005,0x0005,0x0005,0x0005,0x0025,0x0004,0x0845,0x9DD8,0xBFDF,0x96DD,0x9F1D,0x9F1D,
   0x9F1D,0x971D,0x9F3D,0xCFFF,0x4AEE,0x0002,0x0025,0x0005,0x0005,0x0005,0x0024,0x0005,0x0005,0x0025,0x0003,0x4A8D,
   0xCFFF,0xA71D,0x96FD,0x9F1D,0x9F1D,0x96FD,0x96DC,0xBFDF,0x8D57,0x0003,0x0025,0x0002,0x5B2F,0xC7DF,0x96FD,0x96FD,
   0x96FD,0x96FD,0x96FD,0x96FD,0x971D,0x96FD,0x96FD,0x96FD,0x96FD,0x96FD,0x96FD,0x96FD,0x96FD,0x96FD,0x8EDC,0xAF9F,
   0xAE7A,0x0865,0x0004,0x0025,0x0005,0x0003,0x392A,0xF43C,0xFBDD,0xF51E,0x4187,0x0000,0x0000,0x0020,0x0000,0x0000,
   0x0000,0x0000,0x0000,0x0000,0x0000,0x0000,0x6578,0x667E,0x6E9F,0x43B2,0x0003,0x0025,0x0025,0x0004,0x0004,0x8D78,
   0xB7BF,0x96DC,0x971D,0x9F1D,0x96DC,0xAF9F,0xA67B,0x10A6,0x0004,0x0025,0x0005,0x0005,0x0005,0x0005,0x0025,0x0003,
   0x31CA,0xBF5E,0xAF5E,0x96FD,0x971D,0x96FD,0x96FD,0xBFDF,0x63F2,0x0003,0x0003,0x7CD5,0xBFDF,0x96FD,0x96FD,0x9F1D,
   0x96DC,0xB7BF,0x9DF9,0x0845,0x0004,0x0003,0x29A9,0xBF3D,0xA75E,0x96FD,0x9F1D,0x9F1D,0x9F1D,0x9F1D,0x96FD,0x96FD,
   0x9EFD,0x9EFD,0x9F1D,0x9F1D,0x96FD,0x96FD,0x96FD,0x971D,0x9F1D,0x9F1D,0x96FD,0x96FC,0xCFFF,0x6C32,0x0003,0x0025,
   0x0003,0x31CA,0xBF5E,0xA75E,0x96FD,0x9F1D,0x9F1D,0x9EFD,0x9F1D,0xA73E,0xA75E,0xA75E,0xA75E,0xA75E,0xA75E,0xA75E,
   0xA75E,0xA75E,0xA75E,0xA75E,0xA75E,0xC7FF,0x6C53,0x0002,0x0023,0x84F5,0xBFDF,0x96FC,0x9F1D,0x9F1D,0x9F1D,0x9EFD,
   0xA73D,0xBFDF,0xC7DF,0xBFDF,0xBFDF,0xBFDF,0xBFDF,0xBFDF,0xBFDF,0xA75E,0x971D,0x9F1D,0x9F1D,0x9F1D,0x96FD,0xB7BF,
   0xA619,0x0885,0x0004,0x0025,0x0005,0x0005,0x0005,0x0005,0x0005,0x0005,0x0005,0x0025,0x0004,0x10C6,0xAEBC,0xB79F,
   0x9EFD,0x9F3D,0x9F1D,0x9F1D,0x9F1D,0x9F1D,0xA75E,0xAF9F,0xAF9F,0xAF7F,0xAF9F,0xAF9F,0xAF7F,0xAF7E,0xAF7E,0xAF7E,
   0xA75E,0xC7FF,0x7CB4,0x0003,0x0005,0x0025,0x0005,0x0005,0x0005,0x0005,0x0005,0x0025,0x0004,0x0865,0xA619,0xBFBF,
   0x96DC,0x9F1D,0x9F1D,0x9F1D,0x9F1D,0x9F1D,0x96FD,0xA75E,0xBF3D,0x29A9,0x0003,0x0025,0x0005,0x0005,0x0005,0x0005,
   0x0025,0x0004,0x0845,0x95B8,0xBFDF,0x96FD,0x9F1D,0x9F1D,0x9F1D,0x9F1D,0x96FC,0xBFDF,0x95D9,0x0864,0x0004,0x0025,
   0x0005,0x0005,0x0005,0x0005,0x0025,0x0004,0x0024,0x9DB8,0xC7DF,0x9EFD,0x9F1D,0x9F1D,0x9F1D,0x9F1D,0x96FD,0xBFDF,
   0x8D57,0x0003,0x0005,0x0002,0x532F,0xC7DF,0x9F1D,0x971D,0x96FD,0x9F1D,0x971D,0x971D,0x96FD,0x96FD,0x96FD,0x96FD,
   0x96FD,0x96FD,0x96FD,0x96FD,0x96FD,0x96FD,0x8EDD,0xAF9F,0xA65A,0x0865,0x0004,0x0025,0x0025,0x0003,0x7A50,0xFC5D,
   0xFC1E,0xE4FC,0x18A3,0x0000,0x0000,0x0000,0x0000,0x0000,0x0000,0x0000,0x0000,0x0000,0x0000,0x0000,0x4BF1,0x6EBF,
   0x667E,0x6538,0x0865,0x0004,0x0025,0x0025,0x0002,0x5B91,0xB7DF,0x9F1D,0x9F1D,0x9F1D,0x971D,0xA73D,0xBF7E,0x3A4B,
   0x0003,0x0025,0x0005,0x0005,0x0005,0x0005,0x0025,0x0002,0x5B70,0xC7FF,0x9EFD,0x9F1D,0x9F1D,0x9EFD,0x9F3D,0xB75E,
   0x29CA,0x0003,0x0003,0x7CD5,0xBFDF,0x9EFD,0x9F1D,0x9F1D,0x96FD,0xB7BF,0x95F9,0x0845,0x0004,0x0003,0x29A9,0xB73D,
   0xAF5E,0x9EFD,0x9F1D,0x9F1D,0x9F1D,0xA75E,0xB79F,0xBFBF,0xBFBF,0xBFBF,0xBFBF,0xBFBF,0xBFBF,0xB7DF,0xA75E,0x9F1D,
   0x9F1E,0x9F1E,0x9F1D,0x9EFD,0xB79F,0xAE9B,0x10A6,0x0004,0x0003,0x31C9,0xB73E,0xA75E,0x9EFD,0x9F1D,0x9F1D,0xA73E,
   0xB77E,0xB73D,0xB71D,0xAF1D,0xAF1D,0xAEFD,0xAEFD,0xAEFD,0xAEFD,0xAEDD,0xAEDD,0xAEDC,0xAEBC,0xB73D,0x63D2,0x0002,
   0x1085,0x9E5B,0xAF9F,0x9EFD,0x9F1D,0x9F1D,0x9F1D,0xAF3E,0xC79F,0x8D57,0x63B1,0x63B1,0x63B1,0x5B91,0x5BB1,0x5B91,
   0x7C94,0xB73E,0xAF7E,0x9F1D,0x9F1D,0xA71E,0x9F1D,0xAF5E,0xB73E,0x2148,0x0003,0x0025,0x0025,0x0005,0x0005,0x0005,
   0x0005,0x0005,0x0005,0x0025,0x0003,0x3A4C,0xC7BF,0xA73D,0x9F1D,0x9F1D,0xA71D,0x9F1D,0xA73D,0xBFBF,0xB6FD,0xA65A,
   0xA65A,0xA67B,0xA67B,0xA67B,0xA69B,0xAEBC,0xAEBC,0xAEDC,0xAEBC,0xBF3E,0x6C12,0x0003,0x0005,0x0025,0x0005,0x0005,
   0x0005,0x0005,0x0005,0x0025,0x0003,0x3A0B,0xC77E,0xAF5E,0x9EFD,0x9F1D,0x9F1D,0x9F1D,0x9F1D,0x9F1D,0x9F1D,0x9F1D,
   0xC7DF,0x63D1,0x0002,0x0025,0x0005,0x0005,0x0005,0x0005,0x0025,0x0004,0x0845,0x95B8,0xB7DF,0x9EFD,0x9F1D,0x9F1D,
   0x9F1D,0x9F1D,0x9F1D,0xA73E,0xBFBF,0x3A6C,0x0002,0x0025,0x0005,0x0005,0x0025,0x0005,0x0025,0x0003,0x320B,0xC79E,
   0xAF5E,0x9F1D,0x9F1D,0x9F1D,0x9F1D,0x9F1D,0x9EFD,0xBFDF,0x8536,0x0003,0x0005,0x0002,0x532F,0xC7DF,0x9F1D,0x9F1D,
   0x9F1D,0x9F1E,0x9F1D,0x9F1D,0xA73E,0xA73E,0x9F3E,0xA73E,0x9F1D,0x9F1D,0x9F1D,0x9F1D,0x9F1D,0x9F1D,0x96DD,0xAF9F,
   0xA65A,0x0865,0x0004,0x0025,0x0004,0x0004,0xBB56,0xFC1D,0xFC9F,0xAB94,0x0020,0x0000,0x0000,0x0000,0x0000,0x0000,
   0x0000,0x0000,0x0000,0x0000,0x0000,0x0000,0x21E8,0x76BE,0x5E3E,0x765D,0x1949,0x0003,0x0025,0x0025,0x0003,0x29AA,
   0xB73E,0xA75E,0x9F1D,0x9F1D,0x9F1D,0x9F1D,0xBFDF,0x63F2,0x0002,0x0025,0x0005,0x0005,0x0005,0x0025,0x0004,0x0844,
   0x8557,0xBFDF,0x9EFD,0x9F1D,0xA71D,0x9EFD,0xAF9F,0x95F9,0x1085,0x0004,0x0003,0x7CB5,0xB7DF,0x9F1D,0x9F1D,0x9F1D,
   0x9EFD,0xAFBF,0x95D9,0x0845,0x0004,0x0003,0x29A9,0xAF1D,0xAF5E,0x9F1D,0xA71D,0x9F1D,0xA73E,0xB79F,0x74B4,0x4ACD,
   0x4B0F,0x4AEE,0x4ACE,0x4ACE,0x4ACE,0x6C73,0xAF1E,0xAF5F,0x9F1D,0xA71D,0xA73D,0x9F1D,0xAF5E,0xBF5E,0x320B,0x0003,
   0x0003,0x29C9,0xAF1D,0xAF5E,0x9F1D,0xA71D,0x9F1D,0xAF7E,0xAEFD,0x3A4B,0x2147,0x2169,0x2168,0x2148,0x2148,0x2148,
   0x2148,0x2148,0x2148,0x2127,0x2127,0x2148,0x10C6,0x0003,0x1908,0xAEDD,0xA77F,0x9F1D,0xA73D,0x9F1D,0x9F1D,0xB7BF,
   0x74B4,0x0003,0x0002,0x0003,0x0002,0x0002,0x0003,0x0003,0x0002,0x5B70,0xBF9F,0xA73D,0x9F1D,0xA73D,0x9F3D,0xA73E,
   0xB79F,0x322C,0x0003,0x0025,0x0005,0x0005,0x0005,0x0005,0x0005,0x0005,0x0005,0x0025,0x0002,0x5BB1,0xBFDF,0xA71D,
   0xA71D,0xA73D,0xA71D,0xA73D,0xBFBF,0x7CB5,0x2147,0x18E6,0x18E6,0x18E6,0x18E6,0x18E6,0x1906,0x1907,0x1907,0x2127,
   0x2128,0x2148,0x10C7,0x0004,0x0005,0x0005,0x0005,0x0005,0x0005,0x0005,0x0005,0x0025,0x0003,0x6C13,0xC7DF,0xA71D,
   0xA71D,0xA71D,0xA71D,0xA71D,0xA71D,0xA71D,0xA73D,0x9EFD,0xB7BF,0x95D9,0x0865,0x0004,0x0025,0x0005,0x0005,0x0005,
   0x0025,0x0004,0x0845,0x95B8,0xB7DF,0x9EFD,0xA73D,0xA73D,0xA73D,0xA73D,0xA73D,0x9F1D,0xB7BF,0x8537,0x0024,0x0005,
   0x0025,0x0005,0x0005,0x0025,0x0005,0x0003,0x7CF5,0xBFDF,0x9F1D,0xA73E,0xA73E,0xA73D,0xA73D,0xA71D,0x9F1D,0xBFDF,
   0x8536,0x0003,0x0005,0x0003,0x532F,0xBFBF,0x9F1D,0x9F1D,0x9F1D,0x9F1D,0xA73E,0xAF7E,0xB77E,0xBF7E,0xBF9F,0xBF9F,
   0xBF9F,0xBFBF,0xBFBF,0xBFBF,0xBFBF,0xBFDF,0xBFBF,0xCFFF,0xAEBB,0x0885,0x0004,0x0025,0x0004,0x20A7,0xDC1A,0xFBDD,
   0xFD3F,0x5A2B,0x0000,0x0000,0x0000,0x0000,0x0000,0x0000,0x0000,0x0000,0x0000,0x0000,0x0000,0x0000,0x10C3,0x763B,
   0x663E,0x769E,0x3AEF,0x0003,0x0025,0x0025,0x0004,0x0865,0x95F9,0xB7BF,0x9F1D,0xA73E,0xA73E,0x9EFD,0xB7BF,0x8598,
   0x0044,0x0004,0x0025,0x0005,0x0005,0x0025,0x0003,0x1928,0xAEDD,0xAF7E,0xA71D,0xA73D,0xA73D,0x9F1D,0xB7BF,0x63F2,
   0x0003,0x0005,0x0003,0x74B4,0xB7DF,0x9F1D,0xA73D,0xA73D,0xA71D,0xAFBF,0x8DD9,0x0845,0x0004,0x0003,0x29A9,0xA6FD,
   0xAF7E,0xA71D,0xA73D,0xA73D,0xA75E,0xB79F,0x3A6C,0x0000,0x0003,0x0003,0x0003,0x0003,0x0003,0x0001,0x4AEE,0xBF7F,
   0xAF3E,0xA71D,0xA73D,0xA73D,0xA73D,0xB79F,0x4AEF,0x0003,0x0003,0x29A9,0xAEFD,0xAF7E,0xA71D,0xA73D,0xA71D,0xAF7E,
   0xA6BC,0x10E6,0x0002,0x0003,0x0003,0x0003,0x0003,0x0003,0x0003,0x0003,0x0003,0x0003,0x0003,0x0003,0x0004,0x0003,
   0x2169,0xAF1E,0xAF5E,0xA73D,0xA73D,0xA71D,0xA75E,0xAF5F,0x322B,0x0002,0x0025,0x0025,0x0025,0x0025,0x0025,0x0025,
   0x0003,0x2148,0xAEDD,0xAF7F,0xA73D,0xA73D,0xA73D,0xA73E,0xAF9F,0x42AD,0x0003,0x0025,0x0005,0x0005,0x0005,0x0005,
   0x0005,0x0005,0x0005,0x0005,0x0003,0x6C74,0xB7DF,0xA71D,0xA73E,0xA73E,0xA71D,0xB7BF,0x9E7B,0x10C6,0x0002,0x0004,
   0x0004,0x0004,0x0004,0x0004,0x0004,0x0003,0x0003,0x0003,0x0003,0x0003,0x0004,0x0005,0x0005,0x0005,0x0005,0x0005,
   0x0005,0x0005,0x0025,0x0004,0x10A6,0x961A,0xB79F,0xA71D,0xA73D,0xA73D,0xA73E,0xA71D,0xA71D,0xA73D,0xA73D,0xA71D,
   0xA77E,0xB75E,0x31EB,0x0003,0x0025,0x0005,0x0005,0x0005,0x0025,0x0004,0x0844,0x8D98,0xB7BF,0xA71D,0xA73D,0xA73D,
   0xA73D,0xA73D,0xA73D,0xA71D,0xA75E,0xB75E,0x31EB,0x0003,0x0025,0x0005,0x0005,0x0025,0x0003,0x2189,0xAEFD,0xAF7E,
   0xA71D,0xA73E,0xA73D,0xA73D,0xA73D,0xA73D,0xA71D,0xB7BF,0x7D16,0x0003,0x0005,0x0002,0x530E,0xBFBF,0xA73D,0xA73D,
   0xA73D,0xA71D,0xAF9F,0xA6DC,0x428D,0x3A2B,0x428D,0x42AD,0x4ACE,0x4AEE,0x532F,0x5370,0x5B91,0x63B1,0x63D1,0x6C12,
   0x5B50,0x0845,0x0004,0x0025,0x0003,0x59CC,0xFC3C,0xFBFD,0xF4FE,0x3946,0x0000,0x0020,0x0000,0x0000,0x0000,0x0000,
   0x0000,0x0000,0x0000,0x0000,0x0000,0x0000,0x0000,0x5473,0x6E9E,0x6E7E,0x5C96,0x0003,0x0005,0x0025,0x0025,0x0003,
   0x63F2,0xB7DF,0xA73D,0xA73E,0xA73E,0xA71D,0xAF7F,0xA6DD,0x2168,0x0003,0x0025,0x0005,0x0025,0x0025,0x0002,0x42AE,
   0xB79F,0xA73D,0xA73D,0xA73E,0xA73D,0xA75E,0xAF3E,0x320B,0x0002,0x0025,0x0003,0x7494,0xB7DF,0xA73D,0xA73D,0xA73D,
   0xA71D,0xAFBF,0x85B8,0x0844,0x0004,0x0003,0x29A9,0xA6FD,0xAF7F,0xAF3E,0xAF3E,0xAF3E,0xAF5E,0xB77F,0x42CD,0x0003,
   0x0025,0x0025,0x0025,0x0025,0x0025,0x0003,0x0885,0x9E5B,0xB79F,0xA73D,0xA73E,0xA73D,0xA73E,0xB7BF,0x5391,0x0003,
   0x0003,0x29C9,0xA6FD,0xAF7E,0xA73D,0xAF3E,0xA73D,0xAF7F,0xA6BC,0x1948,0x0004,0x0046,0x0025,0x0025,0x0025,0x0025,
   0x0025,0x0025,0x0025,0x0025,0x0025,0x0025,0x0025,0x0003,0x2169,0xA71E,0xAF5E,0xA73D,0xA75E,0xA73D,0xAF7E,0xA71E,
   0x29EA,0x0003,0x0025,0x0005,0x0005,0x0005,0x0005,0x0025,0x0003,0x1928,0x9E9C,0xAF9F,0xA73D,0xAF3E,0xAF3E,0xA75E,
   0xAF9F,0x42CE,0x0003,0x0025,0x0005,0x0005,0x0005,0x0005,0x0005,0x0005,0x0005,0x0005,0x0003,0x74B5,0xB7BF,0xAF3E,
   0xAF5E,0xAF5E,0xA73D,0xB7DF,0x7D17,0x0003,0x0025,0x0025,0x0025,0x0025,0x0025,0x0025,0x0025,0x0025,0x0025,0x0025,
   0x0025,0x0025,0x0025,0x0025,0x0025,0x0005,0x0005,0x0005,0x0005,0x0005,0x0025,0x0003,0x320B,0xAF5F,0xA75E,0xAF3D,
   0xAF3E,0xAF3E,0xA73E,0x9F3E,0xA73E,0xAF5E,0xAF3E,0xAF3E,0xA73D,0xB7BF,0x5BD2,0x0003,0x0005,0x0005,0x0005,0x0005,
   0x0025,0x0004,0x0865,0x8598,0xB7BF,0xA73E,0xAF3E,0xAF3E,0xAF3E,0xAF3E,0xAF3E,0xAF3E,0xA73E,0xBFBF,0x7CF6,0x0003,
   0x0004,0x0005,0x0005,0x0025,0x0003,0x6412,0xB7BF,0xA73E,0xAF3E,0xAF3E,0xAF3E,0xAF3E,0xAF3E,0xAF3E,0xA73E,0xB7BF,
   0x7D16,0x0003,0x0005,0x0002,0x4B0E,0xB7BF,0xA73E,0xA73E,0xA73E,0xA73D,0xB7BF,0x9E5B,0x0884,0x0002,0x0003,0x0003,
   0x0003,0x0002,0x0002,0x0003,0x0003,0x0003,0x0003,0x0002,0x0003,0x0005,0x0025,0x0025,0x0003,0x92D2,0xFC1D,0xFC5E,
   0xB3F6,0x1041,0x0000,0x0000,0x0000,0x0000,0x0000,0x0000,0x0000,0x0000,0x0000,0x0000,0x0000,0x0000,0x0000,0x32AB,
   0x7EDF,0x661D,0x6DDB,0x10E7,0x0004,0x0025,0x0025,0x0003,0x320B,0xAF5E,0xA75E,0xAF3D,0xA73E,0xA73E,0xA73E,0xAF7F,
   0x42AE,0x0003,0x0025,0x0005,0x0025,0x0005,0x0003,0x6C95,0xAFBF,0xA73D,0xAF3E,0xAF3E,0xA73D,0xAFBF,0x8DFA,0x10A6,
   0x0004,0x0005,0x0003,0x6C94,0xAFBF,0xAF3E,0xAF5E,0xAF5E,0xA73D,0xAF9F,0x85B8,0x0845,0x0004,0x0003,0x29A9,0x9EDD,
   0xAF9F,0xAF3E,0xAF5E,0xAF5E,0xAF5E,0xAF5F,0x42AE,0x0002,0x0025,0x0005,0x0005,0x0005,0x0025,0x0004,0x0865,0x8DDA,
   0xAF9F,0xAF3E,0xAF3E,0xAF3E,0xAF3E,0xB79F,0x5BD2,0x0003,0x0003,0x29AA,0xA6DD,0xAF7F,0xAF5E,0xAF5E,0xAF5E,0xAF7F,
   0x9E9C,0x10E6,0x0002,0x0004,0x0003,0x0003,0x0003,0x0003,0x0003,0x0003,0x0003,0x0004,0x0005,0x0005,0x0025,0x0003,
   0x2169,0xA6FE,0xAF7E,0xAF5E,0xAF5E,0xAF5D,0xAF7E,0xA6FE,0x29CA,0x0003,0x0025,0x0005,0x0005,0x0005,0x0005,0x0025,
   0x0003,0x1928,0x967C,0xAFBF,0xAF5E,0xAF5E,0xAF5E,0xAF5E,0xA79F,0x3AAE,0x0003,0x0025,0x0005,0x0005,0x0005,0x0005,
   0x0005,0x0005,0x0005,0x0005,0x0003,0x7495,0xB7BF,0xAF5E,0xB75E,0xAF5E,0xAF5E,0xB7BF,0x74F6,0x0004,0x0004,0x0005,
   0x0005,0x0004,0x0004,0x0004,0x0004,0x0004,0x0004,0x0004,0x0004,0x0004,0x0004,0x0004,0x0004,0x0005,0x0005,0x0005,
   0x0005,0x0025,0x0005,0x0003,0x6453,0xAFBF,0xAF3E,0xAF5E,0xAF5E,0xAF5E,0xA71D,0x8E1A,0x9EDD,0xB77E,0xAF5E,0xAF5E,
   0xAF3E,0xAF9F,0x8DFA,0x08A5,0x0004,0x0025,0x0005,0x0005,0x0025,0x0004,0x0845,0x8578,0xB7BF,0xAF3E,0xAF5E,0xAF5E,
   0xAF5E,0xAF5E,0xAF5E,0xAF5E,0xAF5E,0xB77E,0xAEFD,0x29AA,0x0003,0x0025,0x0025,0x0003,0x1907,0x9E7B,0xAF9F,0xAF3E,
   0xAF5E,0xAF5E,0xAF5E,0xAF5E,0xAF5E,0xAF5E,0xAF3D,0xB7BF,0x74F6,0x0003,0x0005,0x0003,0x4B0E,0xB79F,0xAF5E,0xAF5E,
   0xAF5E,0xAF3E,0xAF9F,0x9E7B,0x10C6,0x0004,0x0025,0x0025,0x0025,0x0025,0x0005,0x0025,0x0025,0x0005,0x0025,0x0025,
   0x0025,0x0005,0x0025,0x0004,0x1886,0xCBB8,0xFBDC,0xFCFF,0x8310,0x0000,0x0000,0x0000,0x0000,0x0000,0x0000,0x0000,
   0x0000,0x0000,0x0000,0x0000,0x0000,0x0000,0x0000,0x1966,0x763C,0x661E,0x767E,0x326D,0x0003,0x0025,0x0025,0x0004,
   0x10C6,0x8E1A,0xAF9F,0xAF3E,0xAF5E,0xAF5E,0xAF3E,0xAFBF,0x6475,0x0004,0x0004,0x0025,0x0005,0x0004,0x10A6,0x8E1B,
   0xAF7F,0xAF3E,0xAF5E,0xAF5E,0xAF5E,0xAF9F,0x6433,0x0003,0x0005,0x0005,0x0003,0x6C74,0xAFBF,0xAF5E,0xAF5E,0xAF5E,
   0xAF5E,0xAF9F,0x8599,0x0845,0x0004,0x0003,0x29A9,0x9EBD,0xAF7F,0xAF5E,0xAF5E,0xAF5E,0xAF5E,0xA75F,0x3AAD,0x0002,
   0x0025,0x0005,0x0005,0x0005,0x0005,0x0004,0x0865,0x85B9,0xAF9F,0xAF3E,0xAF5E,0xAF5E,0xAF5E,0xAF9F,0x5BD2,0x0003,
   0x0003,0x29CA,0x9EDD,0xB77F,0xB75E,0xAF5E,0xAF5E,0xAF7F,0x969C,0x322B,0x1907,0x1949,0x1949,0x2149,0x2169,0x2169,
   0x2189,0x2189,0x21AA,0x1928,0x0004,0x0005,0x0025,0x0003,0x2169,0x9EFE,0xAF7E,0xAF5E,0xAF5E,0xAF5E,0xAF7F,0x9EDE,
   0x29CA,0x0003,0x0025,0x0005,0x0005,0x0005,0x0005,0x0025,0x0003,0x1928,0x967C,0xAFBF,0xAF5E,0xAF5E,0xB75E,0xAF7E,
   0xA77F,0x3AAE,0x0003,0x0025,0x0005,0x0005,0x0005,0x0005,0x0005,0x0005,0x0005,0x0005,0x0003,0x6C95,0xAFBF,0xAF5E,
   0xB75E,0xB77E,0xAF5E,0xB7BF,0x74D6,0x0004,0x0004,0x0005,0x0005,0x0025,0x0845,0x0845,0x0844,0x0044,0x0024,0x0024,
   0x0024,0x0024,0x0024,0x0004,0x0004,0x0005,0x0005,0x0005,0x0005,0x0025,0x0004,0x10A7,0x965B,0xAF7F,0xAF5E,0xAF5E,
   0xAF5E,0xAF7F,0x9EBC,0x42AE,0x8DD9,0xB7BF,0xB75E,0xAF5E,0xB75E,0xAF5E,0xA73F,0x2A0C,0x0003,0x0025,0x0005,0x0005,
   0x0025,0x0004,0x0845,0x7D58,0xAFBF,0xAF5E,0xB75E,0xB77E,0xB75E,0xB75E,0xB75E,0xB77E,0xB77E,0xAF5E,0xAF9F,0x6434,
   0x0003,0x0024,0x0025,0x0003,0x5370,0xB79F,0xAF5E,0xB75E,0xAF5E,0xB75E,0xB75E,0xAF5E,0xAF5E,0xAF5E,0xAF5E,0xAFBF,
   0x74F6,0x0003,0x0005,0x0003,0x4AEF,0xAF9F,0xAF5E,0xAF5E,0xAF5E,0xAF5E,0xB79F,0x965B,0x10C6,0x0004,0x0025,0x0025,
   0x0025,0x0025,0x0025,0x0025,0x0025,0x0025,0x0025,0x0005,0x0005,0x0005,0x0025,0x0003,0x412A,0xF41B,0xFBDC,0xFCFE,
   0x51E9,0x0000,0x0000,0x0000,0x0000,0x0000,0x0000,0x0000,0x0000,0x0000,0x0000,0x0000,0x0000,0x0000,0x0000,0x0000,
   0x54B5,0x6E7F,0x6E5E,0x4BD3,0x0003,0x0004,0x0025,0x0004,0x0003,0x6434,0xAFBF,0xAF5E,0xAF5E,0xAF5E,0xAF5E,0xAF9F,
   0x85FA,0x10A6,0x0004,0x0025,0x0025,0x0003,0x322C,0xA71E,0xAF7E,0xAF5E,0xAF5E,0xB75E,0xAF5E,0x9EFE,0x320B,0x0003,
   0x0025,0x0005,0x0003,0x6474,0xAF9F,0xAF5E,0xB75E,0xB75E,0xB75E,0xAF9F,0x7D78,0x0845,0x0004,0x0003,0x2189,0x96BD,
   0xB79F,0xB75E,0xB75E,0xB77E,0xAF7E,0xA75F,0x3A8D,0x0002,0x0025,0x0005,0x0005,0x0005,0x0005,0x0004,0x0865,0x7D99,
   0xAF9F,0xB75E,0xB77E,0xB75E,0xAF5E,0xAF9F,0x5BD2,0x0003,0x0003,0x29A9,0x9EBD,0xB79F,0xB77E,0xB77E,0xB77E,0xA73E,
   0x96DD,0x969C,0x969C,0x969D,0x969D,0x96BD,0x9EBD,0x9EDD,0x9EDD,0x96BD,0x9F5F,0x74F7,0x0004,0x0004,0x0025,0x0003,
   0x2169,0x9EFE,0xAF7F,0xB75E,0xAF5E,0xAF5E,0xAF7F,0x9EDD,0x29CA,0x0003,0x0025,0x0005,0x0005,0x0005,0x0005,0x0025,
   0x0003,0x1928,0x8E7B,0xAFBF,0xB75E,0xAF7E,0xB77E,0xAF7E,0xA75F,0x3AAD,0x0003,0x0025,0x0005,0x0005,0x0005,0x0005,
   0x0005,0x0005,0x0005,0x0005,0x0003,0x6C95,0xAFBF,0xAF5E,0xB77E,0xB77E,0xB75E,0xAFBF,0x6CD6,0x0004,0x0005,0x0005,
   0x0003,0x3A4D,0x8578,0x7517,0x7517,0x74F7,0x6CF7,0x6CD6,0x6CD6,0x6CB6,0x64B5,0x6CD6,0x6434,0x10C7,0x0004,0x0025,
   0x0004,0x0025,0x0003,0x3AAE,0xAF5F,0xB75E,0xB75E,0xB75E,0xB77E,0xAF9F,0x85B9,0x0024,0x6474,0xAF9F,0xB77E,0xB77E,
   0xB77E,0xAF7E,0xAFBF,0x6454,0x0003,0x0005,0x0005,0x0005,0x0025,0x0004,0x0864,0x7D58,0xAFBF,0xB77E,0xB77E,0xB77E,
   0xB77E,0xA73D,0xA71D,0xB77E,0xB77E,0xB77E,0xAF7F,0x969C,0x1948,0x0003,0x0004,0x1085,0x8DFA,0xAF7F,0xB75E,0xB77E,
   0xB77E,0xA73E,0xAF3E,0xB77E,0xB77E,0xB77E,0xB77E,0xAF9F,0x6CD6,0x0003,0x0005,0x0003,0x42EF,0xAF7F,0xAF7E,0xB77E,
   0xB77E,0xB75E,0xB7BF,0x8E1B,0x0884,0x0002,0x0003,0x0002,0x0003,0x0003,0x0003,0x0003,0x0003,0x0003,0x0004,0x0005,
   0x0005,0x0005,0x0025,0x0003,0x7A30,0xFC1C,0xFC1D,0xCC79,0x1062,0x0000,0x0000,0x0000,0x0000,0x0000,0x0000,0x0000,
   0x0000,0x0000,0x0000,0x0000,0x0000,0x0000,0x0000,0x0000,0x436F,0x6E7F,0x661D,0x6539,0x0885,0x0004,0x0025,0x0025,
   0x0002,0x3A8E,0xA73F,0xAF7F,0xB77E,0xAF5E,0xB77E,0xAF7E,0x96DE,0x29CB,0x0003,0x0025,0x0025,0x0003,0x5BF3,0xAF7F,
   0xB75E,0xB75E,0xAF5E,0xB75E,0xA77F,0x7DB9,0x0865,0x0004,0x0025,0x0005,0x0003,0x6454,0xAF9F,0xB77E,0xB77E,0xB75E,
   0xB75E,0xAF9F,0x7558,0x0845,0x0004,0x0003,0x2189,0x969D,0xB77F,0xB75E,0xB75E,0xB77E,0xB77E,0x9F3F,0x3AAD,0x0002,
   0x0025,0x0005,0x0005,0x0005,0x0005,0x0004,0x0845,0x7D99,0xAF9F,0xB77E,0xB77E,0xB77E,0xB77E,0xA77F,0x53B2,0x0003,
   0x0003,0x21A9,0x969D,0xAF9F,0xB77E,0xB77E,0xBF7E,0xB77E,0xAF5E,0xB77F,0xB79F,0xB79F,0xB77F,0xB77F,0xB79F,0xB79F,
   0xB79F,0xB79F,0xA7BF,0x6CF7,0x0004,0x0004,0x0025,0x0003,0x216A,0x96DE,0xAF9F,0xB79E,0xB77E,0xB77E,0xB79F,0x96DD,
   0x29CA,0x0003,0x0025,0x0005,0x0005,0x0005,0x0005,0x0025,0x0003,0x1928,0x8E5B,0xB7BF,0xBF7E,0xBF9E,0xBF7E,0xB77F,
   0x9F5F,0x3AAE,0x0003,0x0025,0x0005,0x0005,0x0005,0x0005,0x0005,0x0005,0x0025,0x0005,0x0003,0x6475,0xAFBF,0xB79E,
   0xBF9E,0xBF9E,0xBF9E,0xAFBF,0x64B6,0x0004,0x0004,0x0025,0x0003,0x4B0F,0xA7BF,0xAFBF,0xB7BF,0xB7BF,0xB7BF,0xB7BF,
   0xB7BF,0xB7BF,0xB7BF,0xAFFF,0x96BD,0x1928,0x0003,0x0025,0x0005,0x0004,0x0003,0x6C95,0xAF9F,0xB77E,0xB77E,0xB77E,
   0xB77E,0xA77F,0x5C13,0x0000,0x42CE,0x9F3F,0xAF7E,0xB77E,0xB77E,0xBF7E,0xAF9F,0x863B,0x10C6,0x0004,0x0005,0x0005,
   0x0025,0x0004,0x0844,0x7538,0xAFBF,0xB77E,0xB77E,0xB77E,0xB77E,0x9F1E,0x96FD,0xAF5E,0xB79E,0xB77E,0xAF5E,0xA77F,
   0x53B2,0x0003,0x0003,0x42AE,0xA73F,0xAF5E,0xB77E,0xB77E,0xAF5E,0x96DD,0x9F1E,0xB77E,0xB77E,0xB77E,0xB77E,0xA79F,
   0x6CB6,0x0003,0x0005,0x0002,0x42EF,0xA75F,0xB77F,0xB77E,0xB77E,0xB77E,0xAF7F,0x8E5C,0x4B50,0x3A8D,0x3A8D,0x324C,
   0x29EB,0x21CA,0x21AA,0x2169,0x1928,0x1908,0x0866,0x0004,0x0005,0x0025,0x0004,0x0845,0xBB36,0xFBDC,0xFC7E,0xABB5,
   0x0000,0x0000,0x0000,0x0000,0x0000,0x0000,0x0000,0x0000,0x0000,0x0000,0x0000,0x0000,0x0000,0x0000,0x0000,0x0000,
   0x29E8,0x6E1C,0x65FD,0x6DFC,0x218A,0x0003,0x0025,0x0025,0x0003,0x1928,0x863B,0xAF9F,0xB77E,0xB77E,0xB77F,0xAF7E,
   0x9F5F,0x4B71,0x0003,0x0025,0x0004,0x0865,0x7558,0xAF9F,0xBF7E,0xB77E,0xB77E,0xB77E,0xA77F,0x53F3,0x0002,0x0005,
   0x0005,0x0005,0x0003,0x5C54,0xAF9F,0xBF9E,0xBF9E,0xBF9E,0xBF9E,0xAF9F,0x7538,0x0045,0x0004,0x0003,0x2189,0x8E5C,
   0xB79F,0xBF9E,0xBF9E,0xC79E,0xBF9F,0x9F3F,0x3A8E,0x0003,0x0025,0x0005,0x0005,0x0005,0x0005,0x0004,0x0845,0x7579,
   0xAFBF,0xBFBE,0xBFBE,0xBFBE,0xBF9E,0x9F7F,0x4B91,0x0003,0x0003,0x2189,0x8E7D,0xAFBF,0xBF9E,0xBF9E,0xBF9E,0xBF9E,
   0xBF9E,0xBF9E,0xBF9E,0xBF9E,0xBF9E,0xBF9F,0xBF9E,0xBF9E,0xB79E,0xB79E,0xA77F,0x64B6,0x0004,0x0004,0x0025,0x0003,
   0x216A,0x96DE,0xAF9F,0xB79E,0xB79E,0xB77E,0xAF9F,0x8E9D,0x29AA,0x0003,0x0025,0x0005,0x0005,0x0005,0x0005,0x0025,
   0x0003,0x1928,0x863B,0xAF9F,0xAF7E,0xAF7E,0xAF7E,0xA77E,0x9F5F,0x3A8E,0x0003,0x0025,0x0005,0x0005,0x0005,0x0005,
   0x0005,0x0005,0x0005,0x0005,0x0003,0x6455,0xA79F,0xAF7E,0xB77E,0xB77E,0xB77E,0xAF9F,0x64B6,0x0004,0x0004,0x0025,
   0x0003,0x3ACE,0x971E,0xAF7E,0xB77E,0xB77E,0xB77E,0xB77E,0xB77E,0xB77E,0xB77E,0xAF9F,0x863B,0x1928,0x0003,0x0025,
   0x0025,0x0003,0x10E7,0x861B,0xAFBF,0xB79E,0xB79E,0xBFBE,0xAF9F,0x9F1E,0x2A2C,0x0001,0x1908,0x8E5B,0xAF9F,0xBFBF,
   0xBFBF,0xBFBF,0xB7BF,0x9F1E,0x326D,0x0002,0x0025,0x0005,0x0005,0x0004,0x0845,0x7538,0xB7DF,0xC79E,0xBF9F,0xBFBF,
   0xBFBE,0x9F1E,0x86BD,0x9F1E,0xBF9F,0xBFBF,0xBFBF,0xB7BF,0x8E3B,0x10C6,0x0003,0x7558,0xAFBF,0xBF9E,0xC79E,0xC79F,
   0xA73E,0x8EFE,0x9F1E,0xBF9E,0xBF9E,0xBF9E,0xBF9E,0xA79F,0x64B6,0x0004,0x0005,0x0002,0x42CF,0xA75F,0xB79F,0xBF9F,
   0xBF9F,0xBF9F,0xAF5E,0x9EFD,0xA73F,0xA73F,0x9F1F,0x9F1E,0x96FE,0x96DE,0x96BE,0x969D,0x969D,0x969D,0x324C,0x0003,
   0x0025,0x0025,0x0003,0x28C8,0xEBFA,0xFB9B,0xFC9E,0x6A2B,0x0000,0x0000,0x0000,0x0000,0x0000,0x0000,0x0000,0x0000,
   0x0000,0x0000,0x0000,0x0000,0x0000,0x0000,0x0000,0x0000,0x0861,0x6579,0x65FD,0x6E3E,0x3AF0,0x0003,0x0024,0x0005,
   0x0004,0x0004,0x64B6,0xA77F,0xBFBF,0xBF9F,0xB7BF,0xB7BF,0x9F7F,0x64D7,0x0004,0x0005,0x0003,0x2189,0x865C,0xAF9F,
   0xB79F,0xAF9F,0xB79F,0xAF7F,0x9F1E,0x320C,0x0003,0x0025,0x0025,0x0005,0x0003,0x5C34,0x9F7F,0xAF5E,0xAF5E,0xAF7E,
   0xA77E,0x9F7F,0x6D38,0x0045,0x0004,0x0003,0x2169,0x865C,0x9F5E,0x9F3D,0x9F3D,0x9F3D,0x973D,0x971F,0x3A8E,0x0003,
   0x0025,0x0005,0x0005,0x0005,0x0005,0x0004,0x0865,0x7599,0x8F3F,0x86BC,0x86DD,0x86DD,0x86BC,0x973F,0x53B2,0x0003,
   0x0003,0x21AA,0x867D,0x7EDD,0x769C,0x769C,0x769D,0x769C,0x769C,0x767C,0x767C,0x767C,0x767C,0x6E5C,0x6E5C,0x6E5C,
   0x6E3C,0x5E1B,0x76DE,0x64D7,0x0004,0x0004,0x0025,0x0003,0x218A,0x8EDE,0x769C,0x663B,0x665C,0x5E3B,0x6E9D,0x869D,
   0x29AA,0x0003,0x0025,0x0025,0x0005,0x0005,0x0005,0x0025,0x0003,0x1928,0x863C,0x6EBD,0x55FB,0x5E1B,0x561B,0x5E5C,
   0x871F,0x3AAE,0x0003,0x0025,0x0005,0x0005,0x0025,0x0005,0x0005,0x0005,0x0005,0x0005,0x0003,0x6475,0x871F,0x5E1B,
   0x5E3B,0x663C,0x5E3B,0x871F,0x64B6,0x0004,0x0004,0x0025,0x0003,0x42EF,0x8EFF,0x6E3B,0x663B,0x6E5B,0x6E5C,0x6E5C,
   0x6E5C,0x6E5C,0x665B,0x7EDD,0x865C,0x1928,0x0003,0x0025,0x0025,0x0003,0x3A8D,0x86FE,0x6E9C,0x6E7C,0x6E9C,0x767C,
   0x8F1E,0x85FA,0x10A6,0x0004,0x0004,0x74F6,0x9F5F,0x86BC,0x7EBD,0x7EBD,0x769C,0x873F,0x6475,0x0003,0x0004,0x0025,
   0x0005,0x0004,0x0864,0x7558,0x9F7F,0x8EFC,0x8F1D,0x8F1D,0x8F1D,0x971E,0x64F7,0x8E5C,0x9F3E,0x9F3D,0x9F3D,0x971D,
   0x975F,0x42EE,0x29C9,0x96DE,0x9F3E,0xA73E,0xA75E,0xAF7E,0x96BD,0x75BA,0x96FE,0xAF7E,0xAF5E,0xA75E,0xA77E,0x9F7F,
   0x6496,0x0003,0x0005,0x0002,0x42CF,0xA75F,0xB79F,0xB79F,0xB79F,0xB79F,0xB79F,0xB7BF,0xB7BF,0xB7BF,0xAFBF,0xAFBF,
   0xAFBF,0xAFBF,0xAFBF,0xB7BF,0xAFBF,0x9F3F,0x326D,0x0003,0x0025,0x0005,0x0003,0x59AD,0xFBDB,0xFB7B,0xEC5B,0x20C4,
   0x0000,0x0000,0x0000,0x0000,0x0000,0x0000,0x0000,0x0000,0x0000,0x0000,0x0000,0x0000,0x0000,0x0000,0x0000,0x0000,
   0x0000,0x5453,0x6E3E,0x661D,0x5C96,0x0044,0x0004,0x0025,0x0025,0x0002,0x4330,0x973F,0x86BC,0x7E9C,0x769C,0x6E7C,
   0x76BD,0x7E3C,0x1928,0x0003,0x0003,0x4310,0x8EFF,0x663B,0x663B,0x5E3C,0x5E3B,0x7EDE,0x85FB,0x10C6,0x0004,0x0025,
   0x0005,0x0005,0x0003,0x5C34,0x7EDF,0x55FA,0x561B,0x561B,0x4DDA,0x76BE,0x7559,0x0845,0x0004,0x0003,0x2189,0x867D,
   0x5E5C,0x45DA,0x4DFB,0x45DB,0x4DFB,0x86DF,0x3A8E,0x0002,0x0025,0x0005,0x0005,0x0005,0x0005,0x0004,0x0865,0x6D99,
   0x669E,0x3D9A,0x45DB,0x45DB,0x45BB,0x86FF,0x53D3,0x0003,0x0003,0x29AA,0x869D,0x561C,0x3DBB,0x3DBB,0x3DBB,0x45DB,
   0x4DDC,0x4DFC,0x561C,0x561C,0x561C,0x561C,0x561C,0x561C,0x561D,0x4DFC,0x76FF,0x6D18,0x0004,0x0004,0x0025,0x0003,
   0x216A,0x869E,0x4E1C,0x3D9B,0x45DB,0x3DBB,0x561C,0x867E,0x29AA,0x0003,0x0025,0x0005,0x0005,0x0005,0x0005,0x0025,
   0x0003,0x1928,0x7E3C,0x5E5D,0x3D9B,0x45DC,0x45BB,0x45FC,0x7EFF,0x3A8E,0x0003,0x0025,0x0005,0x0005,0x0025,0x0005,
   0x0005,0x0005,0x0005,0x0005,0x0003,0x6455,0x7EDF,0x45BB,0x45DB,0x45DB,0x3D9B,0x6EBF,0x6496,0x0003,0x0004,0x0025,
   0x0003,0x4B30,0x975F,0x665D,0x5E3D,0x561C,0x4DDB,0x45BB,0x3DBB,0x45BB,0x3D9B,0x5E3D,0x863C,0x1929,0x0003,0x0025,
   0x0004,0x0004,0x6495,0x76DE,0x3D9B,0x45DB,0x45DB,0x45BB,0x7EFE,0x5C34,0x0003,0x0025,0x0003,0x42CF,0x8F1F,0x4DDB,
   0x45BB,0x45BB,0x3D9A,0x5E7D,0x861C,0x1908,0x0003,0x0025,0x0025,0x0004,0x0845,0x7558,0x6EDE,0x3DBA,0x45FB,0x45DB,
   0x45DB,0x86FF,0x4B51,0x5C14,0x7EDE,0x4DBA,0x4DFB,0x4DFB,0x6EBE,0x7DDA,0x7558,0x7EDE,0x55DB,0x4DFB,0x4DBA,0x76DE,
   0x6CF7,0x53D2,0x86FE,0x5DFB,0x55FB,0x561B,0x55FB,0x7EDE,0x64B6,0x0003,0x0005,0x0002,0x42CF,0x8EFE,0x663B,0x663C,
   0x663C,0x663C,0x665C,0x665C,0x6E5C,0x6E5C,0x6E5C,0x6E7C,0x6E7C,0x767C,0x769C,0x769C,0x7EBD,0x8EBE,0x324D,0x0003,
   0x0025,0x0005,0x0002,0x71EE,0xFB7A,0xFB3A,0xC375,0x0841,0x0000,0x0000,0x0000,0x0000,0x0000,0x0000,0x0000,0x0000,
   0x0000,0x0000,0x0000,0x0000,0x0000,0x0000,0x0000,0x0000,0x0000,0x324A,0x765D,0x5DBD,0x6DBB,0x10E8,0x0004,0x0025,
   0x0025,0x0003,0x2169,0x7E7D,0x561C,0x3D9B,0x3DBB,0x3D9B,0x45DB,0x86DE,0x42CE,0x0002,0x0045,0x6CD7,0x7EDF,0x3D7A,
   0x3DBB,0x3DBB,0x357A,0x76BE,0x53F4,0x0003,0x0004,0x0005,0x0005,0x0005,0x0003,0x5C34,0x76BF,0x3D9B,0x45BB,0x45BB,
   0x3D9B,0x667E,0x6D59,0x0845,0x0004,0x0003,0x2189,0x7E5D,0x561C,0x3D9B,0x45BB,0x3D9B,0x45BB,0x7EBE,0x3A8D,0x0002,
   0x0025,0x0005,0x0005,0x0005,0x0025,0x0004,0x0865,0x6D79,0x667E,0x3D9B,0x45DC,0x45BC,0x45BB,0x7EDF,0x53B3,0x0003,
   0x0003,0x21AA,0x867D,0x5E1C,0x45BB,0x45BB,0x3D9B,0x4DDC,0x769E,0x767D,0x765D,0x7E7D,0x7E7D,0x7E5D,0x7E5D,0x7E5D,
   0x7E3C,0x7E1C,0x869E,0x6476,0x0005,0x0004,0x0025,0x0003,0x216A,0x7E7E,0x55FC,0x3D9B,0x45BC,0x3D9B,0x55FC,0x865D,
   0x29AA,0x0003,0x0025,0x0005,0x0005,0x0005,0x0005,0x0025,0x0003,0x1908,0x7E1C,0x5E3D,0x3D7B,0x4DBB,0x459B,0x45BB,
   0x7EBF,0x3A8E,0x0003,0x0025,0x0005,0x0005,0x0005,0x0005,0x0005,0x0005,0x0005,0x0005,0x0003,0x5C55,0x76BF,0x459B,
   0x45BC,0x45BC,0x3D7B,0x6E9E,0x5C96,0x0004,0x0004,0x0025,0x0003,0x3AAE,0x8E5C,0x7E1B,0x7DFB,0x7E3C,0x767D,0x45BB,
   0x459B,0x45BB,0x3D9B,0x5E3D,0x7E1C,0x1928,0x0003,0x0025,0x0003,0x1928,0x865C,0x665C,0x459B,0x4DBC,0x459B,0x55DC,
   0x869E,0x29EB,0x0001,0x0004,0x0002,0x0886,0x75DB,0x5E3D,0x3D9B,0x45DC,0x45BC,0x4DDB,0x8EDF,0x3AAF,0x0003,0x0025,
   0x0025,0x0004,0x0845,0x6D18,0x6EBE,0x3D9B,0x45BC,0x45BC,0x3DBB,0x76DF,0x42EF,0x2169,0x86BE,0x4DFC,0x3DBB,0x45DC,
   0x4DDB,0x86DE,0x971F,0x5DFB,0x45BB,0x45BB,0x45BB,0x7EFF,0x324D,0x430F,0x7EFF,0x459B,0x45BB,0x45BC,0x459B,0x76BE,
   0x64B6,0x0003,0x0005,0x0002,0x42CF,0x7EDF,0x3DBB,0x3D9B,0x459C,0x3D9B,0x3D9B,0x3D9B,0x3D9B,0x3D9B,0x3D9B,0x459B,
   0x3D9B,0x3D9B,0x3D9B,0x3D7B,0x459B,0x7E7E,0x326D,0x0003,0x0025,0x0025,0x0003,0x71EE,0xF339,0xEAB8,0xAAD2,0x0841,
   0x0000,0x0000,0x0000,0x0000,0x0000,0x0000,0x0000,0x0000,0x0000,0x0000,0x0000,0x0000,0x0000,0x0000,0x0000,0x0000,
   0x0000,0x10E3,0x75FB,0x5DBC,0x6E1D,0x2A6E,0x0003,0x0025,0x0025,0x0004,0x0045,0x6D18,0x665E,0x3D7B,0x45BB,0x459B,
   0x3D7B,0x76BE,0x5C34,0x0002,0x1107,0x861C,0x661D,0x457B,0x459B,0x3D9B,0x4DBC,0x7E7E,0x322C,0x0002,0x0025,0x0005,
   0x0005,0x0005,0x0003,0x5414,0x6E9F,0x457B,0x459B,0x459B,0x3D7A,0x665E,0x6D18,0x0045,0x0004,0x0003,0x2189,0x7E3D,
   0x55DC,0x3D5B,0x457B,0x3D5B,0x459B,0x7E9E,0x326D,0x0002,0x0025,0x0005,0x0005,0x0005,0x0025,0x0004,0x0865,0x6D59,
   0x665D,0x3D5A,0x457B,0x457B,0x3D5A,0x769F,0x4B92,0x0003,0x0003,0x21AA,0x865D,0x55DC,0x457B,0x459B,0x3D5B,0x55DC,
   0x7E3C,0x326D,0x218A,0x21AA,0x218A,0x2189,0x2169,0x2169,0x1949,0x1949,0x1949,0x10C7,0x0005,0x0005,0x0025,0x0003,
   0x196A,0x7E5E,0x4DBC,0x3D3A,0x457B,0x3D5A,0x4DBC,0x7E3D,0x21AA,0x0003,0x0025,0x0005,0x0005,0x0005,0x0005,0x0025,
   0x0003,0x1908,0x75FB,0x55FD,0x3D3A,0x455B,0x3D5B,0x457B,0x7E9E,0x326E,0x0003,0x0025,0x0005,0x0005,0x0005,0x0005,
   0x0005,0x0005,0x0025,0x0005,0x0003,0x5C35,0x769F,0x455B,0x457B,0x457B,0x3D5B,0x6E7E,0x5C96,0x0004,0x0004,0x0005,
   0x0004,0x0866,0x1908,0x1908,0x10A6,0x3AAE,0x7E9E,0x459B,0x3D5B,0x457B,0x3D5B,0x55FD,0x75FC,0x1908,0x0003,0x0025,
   0x0003,0x42F0,0x8EFF,0x4D9B,0x457B,0x457B,0x3D5B,0x5DFC,0x7E7D,0x5C55,0x4BB3,0x53D3,0x4BB2,0x4BB2,0x75DB,0x663D,
   0x3D7B,0x459B,0x459B,0x457A,0x769E,0x64B7,0x0024,0x0004,0x0025,0x0004,0x0844,0x6CF8,0x667E,0x3D5B,0x457B,0x457B,
   0x3D7B,0x769F,0x4B51,0x0002,0x6CF7,0x6EBE,0x3D7B,0x459C,0x459B,0x5DFC,0x661C,0x4D9B,0x4D9B,0x455A,0x665D,0x7DDB,
   0x0844,0x4B51,0x7EDF,0x457B,0x459B,0x459B,0x457B,0x6E7E,0x6496,0x0003,0x0005,0x0003,0x3ACF,0x7E9E,0x459B,0x457B,
   0x459B,0x459B,0x459B,0x459B,0x457B,0x457B,0x455B,0x455B,0x3D5B,0x3D5B,0x3D5B,0x353A,0x3D5A,0x763D,0x324D,0x0003,
   0x0025,0x0025,0x0003,0x71EE,0xEB18,0xE277,0xA291,0x0000,0x0000,0x0000,0x0000,0x0000,0x0000,0x0000,0x0000,0x0000,
   0x0000,0x0000,0x0000,0x0000,0x0000,0x0000,0x0000,0x0000,0x0000,0x0041,0x5CB5,0x65FD,0x65FD,0x4BF4,0x0003,0x0005,
   0x0025,0x0005,0x0003,0x4B71,0x767F,0x3D3B,0x3D5B,0x457B,0x3D3A,0x5E1D,0x6D59,0x0043,0x2A0C,0x867E,0x4D5B,0x3D3A,
   0x455B,0x3D3A,0x5DFD,0x757A,0x10C6,0x0003,0x0005,0x0005,0x0005,0x0005,0x0003,0x53F4,0x6E5E,0x453A,0x453B,0x455B,
   0x3D1A,0x661D,0x6CF8,0x0045,0x0004,0x0003,0x2169,0x75FC,0x4D9C,0x3D1A,0x453B,0x3D1A,0x455B,0x765E,0x326D,0x0002,
   0x0025,0x0005,0x0005,0x0005,0x0025,0x0004,0x0865,0x6D39,0x661D,0x3D1A,0x453A,0x3D3A,0x3D1A,0x6E3E,0x4352,0x0003,
   0x0003,0x218A,0x7E1C,0x559C,0x3D1A,0x453B,0x3D1A,0x55BC,0x7DDC,0x10C7,0x0002,0x0003,0x0003,0x0003,0x0003,0x0003,
   0x0003,0x0003,0x0003,0x0004,0x0005,0x0005,0x0025,0x0003,0x1969,0x7E5D,0x4D7C,0x3CFA,0x3D3A,0x3D1A,0x4D7C,0x761D,
   0x21AA,0x0003,0x0025,0x0005,0x0005,0x0005,0x0005,0x0025,0x0003,0x1908,0x75DB,0x55BC,0x3CDA,0x3D1A,0x3D1A,0x453A,
   0x765E,0x326E,0x0003,0x0025,0x0005,0x0005,0x0005,0x0005,0x0005,0x0005,0x0005,0x0005,0x0003,0x5414,0x6E5E,0x3D1A,
   0x453A,0x453A,0x3D1A,0x6E5E,0x5C76,0x0004,0x0004,0x0005,0x0005,0x0004,0x0003,0x0004,0x0002,0x29CB,0x867E,0x4D7B,
   0x3D3A,0x453B,0x3D1A,0x55BC,0x75BB,0x1908,0x0004,0x0005,0x0024,0x6CF7,0x6E5D,0x3D1A,0x455A,0x455A,0x453A,0x4D9B,
   0x661C,0x6E7E,0x6E9F,0x6E7E,0x6E9E,0x6E9E,0x6E3D,0x559B,0x3D3A,0x455B,0x455B,0x3D3A,0x55BC,0x7E1D,0x1928,0x0003,
   0x0025,0x0004,0x0844,0x64D7,0x663D,0x351A,0x3D3A,0x3D3A,0x3D1A,0x767E,0x4B72,0x0000,0x326D,0x86BF,0x4D9B,0x453B,
   0x455B,0x3D3A,0x3D3A,0x455B,0x453B,0x455A,0x7EBE,0x4B51,0x0001,0x4B92,0x7E9F,0x3D3A,0x3D3B,0x453B,0x3D1A,0x663E,
   0x5C76,0x0003,0x0005,0x0003,0x3AAF,0x7E7E,0x453A,0x453A,0x455B,0x453A,0x4D7B,0x6E3D,0x767E,0x6E5E,0x6E3E,0x6E3E,
   0x661D,0x5E1D,0x5DFD,0x55BC,0x55BC,0x7E7E,0x324D,0x0003,0x0025,0x0005,0x0003,0x71EE,0xEB18,0xE277,0xC315,0x4948,
   0x30E5,0x1062,0x0000,0x0000,0x0000,0x0000,0x0000,0x0000,0x0000,0x0000,0x0000,0x0000,0x0000,0x0000,0x0000,0x0000,
   0x0000,0x0000,0x3ACD,0x765F,0x5D9C,0x6539,0x0886,0x0004,0x0005,0x0025,0x0003,0x21AA,0x761D,0x453B,0x3CFA,0x451A,
   0x3CFA,0x4D7B,0x761C,0x1948,0x4372,0x6E1E,0x3CDA,0x3CFA,0x3D1A,0x3CFA,0x6E1E,0x53D4,0x0004,0x0005,0x0005,0x0005,
   0x0005,0x0005,0x0003,0x53D4,0x6E1E,0x3CDA,0x3CFA,0x3CFA,0x3CBA,0x5DBD,0x64D8,0x0045,0x0004,0x0003,0x2169,0x75DC,
   0x4D5B,0x3CB9,0x44FA,0x3CDA,0x44FA,0x763E,0x324D,0x0002,0x0025,0x0005,0x0005,0x0025,0x0025,0x0004,0x0866,0x6D39,
   0x65DD,0x3CB9,0x44FA,0x3CDA,0x3CBA,0x6DFE,0x4332,0x0003,0x0003,0x2169,0x6DBC,0x4D3B,0x3CDA,0x3CFA,0x3CBA,0x4D7B,
   0x75BB,0x1909,0x0004,0x0025,0x0025,0x0025,0x0025,0x0025,0x0025,0x0025,0x0025,0x0025,0x0025,0x0025,0x0025,0x0003,
   0x194A,0x761D,0x4D3B,0x3CB9,0x3CFA,0x34B9,0x453B,0x75DD,0x21AA,0x0003,0x0025,0x0025,0x0005,0x0005,0x0005,0x0025,
   0x0003,0x1928,0x759B,0x557C,0x3499,0x3CDA,0x3CBA,0x3CDA,0x761E,0x326E,0x0003,0x0025,0x0025,0x0025,0x0005,0x0005,
   0x0005,0x0005,0x0005,0x0005,0x0004,0x53F5,0x661E,0x3CD9,0x3CDA,0x3CFA,0x3CD9,0x6E1E,0x5C77,0x0004,0x0005,0x0025,
   0x0005,0x0025,0x0025,0x0026,0x0004,0x2A0C,0x7E5E,0x453B,0x3CDA,0x3CFA,0x3CDA,0x557C,0x6D9B,0x1108,0x0004,0x0004,
   0x1949,0x75FC,0x4D7B,0x3CDA,0x3D1A,0x3CFA,0x3CFA,0x3CFA,0x3CFA,0x34DA,0x34DA,0x34DA,0x34DA,0x34DA,0x3CFA,0x3CFA,
   0x3CFA,0x3CFA,0x3CFA,0x3CFA,0x44FA,0x7E5E,0x3AF0,0x0002,0x0025,0x0004,0x0844,0x64B7,0x5DDD,0x34B9,0x3CFA,0x3CDA,
   0x3CDA,0x765E,0x4B72,0x0002,0x0845,0x7559,0x663D,0x3CD9,0x3CFA,0x3CFA,0x3CFA,0x3CFA,0x3CDA,0x5DBC,0x7DFB,0x10E7,
   0x0002,0x4B72,0x765E,0x3CDA,0x3CDA,0x3CFA,0x3CBA,0x661D,0x5C75,0x0003,0x0005,0x0003,0x3AAF,0x763E,0x3CFA,0x3CDA,
   0x3CFA,0x3CD9,0x557B,0x75DB,0x4BB2,0x4BB3,0x5414,0x5C56,0x6497,0x64D8,0x6D39,0x6D5A,0x6D7A,0x7DBC,0x2A0C,0x0003,
   0x0025,0x0005,0x0003,0x69CE,0xEB18,0xD235,0xE2D7,0xE2F7,0xEB78,0x5969,0x0000,0x0000,0x0000,0x0000,0x0000,0x0000,
   0x0000,0x0000,0x0000,0x0000,0x0000,0x0000,0x0000,0x0000,0x0020,0x0000,0x21A7,0x761D,0x5D7C,0x6DDC,0x21CB,0x0003,
   0x0025,0x0025,0x0004,0x0886,0x6519,0x559D,0x3499,0x3CBA,0x3CBA,0x3CDA,0x6DFD,0x4331,0x5CB8,0x557C,0x3479,0x3CBA,
   0x349A,0x44DA,0x75DD,0x2A0C,0x0003,0x0025,0x0005,0x0005,0x0005,0x0005,0x0003,0x4BB4,0x65BD,0x3479,0x3C9A,0x3C9A,
   0x3459,0x5D7C,0x64B8,0x0045,0x0004,0x0003,0x1949,0x6D9C,0x4CFB,0x3459,0x3C9A,0x3C79,0x3C99,0x6DFD,0x324D,0x0003,
   0x0025,0x0025,0x0025,0x0025,0x0025,0x0004,0x0866,0x6D5A,0x5D5C,0x3459,0x3C9A,0x3C9A,0x3C79,0x6DDE,0x42F1,0x0003,
   0x0003,0x1969,0x6D7B,0x44DA,0x3459,0x3C9A,0x3459,0x4D1B,0x757B,0x10E8,0x0003,0x0005,0x0004,0x0004,0x0004,0x0004,
   0x0004,0x0004,0x0004,0x0004,0x0004,0x0004,0x0004,0x0003,0x194A,0x75DD,0x44FB,0x3459,0x3C99,0x3479,0x3CBA,0x75DE,
   0x29EC,0x0002,0x0004,0x0004,0x0004,0x0004,0x0004,0x0004,0x0002,0x216A,0x75DD,0x44FA,0x3459,0x3C99,0x3459,0x3C99,
   0x6DFD,0x2A2D,0x0003,0x0025,0x0025,0x0025,0x0005,0x0005,0x0005,0x0005,0x0005,0x0005,0x0003,0x4BB4,0x65DD,0x3C99,
   0x3C9A,0x3CBA,0x3479,0x5DBD,0x64D9,0x0024,0x0003,0x0004,0x0004,0x0004,0x0004,0x0005,0x0002,0x21AB,0x761D,0x44DA,
   0x3C99,0x3CBA,0x3479,0x4D3B,0x6D5B,0x10E8,0x0004,0x0003,0x4310,0x6DFE,0x3CBA,0x349A,0x3CBA,0x3CBA,0x3CBA,0x3C9A,
   0x3C9A,0x349A,0x349A,0x349A,0x349A,0x349A,0x349A,0x3CBA,0x3CBA,0x3CBA,0x3CBA,0x3CBA,0x3479,0x5DBD,0x64B7,0x0024,
   0x0004,0x0004,0x0825,0x6477,0x5D9C,0x2C59,0x349A,0x349A,0x3499,0x6E1E,0x4351,0x0003,0x0003,0x3AAF,0x765E,0x3CB9,
   0x3499,0x3CBA,0x3CBA,0x3CBA,0x3499,0x763E,0x5392,0x0003,0x0003,0x4352,0x6E1E,0x3C99,0x3499,0x3C9A,0x3479,0x65BD,
   0x5C35,0x0004,0x0005,0x0003,0x3A8F,0x75FE,0x3C9A,0x349A,0x3C9A,0x3459,0x555C,0x6D19,0x0864,0x0002,0x0004,0x0004,
   0x0004,0x0025,0x0866,0x0886,0x10C7,0x1928,0x0886,0x0004,0x0005,0x0025,0x0003,0x71EF,0xFBBA,0xE297,0xDA36,0xD1F5,
   0xF2D8,0x5949,0x0000,0x0000,0x0000,0x0000,0x0000,0x0000,0x0000,0x0000,0x0000,0x0000,0x0000,0x0000,0x0000,0x0000,
   0x0000,0x0000,0x0882,0x5CD7,0x65BD,0x6DDD,0x4331,0x0003,0x0005,0x0005,0x0005,0x0003,0x4B93,0x6DDD,0x3439,0x3C59,
   0x3C79,0x3459,0x553B,0x655B,0x655C,0x3C9A,0x3439,0x3459,0x2C18,0x4CFB,0x6D1A,0x0886,0x0004,0x0025,0x0005,0x0005,
   0x0005,0x0005,0x0003,0x4B94,0x657D,0x3418,0x3439,0x3459,0x3418,0x551C,0x5C98,0x0045,0x0004,0x0003,0x1949,0x6D5C,
   0x44BA,0x3419,0x3459,0x3419,0x3459,0x6DBD,0x2A2D,0x0002,0x0004,0x0004,0x0004,0x0004,0x0003,0x0002,0x29ED,0x75BE,
   0x449A,0x3439,0x3459,0x3439,0x3C59,0x6DBD,0x326F,0x0003,0x0003,0x1949,0x653B,0x3C7A,0x2BF8,0x3439,0x2BF8,0x44BA,
   0x6D3B,0x10E8,0x0003,0x0025,0x0025,0x0025,0x0025,0x0025,0x0045,0x0046,0x0866,0x0866,0x0866,0x0887,0x0866,0x0003,
   0x1109,0x6D7C,0x44BA,0x2C18,0x3439,0x3439,0x3438,0x659D,0x5C36,0x10A7,0x0024,0x0025,0x0025,0x0025,0x0025,0x0025,
   0x10C8,0x5C16,0x65BD,0x3438,0x3438,0x3438,0x2C18,0x3C79,0x6DBD,0x21AB,0x0003,0x0025,0x0025,0x0025,0x0005,0x0005,
   0x0005,0x0005,0x0005,0x0025,0x0003,0x4332,0x6DBE,0x3C59,0x3459,0x3459,0x3439,0x44BA,0x6DBD,0x326E,0x0025,0x0025,
   0x0025,0x0025,0x0025,0x0045,0x0025,0x328F,0x6DDD,0x3C79,0x3439,0x3C59,0x3438,0x4CFB,0x653B,0x10E8,0x0003,0x0845,
   0x5C98,0x555C,0x2BF8,0x3439,0x3459,0x3459,0x3459,0x3459,0x3459,0x3439,0x3439,0x3439,0x3438,0x3438,0x3438,0x3438,
   0x3439,0x3459,0x3C59,0x3459,0x3419,0x3CBA,0x6D9C,0x216A,0x0003,0x0004,0x0845,0x6477,0x5D7C,0x2C19,0x3459,0x3459,
   0x2C39,0x65DD,0x4331,0x0003,0x0004,0x0885,0x6519,0x4D3C,0x2C18,0x3459,0x3459,0x3439,0x4CFB,0x759B,0x1928,0x0003,
   0x0003,0x4332,0x6DDE,0x3439,0x3439,0x3439,0x3418,0x5D5D,0x5C15,0x0004,0x0005,0x0003,0x326F,0x6DBD,0x3439,0x3439,
   0x3459,0x2C18,0x4CFB,0x6D1A,0x0886,0x0004,0x0005,0x0004,0x0004,0x0004,0x0004,0x0004,0x0003,0x0003,0x0004,0x0005,
   0x0005,0x0025,0x0004,0x494B,0xB2D4,0xBAB5,0xE317,0xDA35,0xEAD8,0x616A,0x0000,0x0000,0x0000,0x0000,0x0000,0x0000,
   0x0000,0x0000,0x0000,0x0000,0x0000,0x0000,0x0000,0x0000,0x0000,0x0000,0x0000,0x4390,0x6DFE,0x659D,0x5C97,0x0045,
   0x0004,0x0025,0x0025,0x0003,0x29ED,0x6D9D,0x3C39,0x33F8,0x3419,0x33F8,0x4479,0x6DDD,0x5D3C,0x33F8,0x33F8,0x33F8,
   0x33D8,0x5D5C,0x4B94,0x0003,0x0005,0x0025,0x0005,0x0005,0x0005,0x0005,0x0003,0x4B74,0x5D3D,0x2BD8,0x33F8,0x33F8,
   0x2BB8,0x54DB,0x5C58,0x0045,0x0004,0x0003,0x1949,0x651B,0x3C59,0x2BB8,0x33F8,0x2BD8,0x33F8,0x655C,0x324E,0x0044,
   0x0886,0x0886,0x08A7,0x10C8,0x10E8,0x2A2E,0x64FB,0x4CDB,0x2BB8,0x2BF8,0x33F8,0x2BD8,0x3C59,0x6D5C,0x218B,0x0003,
   0x0003,0x1949,0x651B,0x3C39,0x2BB7,0x2BD8,0x2B97,0x3C39,0x655C,0x5437,0x53F6,0x5C37,0x5C37,0x5C57,0x5C58,0x5478,
   0x5C78,0x5C79,0x5C99,0x5499,0x5C99,0x64FA,0x4312,0x0003,0x0886,0x64DA,0x44BA,0x2BB7,0x2BF8,0x2BF8,0x2BD8,0x3438,
   0x655C,0x651B,0x5C57,0x5C57,0x5457,0x5457,0x5458,0x5478,0x651B,0x657D,0x3C39,0x2BB8,0x2BD8,0x2BD8,0x2397,0x3C79,
   0x651B,0x10C8,0x0003,0x0025,0x0005,0x0005,0x0005,0x0025,0x0005,0x0005,0x0005,0x0025,0x0003,0x2A2D,0x6DBD,0x3439,
   0x2BF8,0x33F8,0x2BF9,0x2BD8,0x4CBA,0x6D7C,0x64B9,0x5C78,0x5C58,0x5438,0x5437,0x5457,0x5C98,0x653B,0x4CDB,0x2BF8,
   0x2BF8,0x3419,0x2BD8,0x449A,0x651B,0x1108,0x0002,0x218B,0x6D7C,0x3C59,0x2BB8,0x33F8,0x2BD8,0x33F8,0x4CDB,0x5D7D,
   0x5D5C,0x657D,0x657D,0x657D,0x5D7D,0x5D7D,0x5D7D,0x5D5D,0x54FB,0x3C39,0x2BD8,0x33F8,0x33F8,0x2BD8,0x659D,0x4332,
   0x0003,0x0004,0x0045,0x5C57,0x553C,0x2BD8,0x33F9,0x33F8,0x2BD8,0x5D7D,0x4311,0x0003,0x0025,0x0003,0x3AB0,0x6DFE,
   0x449A,0x3C79,0x3C59,0x3C39,0x65BD,0x4BB4,0x0003,0x0025,0x0003,0x4311,0x657D,0x33D8,0x33F8,0x33F9,0x2BD8,0x5D1C,
   0x53F5,0x0004,0x0005,0x0003,0x326E,0x657D,0x33F8,0x2BD8,0x33F8,0x2BB8,0x4CBB,0x6CD9,0x0886,0x0004,0x0025,0x0025,
   0x0025,0x0025,0x0025,0x0025,0x0025,0x0025,0x0005,0x0005,0x0005,0x0005,0x0005,0x0004,0x0824,0x1045,0xBAB4,0xEAD8,
   0xFB59,0x61AA,0x0000,0x0000,0x0000,0x0000,0x0000,0x0000,0x0000,0x0000,0x0000,0x0000,0x0000,0x0000,0x0000,0x0000,
   0x0000,0x0000,0x0000,0x2A09,0x6DBC,0x5D5C,0x6D7B,0x1949,0x0003,0x0025,0x0025,0x0004,0x10C7,0x64DA,0x449A,0x2B97,
   0x33D8,0x2BB8,0x33D8,0x4CBB,0x4459,0x2B98,0x33B8,0x2B98,0x33D8,0x6D5C,0x29ED,0x0003,0x0025,0x0005,0x0005,0x0005,
   0x0025,0x0005,0x0003,0x4353,0x54DC,0x2B77,0x2B98,0x2B98,0x2B57,0x4C9B,0x5C37,0x0045,0x0004,0x0003,0x1929,0x64DB,
   0x3BF9,0x2357,0x2B98,0x2B97,0x2B97,0x5CFB,0x5CB9,0x5418,0x5C58,0x5C79,0x5C79,0x5C7A,0x5CBB,0x5CFC,0x445A,0x2B56,
   0x2B77,0x2B97,0x2B97,0x2357,0x4C9A,0x6499,0x0866,0x0004,0x0003,0x1949,0x64FB,0x33F9,0x2357,0x2B77,0x2357,0x2B97,
   0x4439,0x449A,0x449B,0x4C9B,0x4C9A,0x4C9B,0x447A,0x447A,0x447A,0x445A,0x3C5A,0x3C3A,0x3419,0x5D1D,0x4374,0x0003,
   0x0004,0x4BB5,0x54FC,0x2356,0x2B77,0x2B97,0x2B97,0x2377,0x2B97,0x3C39,0x447A,0x447A,0x447A,0x445A,0x445A,0x445A,
   0x3C19,0x2B97,0x2377,0x2B77,0x2B98,0x2B78,0x2336,0x54BB,0x53D6,0x0024,0x0004,0x0025,0x0025,0x0005,0x0005,0x0005,
   0x0005,0x0005,0x0005,0x0025,0x0003,0x10E8,0x651B,0x3C5A,0x2377,0x2BB8,0x2BB8,0x2B98,0x2B77,0x33F8,0x447A,0x4C9B,
   0x449B,0x447A,0x447A,0x445A,0x445A,0x33F9,0x2B97,0x2B97,0x2BB7,0x2BB8,0x2B77,0x445A,0x64FB,0x1108,0x0002,0x4332,
   0x655C,0x2B97,0x2B97,0x2B98,0x2B77,0x4439,0x5CFB,0x3AF1,0x3AD0,0x42F1,0x4311,0x4332,0x4B53,0x4B53,0x4B74,0x4B73,
   0x64B9,0x4C9A,0x2B77,0x2B97,0x2B97,0x2357,0x4CBB,0x6498,0x0866,0x0003,0x0045,0x5C36,0x54DB,0x2377,0x2BB8,0x2B97,
   0x2B97,0x5D3C,0x3AF1,0x0003,0x0025,0x0004,0x08A7,0x5C98,0x6D7D,0x653C,0x653C,0x6D7D,0x755C,0x216A,0x0003,0x0025,
   0x0003,0x42D1,0x653D,0x2B97,0x2B98,0x2BB8,0x2B77,0x54DC,0x53B5,0x0004,0x0005,0x0003,0x324E,0x653C,0x2B98,0x2B77,
   0x2B98,0x2357,0x445A,0x6499,0x0866,0x0003,0x0005,0x0005,0x0005,0x0005,0x0025,0x0025,0x0005,0x0005,0x0005,0x0025,
   0x0005,0x0005,0x0005,0x0005,0x0004,0x0004,0xB2B4,0xF2F9,0xFB7A,0x69CB,0x0000,0x0000,0x0000,0x0000,0x0000,0x0000,
   0x0000,0x0000,0x0000,0x0000,0x0000,0x0000,0x0000,0x0000,0x0000,0x0000,0x0000,0x08A2,0x6539,0x5D5C,0x6DDD,0x326E,
   0x0003,0x0025,0x0025,0x0004,0x0003,0x4B94,0x54DC,0x2357,0x2B77,0x2B77,0x2B77,0x2B57,0x2B57,0x2B77,0x2B77,0x2357,
   0x4439,0x6499,0x08A7,0x0004,0x0025,0x0005,0x0005,0x0005,0x0025,0x0005,0x0003,0x4313,0x549C,0x2317,0x2B37,0x2B37,
   0x2316,0x4C3A,0x53F7,0x0045,0x0004,0x0003,0x1929,0x5C9A,0x3398,0x2316,0x2357,0x2337,0x2337,0x3BB8,0x441A,0x441A,
   0x43F9,0x3BF9,0x3BD9,0x33B9,0x3398,0x2B37,0x22F6,0x2316,0x2B37,0x2B37,0x2316,0x2316,0x64FC,0x3AB1,0x0003,0x0025,
   0x0003,0x192A,0x64BB,0x33B8,0x2316,0x2317,0x2317,0x2316,0x22F6,0x1AF6,0x1AD6,0x22F6,0x22F6,0x22F6,0x22F6,0x22F6,
   0x22F6,0x22F6,0x22F6,0x22F6,0x1AD5,0x4C7B,0x4313,0x0004,0x0003,0x21CC,0x651C,0x3378,0x1AD6,0x2337,0x2B37,0x2B37,
   0x2317,0x22F6,0x22F6,0x22F6,0x22F6,0x22F6,0x22F6,0x22F6,0x22F6,0x2316,0x2317,0x2337,0x2337,0x1AF6,0x3398,0x651C,
   0x21CD,0x0003,0x0025,0x0025,0x0025,0x0025,0x0025,0x0025,0x0005,0x0005,0x0025,0x0005,0x0005,0x0004,0x4333,0x5D1D,
   0x2316,0x2316,0x2B57,0x2B57,0x2B57,0x2316,0x22F6,0x22F6,0x22F6,0x22F6,0x22F6,0x22F6,0x22F6,0x2316,0x2337,0x2B57,
   0x2B57,0x2B57,0x2317,0x3BF9,0x5CDA,0x10C8,0x0865,0x6499,0x4C7A,0x2316,0x2B57,0x2337,0x2316,0x54BB,0x4B74,0x0003,
   0x0003,0x0003,0x0003,0x0003,0x0003,0x0004,0x0004,0x0002,0x324E,0x5CFC,0x2B57,0x2337,0x2B57,0x2337,0x33D8,0x6D5C,
   0x21AC,0x0002,0x0045,0x53F6,0x4C7B,0x2316,0x2B57,0x2337,0x2336,0x54FC,0x3AD1,0x0003,0x0005,0x0005,0x0004,0x10A7,
   0x194A,0x194A,0x196A,0x21CC,0x216B,0x0025,0x0004,0x0025,0x0003,0x3AD1,0x5CFC,0x2B37,0x2337,0x2B57,0x2316,0x4C9B,
   0x4B95,0x0004,0x0005,0x0003,0x322E,0x5CFC,0x2B57,0x2337,0x2B57,0x2317,0x4419,0x5C59,0x0887,0x0004,0x0004,0x0004,
   0x0003,0x0003,0x0003,0x0003,0x0003,0x0004,0x0004,0x0004,0x0004,0x0005,0x0005,0x0025,0x0004,0x0004,0xB2B4,0xF2D8,
   0xFB7A,0x69CB,0x0000,0x0000,0x0000,0x0000,0x0000,0x0000,0x0000,0x0000,0x0000,0x0000,0x0000,0x0000,0x0000,0x0000,
   0x0000,0x0000,0x0000,0x0000,0x5C74,0x659D,0x65BD,0x4BF5,0x0024,0x0004,0x0025,0x0025,0x0003,0x2A2E,0x64DC,0x2B37,
   0x2317,0x2B37,0x2B17,0x2B17,0x2317,0x2B17,0x2B17,0x22F6,0x547B,0x4334,0x0004,0x0004,0x0005,0x0005,0x0005,0x0005,
   0x0005,0x0005,0x0003,0x42F3,0x545B,0x22D6,0x22F6,0x22F6,0x22B6,0x43FA,0x53B7,0x0025,0x0004,0x0003,0x1909,0x5C5A,
   0x3338,0x2295,0x22D6,0x22D6,0x22D6,0x22D6,0x1AB6,0x1AB6,0x1AB6,0x1AB6,0x22B6,0x22B6,0x22B6,0x22B6,0x22D6,0x22D6,
   0x22B6,0x1A95,0x1A95,0x4C1A,0x53F8,0x0887,0x0004,0x0025,0x0003,0x192A,0x5C7A,0x3358,0x22B6,0x22F6,0x22D6,0x22D6,
   0x22D6,0x22D6,0x22D6,0x22D6,0x22D6,0x22D6,0x22D6,0x22D6,0x22D6,0x22D6,0x22D6,0x22D6,0x1AB5,0x4C1A,0x42F3,0x0004,
   0x0004,0x0004,0x4333,0x5CDD,0x2B37,0x1A95,0x22B6,0x22B6,0x22D6,0x22D6,0x22D6,0x22D6,0x22D6,0x22D6,0x22D6,0x22D6,
   0x22B6,0x22B6,0x1A95,0x1A95,0x1A95,0x2B37,0x5CDD,0x4313,0x0005,0x0004,0x0025,0x0005,0x0005,0x0005,0x0005,0x0005,
   0x0005,0x0005,0x0025,0x0005,0x0025,0x0004,0x08A7,0x5C38,0x549B,0x22F6,0x1AB6,0x22D6,0x22D6,0x22D6,0x22D6,0x22D6,
   0x22D6,0x22D6,0x22D6,0x22D6,0x22D6,0x22D6,0x22B6,0x22B5,0x1AB5,0x1AB5,0x1A75,0x3358,0x5459,0x0886,0x196B,0x64FC,
   0x2B37,0x1AB6,0x22D6,0x1AB6,0x2B16,0x5CBB,0x21CD,0x0003,0x0025,0x0025,0x0005,0x0005,0x0005,0x0004,0x0005,0x0003,
   0x10E8,0x5C7A,0x3398,0x22D6,0x22F7,0x22F7,0x22F6,0x5CBC,0x4313,0x0003,0x0025,0x4BB6,0x441A,0x22B6,0x2AF6,0x22D6,
   0x22D6,0x549B,0x3291,0x0003,0x0025,0x0005,0x0005,0x0004,0x0003,0x0003,0x0003,0x0003,0x0003,0x0005,0x0005,0x0025,
   0x0003,0x3A91,0x5C9C,0x22F6,0x22D6,0x2AF6,0x22B6,0x4C3B,0x4B75,0x0004,0x0005,0x0003,0x322E,0x5CBB,0x22F6,0x22D6,
   0x22F7,0x22D6,0x3378,0x5C9B,0x53F7,0x4B75,0x4334,0x42F3,0x3A91,0x324F,0x29EE,0x218C,0x192B,0x10E9,0x08A7,0x0866,
   0x0845,0x0005,0x0005,0x0005,0x0004,0x0004,0xB2B4,0xF2D8,0xFB5A,0x69CB,0x0000,0x0000,0x0000,0x0000,0x0000,0x0000,
   0x0000,0x0000,0x0000,0x0000,0x0000,0x0000,0x0000,0x0000,0x0000,0x0000,0x0000,0x0000,0x328B,0x6DDD,0x5D3C,0x651A,
   0x08A7,0x0004,0x0025,0x0025,0x0003,0x10C8,0x5C7A,0x3378,0x2295,0x22D6,0x22D6,0x22D6,0x22D6,0x22D6,0x22B6,0x2AD6,
   0x5C7B,0x29CD,0x0003,0x0025,0x0005,0x0005,0x0005,0x0005,0x0005,0x0005,0x0004,0x42D3,0x4BFB,0x2275,0x2296,0x2296,
   0x1A55,0x4399,0x4B96,0x0045,0x0004,0x0003,0x1909,0x5C19,0x32F7,0x1A55,0x2275,0x2275,0x2275,0x2275,0x2295,0x2296,
   0x2296,0x2296,0x2296,0x2296,0x2296,0x2276,0x2276,0x1A55,0x1A35,0x2295,0x4BFA,0x5C3A,0x192A,0x0003,0x0005,0x0025,
   0x0003,0x1909,0x53F9,0x2AB7,0x1A35,0x1A55,0x1A55,0x1A55,0x1A55,0x1A55,0x1A55,0x1A55,0x1A55,0x1A75,0x1A75,0x1A75,
   0x1A75,0x2276,0x2296,0x2296,0x1A75,0x43DA,0x3AD2,0x0004,0x0005,0x0004,0x0846,0x4334,0x5C9C,0x43D9,0x2AF7,0x2296,
   0x2275,0x1A75,0x1A75,0x1A75,0x1A75,0x1A75,0x1A75,0x2276,0x2296,0x2296,0x22B6,0x2B17,0x43BA,0x5C5B,0x3AD2,0x0046,
   0x0004,0x0025,0x0005,0x0005,0x0005,0x0005,0x0005,0x0005,0x0005,0x0005,0x0005,0x0005,0x0005,0x0025,0x0003,0x10E9,
   0x53D7,0x5C9C,0x43B9,0x2AF7,0x22B6,0x2296,0x2296,0x2296,0x2296,0x2296,0x2296,0x22B6,0x22B6,0x2AD6,0x2AF7,0x2B17,
   0x3338,0x3B79,0x3B99,0x4C3C,0x5439,0x0886,0x32B1,0x4C3B,0x2295,0x22B6,0x22B6,0x2275,0x3B99,0x5439,0x08A7,0x0003,
   0x0025,0x0025,0x0005,0x0005,0x0005,0x0025,0x0025,0x0004,0x0024,0x4B55,0x541B,0x1A55,0x1A56,0x1A76,0x1A35,0x3B58,
   0x53F8,0x0865,0x0004,0x4375,0x3B99,0x1A34,0x2276,0x2276,0x2276,0x543B,0x3291,0x0003,0x0025,0x0005,0x0005,0x0025,
   0x0025,0x0025,0x0025,0x0025,0x0025,0x0025,0x0005,0x0025,0x0003,0x3271,0x545B,0x22B6,0x2296,0x2296,0x2275,0x43DA,
   0x4334,0x0004,0x0005,0x0003,0x2A0E,0x545B,0x2296,0x2296,0x2296,0x2296,0x22B6,0x3337,0x3B99,0x43B9,0x43DA,0x4BFA,
   0x541B,0x541B,0x541A,0x5C1A,0x541A,0x53F9,0x53B8,0x5397,0x4B14,0x1088,0x0004,0x0005,0x0004,0x0004,0xB2B4,0xEAD8,
   0xFB5A,0x69AB,0x0000,0x0000,0x0000,0x0000,0x0000,0x0000,0x0000,0x0000,0x0000,0x0000,0x0000,0x0000,0x0000,0x0000,
   0x0000,0x0000,0x0000,0x0000,0x1104,0x75BC,0x5D1C,0x6D9C,0x21CC,0x0003,0x0025,0x0025,0x0004,0x0024,0x4B96,0x4BDA,
   0x1A55,0x2276,0x2276,0x2276,0x2276,0x2276,0x1A35,0x3338,0x53F9,0x10A8,0x0003,0x0005,0x0005,0x0005,0x0005,0x0005,
   0x0005,0x0005,0x0004,0x3A93,0x4BBA,0x2235,0x2235,0x2255,0x1A14,0x3B39,0x4B56,0x0025,0x0004,0x0003,0x10E9,0x53D9,
   0x2AB7,0x19F4,0x1A15,0x1A14,0x1A14,0x19F4,0x19F4,0x19F4,0x19F4,0x1A14,0x1A14,0x1A35,0x1A35,0x2255,0x2A76,0x32D7,
   0x4379,0x543B,0x4B76,0x110A,0x0003,0x0004,0x0005,0x0025,0x0003,0x1909,0x53D9,0x3B79,0x3318,0x3B59,0x3B79,0x3B99,
   0x3B99,0x439A,0x439A,0x43BA,0x43BA,0x43BA,0x43BA,0x43BA,0x43DA,0x43DA,0x4BDA,0x4BDA,0x4BDA,0x5C7B,0x3AD3,0x0004,
   0x0005,0x0025,0x0004,0x0025,0x21CD,0x4355,0x4BD9,0x4BDA,0x43B9,0x43B9,0x43B9,0x43B9,0x43BA,0x43BA,0x43BA,0x43BA,
   0x4BDA,0x4BFA,0x4BFA,0x4BD8,0x42F4,0x196B,0x0004,0x0004,0x0025,0x0005,0x0005,0x0005,0x0005,0x0005,0x0005,0x0005,
   0x0005,0x0005,0x0005,0x0005,0x0005,0x0005,0x0005,0x0004,0x0866,0x2A0F,0x4356,0x4BD9,0x4BDA,0x4BDA,0x4BDA,0x43DA,
   0x4BDA,0x4BDA,0x4BFA,0x4BFA,0x4BFA,0x4BFA,0x4BF9,0x4BD9,0x4B98,0x4B76,0x4334,0x3AD3,0x21CD,0x10A8,0x4BB7,0x4C3B,
   0x4BDA,0x4BFA,0x4BFB,0x4BFA,0x5C9C,0x3AD3,0x0004,0x0004,0x0005,0x0005,0x0005,0x0005,0x0005,0x0005,0x0005,0x0025,
   0x0004,0x29CE,0x647C,0x3B79,0x3B59,0x3B39,0x32F8,0x3338,0x5C7C,0x218C,0x0003,0x4B55,0x43B9,0x2255,0x2A76,0x2A56,
   0x2236,0x4BFB,0x3271,0x0003,0x0025,0x0005,0x0005,0x0005,0x0005,0x0005,0x0005,0x0005,0x0005,0x0005,0x0005,0x0025,
   0x0003,0x3250,0x4BFB,0x2235,0x2235,0x2256,0x1A15,0x439A,0x4314,0x0004,0x0004,0x0003,0x29EE,0x541B,0x2256,0x2235,
   0x2256,0x2256,0x2235,0x1A15,0x1A15,0x1A15,0x1A15,0x1A15,0x1A15,0x2235,0x2235,0x2256,0x2A76,0x2AB7,0x32B7,0x4359,
   0x5BFA,0x10C9,0x0003,0x0025,0x0004,0x0004,0xAAB4,0xEAD8,0xFB5A,0x69CB,0x0000,0x0000,0x0000,0x0000,0x0000,0x0000,
   0x0000,0x0000,0x0000,0x0000,0x0000,0x0000,0x0000,0x0000,0x0000,0x0000,0x0000,0x0000,0x0041,0x5CB6,0x655D,0x6D7D,
   0x4352,0x0003,0x0005,0x0005,0x0005,0x0003,0x3250,0x543B,0x2235,0x1A15,0x2235,0x2215,0x2215,0x2215,0x19F5,0x4B9A,
   0x42F4,0x0004,0x0004,0x0005,0x0005,0x0005,0x0005,0x0005,0x0005,0x0005,0x0004,0x3A92,0x4359,0x19B3,0x19D4,0x19D4,
   0x1192,0x32D7,0x4316,0x0025,0x0004,0x0003,0x10E9,0x53B9,0x32D7,0x2A56,0x3297,0x3297,0x32B7,0x32D7,0x32F7,0x3B18,
   0x3B18,0x3B38,0x4359,0x4359,0x4379,0x4B99,0x53DA,0x53B8,0x4315,0x29CE,0x0046,0x0003,0x0005,0x0005,0x0005,0x0005,
   0x0003,0x10C8,0x4315,0x4336,0x3B15,0x3AF4,0x3AF4,0x3AD3,0x3AD3,0x32B2,0x3292,0x3271,0x3251,0x2A30,0x2A30,0x2A0F,
   0x21EF,0x21CE,0x21CE,0x21AD,0x21AD,0x218D,0x10E9,0x0005,0x0005,0x0005,0x0025,0x0004,0x0003,0x0025,0x10C9,0x196C,
   0x21AD,0x29EF,0x2A0F,0x29EF,0x29EF,0x29EF,0x21EF,0x21CE,0x21CE,0x218C,0x192B,0x0888,0x0004,0x0003,0x0004,0x0025,
   0x0005,0x0005,0x0005,0x0005,0x0005,0x0005,0x0005,0x0005,0x0005,0x0005,0x0005,0x0005,0x0005,0x0005,0x0005,0x0025,
   0x0004,0x0003,0x0025,0x10C9,0x196C,0x21AE,0x21CE,0x21EE,0x21EE,0x21CE,0x21CE,0x21AD,0x196C,0x192B,0x10E9,0x08A8,
   0x0867,0x0046,0x0024,0x0003,0x0003,0x0866,0x192A,0x192B,0x196C,0x196C,0x218D,0x21AD,0x21CE,0x10C9,0x0004,0x0005,
   0x0005,0x0005,0x0005,0x0005,0x0005,0x0005,0x0005,0x0025,0x0004,0x0887,0x42D3,0x4B56,0x4335,0x4356,0x4B56,0x4356,
   0x4BB8,0x3251,0x0025,0x4B34,0x5C3A,0x4BD9,0x53FA,0x53DA,0x4BB9,0x5C5C,0x3230,0x0003,0x0005,0x0005,0x0005,0x0005,
   0x0005,0x0005,0x0005,0x0005,0x0005,0x0005,0x0005,0x0005,0x0003,0x3230,0x4B9A,0x19F4,0x19D4,0x19F4,0x11B3,0x4339,
   0x42D4,0x0004,0x0005,0x0003,0x29CE,0x53DA,0x21F4,0x19D4,0x21F5,0x21F5,0x21F5,0x21F5,0x21F5,0x21F5,0x21F5,0x21F5,
   0x21F5,0x21D5,0x21D5,0x21D5,0x19B4,0x19D5,0x1994,0x2A36,0x5399,0x10C9,0x0003,0x0025,0x0004,0x0004,0xB2B4,0xEAB8,
   0xFB5A,0x61CB,0x0000,0x0000,0x0000,0x0000,0x0000,0x0000,0x0000,0x0000,0x0000,0x0000,0x0000,0x0000,0x0000,0x0000,
   0x0000,0x0000,0x0000,0x0000,0x0000,0x3ACD,0x6DBE,0x5CFC,0x5C97,0x0045,0x0004,0x0005,0x0005,0x0003,0x190A,0x5BFA,
   0x2A56,0x19B4,0x21D5,0x19D5,0x21D5,0x19B4,0x21F5,0x53BA,0x29CE,0x0003,0x0005,0x0005,0x0005,0x0005,0x0005,0x0005,
   0x0025,0x0005,0x0004,0x3A72,0x4B9B,0x3297,0x3AD8,0x42F8,0x3AF8,0x4B9B,0x4316,0x0025,0x0004,0x0004,0x10C9,0x4B78,
   0x4B99,0x4B78,0x5378,0x4B57,0x4B37,0x4B16,0x42F5,0x3AD4,0x3AB3,0x3A72,0x3231,0x2A10,0x29EF,0x29AE,0x194C,0x10A9,
   0x0005,0x0004,0x0004,0x0005,0x0005,0x0005,0x0005,0x0005,0x0005,0x0005,0x0026,0x0025,0x0005,0x0005,0x0005,0x0004,
   0x0004,0x0004,0x0004,0x0004,0x0004,0x0003,0x0003,0x0003,0x0004,0x0004,0x0003,0x0003,0x0003,0x0003,0x0004,0x0005,
   0x0005,0x0005,0x0005,0x0005,0x0005,0x0004,0x0003,0x0003,0x0003,0x0003,0x0003,0x0004,0x0003,0x0003,0x0003,0x0003,
   0x0003,0x0003,0x0004,0x0004,0x0004,0x0025,0x0025,0x0005,0x0005,0x0005,0x0005,0x0005,0x0005,0x0005,0x0005,0x0005,
   0x0005,0x0005,0x0005,0x0005,0x0005,0x0005,0x0005,0x0005,0x0025,0x0025,0x0004,0x0004,0x0003,0x0003,0x0003,0x0003,
   0x0004,0x0003,0x0003,0x0003,0x0003,0x0003,0x0003,0x0004,0x0004,0x0004,0x0004,0x0004,0x0025,0x0004,0x0003,0x0003,
   0x0003,0x0003,0x0003,0x0003,0x0003,0x0004,0x0005,0x0005,0x0005,0x0005,0x0005,0x0005,0x0005,0x0005,0x0005,0x0005,
   0x0005,0x0004,0x0004,0x0025,0x0025,0x0025,0x0046,0x0846,0x0867,0x0887,0x0025,0x10C8,0x192B,0x194B,0x216C,0x21AD,
   0x21AE,0x29EF,0x190A,0x0004,0x0005,0x0005,0x0005,0x0005,0x0005,0x0005,0x0005,0x0005,0x0005,0x0005,0x0005,0x0005,
   0x0003,0x3230,0x5C1C,0x4B79,0x4359,0x4339,0x3AF8,0x53DB,0x42D4,0x0004,0x0004,0x0003,0x29AE,0x4B9A,0x21D4,0x19B4,
   0x19B4,0x1994,0x1994,0x1994,0x1994,0x1994,0x19B4,0x21B4,0x21B4,0x21B5,0x21D5,0x21D5,0x21D5,0x21D5,0x21B4,0x2A36,
   0x5379,0x10C9,0x0004,0x0025,0x0004,0x0004,0xAAB4,0xEAB8,0xF35A,0x61AB,0x0000,0x0000,0x0000,0x0000,0x0000,0x0000,
   0x0000,0x0000,0x0000,0x0000,0x0000,0x0000,0x0000,0x0000,0x0000,0x0000,0x0000,0x0000,0x0000,0x21A7,0x6DBC,0x5CDB,
   0x6D5B,0x198A,0x0003,0x0025,0x0005,0x0004,0x0845,0x4B36,0x3AD8,0x1153,0x1994,0x1994,0x19B4,0x1994,0x3297,0x5399,
   0x10A8,0x0004,0x0005,0x0005,0x0005,0x0005,0x0005,0x0005,0x0005,0x0005,0x0004,0x3211,0x5378,0x4B37,0x4B16,0x42D5,
   0x3A93,0x3252,0x218E,0x0005,0x0005,0x0004,0x0846,0x18EA,0x10E9,0x10C8,0x10A8,0x0887,0x0867,0x0846,0x0026,0x0005,
   0x0004,0x0004,0x0004,0x0003,0x0003,0x0003,0x0003,0x0004,0x0004,0x0005,0x0005,0x0005,0x0005,0x0005,0x0005,0x0005,
   0x0005,0x0005,0x0004,0x0004,0x0004,0x0004,0x0004,0x0004,0x0004,0x0005,0x0005,0x0005,0x0005,0x0005,0x0005,0x0005,
   0x0005,0x0005,0x0025,0x0025,0x0005,0x0005,0x0005,0x0005,0x0005,0x0005,0x0005,0x0005,0x0005,0x0025,0x0025,0x0025,
   0x0005,0x0005,0x0005,0x0005,0x0005,0x0005,0x0005,0x0005,0x0025,0x0025,0x0025,0x0025,0x0025,0x0025,0x0025,0x0025,
   0x0025,0x0025,0x0025,0x0025,0x0025,0x0025,0x0025,0x0025,0x0025,0x0005,0x0025,0x0025,0x0005,0x0005,0x0005,0x0005,
   0x0005,0x0005,0x0025,0x0025,0x0005,0x0005,0x0005,0x0005,0x0005,0x0005,0x0005,0x0005,0x0025,0x0005,0x0025,0x0025,
   0x0025,0x0025,0x0025,0x0025,0x0005,0x0005,0x0025,0x0025,0x0025,0x0025,0x0025,0x0005,0x0005,0x0005,0x0005,0x0005,
   0x0005,0x0005,0x0005,0x0005,0x0005,0x0005,0x0005,0x0005,0x0005,0x0005,0x0004,0x0004,0x0004,0x0004,0x0004,0x0004,
   0x0004,0x0004,0x0005,0x0004,0x0003,0x0003,0x0003,0x0003,0x0003,0x0003,0x0004,0x0005,0x0005,0x0005,0x0005,0x0005,
   0x0005,0x0005,0x0005,0x0005,0x0005,0x0005,0x0005,0x0005,0x0004,0x10C9,0x29CF,0x3210,0x3252,0x3A93,0x42D4,0x4B36,
   0x3231,0x0005,0x0004,0x0003,0x29AE,0x5BFB,0x4B79,0x4339,0x4319,0x3AF8,0x3AD8,0x3297,0x3277,0x2A36,0x2A15,0x21F5,
   0x21D5,0x21B4,0x19B4,0x1994,0x1994,0x1994,0x1974,0x2A16,0x4B79,0x10C9,0x0003,0x0025,0x0004,0x0004,0xAA94,0xEAB8,
   0xF339,0x61AB,0x0000,0x0000,0x0000,0x0000,0x0000,0x0000,0x0000,0x0000,0x0000,0x0000,0x0000,0x0000,0x0000,0x0000,
   0x0000,0x0000,0x0000,0x0000,0x0000,0x08A3,0x5CB7,0x5D1C,0x6D7C,0x3AD0,0x0003,0x0005,0x0005,0x0005,0x0003,0x3210,
   0x53BB,0x3AB7,0x3AF8,0x4319,0x4339,0x4338,0x53BA,0x3A93,0x0005,0x0004,0x0005,0x0005,0x0005,0x0005,0x0005,0x0005,
   0x0005,0x0005,0x0005,0x0867,0x0887,0x0846,0x0046,0x0025,0x0005,0x0004,0x0004,0x0005,0x0005,0x0005,0x0004,0x0003,
   0x0003,0x0003,0x0003,0x0004,0x0004,0x0004,0x0004,0x0004,0x0004,0x0004,0x0005,0x0025,0x0005,0x0005,0x0025,0x0025,
   0x0005,0x0005,0x0005,0x0005,0x0005,0x0005,0x0005,0x0005,0x0005,0x0005,0x0025,0x0005,0x0005,0x0005,0x0005,0x0005,
   0x0005,0x0005,0x0005,0x0005,0x0005,0x0005,0x0005,0x0005,0x0005,0x0005,0x0005,0x0005,0x0005,0x0005,0x0005,0x0005,
   0x0005,0x0005,0x0005,0x0005,0x0005,0x0005,0x0005,0x0005,0x0005,0x0005,0x0005,0x0005,0x0005,0x0005,0x0005,0x0005,
   0x0005,0x0005,0x0005,0x0005,0x0005,0x0005,0x0005,0x0005,0x0005,0x0005,0x0005,0x0005,0x0005,0x0025,0x0005,0x0005,
   0x0025,0x0025,0x0025,0x0025,0x0025,0x0025,0x0025,0x0025,0x0025,0x0025,0x0025,0x0025,0x0025,0x0025,0x0025,0x0005,
   0x0005,0x0005,0x0005,0x0005,0x0005,0x0005,0x0005,0x0005,0x0005,0x0005,0x0005,0x0005,0x0005,0x0005,0x0005,0x0005,
   0x0005,0x0005,0x0005,0x0005,0x0005,0x0005,0x0005,0x0005,0x0005,0x0005,0x0005,0x0005,0x0005,0x0005,0x0005,0x0004,
   0x0005,0x0025,0x0025,0x0025,0x0025,0x0025,0x0025,0x0025,0x0025,0x0025,0x0025,0x0025,0x0025,0x0025,0x0025,0x0025,
   0x0025,0x0025,0x0025,0x0005,0x0005,0x0005,0x0005,0x0005,0x0005,0x0005,0x0005,0x0005,0x0005,0x0005,0x0005,0x0005,
   0x0005,0x0004,0x0003,0x0003,0x0004,0x0004,0x0025,0x0045,0x0046,0x0005,0x0005,0x0004,0x0888,0x218D,0x29CF,0x2A10,
   0x3252,0x3A93,0x42B4,0x42F6,0x4B17,0x4B58,0x4B58,0x4B59,0x4B59,0x4339,0x4319,0x3AF8,0x3AB7,0x3277,0x2A15,0x3277,
   0x4B59,0x10C9,0x0004,0x0025,0x0004,0x0004,0xAA94,0xEAB8,0xF33A,0x61AB,0x0000,0x0000,0x0000,0x0000,0x0000,0x0000,
   0x0000,0x0000,0x0000,0x0000,0x0000,0x0000,0x0000,0x0000,0x0000,0x0000,0x0000,0x0000,0x0000,0x0000,0x4370,0x6D7D,
   0x653C,0x5416,0x0024,0x0004,0x0005,0x0025,0x0003,0x18EA,0x4AF5,0x42D5,0x3A73,0x3232,0x29CF,0x218D,0x194C,0x0887,
   0x0004,0x0005,0x0005,0x0005,0x0005,0x0005,0x0005,0x0005,0x0005,0x0005,0x0005,0x0004,0x0004,0x0004,0x0004,0x0004,
   0x0004,0x0005,0x0005,0x0025,0x0005,0x0005,0x0025,0x0025,0x0025,0x0025,0x0025,0x0025,0x0025,0x0025,0x0025,0x0025,
   0x0005,0x0005,0x0005,0x0025,0x0005,0x0005,0x0005,0x0005,0x0005,0x0005,0x0005,0x0005,0x0005,0x0005,0x0005,0x0005,
   0x0005,0x0005,0x0005,0x0005,0x0005,0x0005,0x0005,0x0025,0x0005,0x0005,0x0005,0x0005,0x0005,0x0005,0x0005,0x0005,
   0x0025,0x0025,0x0025,0x0025,0x0025,0x0025,0x0005,0x0005,0x0005,0x0005,0x0005,0x0005,0x0005,0x0005,0x0005,0x0005,
   0x0005,0x0005,0x0005,0x0005,0x0005,0x0005,0x0005,0x0005,0x0005,0x0005,0x0005,0x0005,0x0005,0x0005,0x0005,0x0005,
   0x0005,0x0005,0x0005,0x0005,0x0005,0x0005,0x0005,0x0005,0x0005,0x0005,0x0005,0x0005,0x0005,0x0005,0x0005,0x0005,
   0x0005,0x0005,0x0005,0x0005,0x0005,0x0025,0x0005,0x0005,0x0025,0x0005,0x0025,0x0025,0x0025,0x0005,0x0005,0x0005,
   0x0025,0x0005,0x0005,0x0005,0x0005,0x0005,0x0025,0x0025,0x0005,0x0005,0x0005,0x0005,0x0005,0x0005,0x0005,0x0005,
   0x0005,0x0005,0x0005,0x0005,0x0005,0x0005,0x0005,0x0005,0x0005,0x0005,0x0005,0x0005,0x0005,0x0005,0x0005,0x0005,
   0x0005,0x0005,0x0005,0x0005,0x0025,0x0025,0x0025,0x0025,0x0025,0x0025,0x0025,0x0025,0x0025,0x0025,0x0025,0x0025,
   0x0025,0x0005,0x0005,0x0005,0x0005,0x0005,0x0005,0x0005,0x0005,0x0005,0x0005,0x0005,0x0005,0x0005,0x0004,0x0004,
   0x0004,0x0025,0x0005,0x0025,0x0004,0x0004,0x0004,0x0004,0x0004,0x0005,0x0025,0x0026,0x0867,0x10A9,0x10EA,0x194C,
   0x218D,0x29CF,0x3211,0x3A73,0x4294,0x42D6,0x4AF7,0x4B18,0x4B38,0x10A9,0x0004,0x0005,0x0004,0x0004,0xAA94,0xEAB8,
   0xF339,0x61AA,0x0000,0x0000,0x0000,0x0000,0x0000,0x0000,0x0000,0x0000,0x0000,0x0000,0x0000,0x0000,0x0000,0x0000,
   0x0000,0x0000,0x0000,0x0000,0x0000,0x0000,0x324A,0x6D5C,0x5CFB,0x64FA,0x1108,0x0003,0x0025,0x0005,0x0004,0x0025,
   0x0846,0x0025,0x0005,0x0004,0x0003,0x0003,0x0003,0x0004,0x0025,0x0005,0x0005,0x0005,0x0005,0x0005,0x0005,0x0005,
   0x0005,0x0005,0x0005,0x0005,0x0005,0x0005,0x0005,0x0005,0x0005,0x0005,0x0005,0x0005,0x0005,0x0005,0x0005,0x0005,
   0x0025,0x0025,0x0005,0x0005,0x0005,0x0005,0x0005,0x0005,0x0005,0x0005,0x0005,0x0005,0x0005,0x0005,0x0005,0x0005,
   0x0005,0x0005,0x0005,0x0005,0x0005,0x0005,0x0025,0x0025,0x0005,0x0005,0x0005,0x0005,0x0005,0x0005,0x0005,0x0005,
   0x0005,0x0005,0x0005,0x0005,0x0005,0x0005,0x0005,0x0025,0x0005,0x0005,0x0005,0x0005,0x0005,0x0005,0x0005,0x0005,
   0x0005,0x0005,0x0005,0x0005,0x0005,0x0005,0x0005,0x0005,0x0005,0x0005,0x0005,0x0005,0x0005,0x0025,0x0005,0x0005,
   0x0005,0x0005,0x0005,0x0005,0x0005,0x0005,0x0005,0x0806,0x0806,0x0806,0x0806,0x0806,0x0806,0x0806,0x0805,0x0005,
   0x0005,0x0005,0x0005,0x0005,0x0005,0x0005,0x0005,0x0005,0x0005,0x0005,0x0005,0x0005,0x0005,0x0005,0x0005,0x0005,
   0x0005,0x0005,0x0005,0x0005,0x0005,0x0005,0x0005,0x0005,0x0005,0x0005,0x0005,0x0005,0x0005,0x0005,0x0005,0x0005,
   0x0005,0x0005,0x0005,0x0005,0x0005,0x0005,0x0005,0x0005,0x0005,0x0005,0x0005,0x0005,0x0005,0x0005,0x0005,0x0005,
   0x0805,0x0806,0x0806,0x0806,0x0806,0x0805,0x0805,0x0805,0x0005,0x0005,0x0005,0x0005,0x0005,0x0005,0x0005,0x0005,
   0x0005,0x0005,0x0005,0x0025,0x0025,0x0005,0x0005,0x0025,0x0025,0x0025,0x0025,0x0025,0x0005,0x0005,0x0005,0x0005,
   0x0005,0x0005,0x0005,0x0005,0x0005,0x0005,0x0005,0x0005,0x0005,0x0005,0x0005,0x0005,0x0005,0x0005,0x0005,0x0005,
   0x0005,0x0005,0x0004,0x0004,0x0004,0x0003,0x0003,0x0003,0x0003,0x0003,0x0004,0x0004,0x0025,0x0846,0x0887,0x10C9,
   0x18EB,0x0846,0x0004,0x0025,0x0004,0x0004,0xAA94,0xEAB8,0xF339,0x61AB,0x0000,0x0000,0x0000,0x0000,0x0000,0x0000,
   0x0000,0x0000,0x0000,0x0000,0x0000,0x0000,0x0000,0x0000,0x0000,0x0000,0x0000,0x0000,0x0000,0x0000,0x10A3,0x64F9,
   0x5CFC,0x6D5C,0x2A0D,0x0003,0x0025,0x0025,0x0005,0x0004,0x0004,0x0004,0x0004,0x0005,0x0025,0x0025,0x0025,0x0025,
   0x0005,0x0005,0x0005,0x0005,0x0005,0x0005,0x0005,0x0805,0x0806,0x1026,0x1026,0x1006,0x1026,0x1026,0x0826,0x0805,
   0x0005,0x0005,0x0005,0x0005,0x0025,0x0005,0x0005,0x0025,0x0025,0x0005,0x0025,0x0005,0x0005,0x0005,0x0005,0x0005,
   0x0005,0x0005,0x0005,0x0805,0x0806,0x1026,0x1026,0x1026,0x1026,0x1026,0x0826,0x0805,0x0805,0x0005,0x0005,0x0005,
   0x0005,0x0805,0x0806,0x1006,0x1006,0x1006,0x1026,0x1006,0x1006,0x1026,0x0805,0x0005,0x0005,0x0005,0x0005,0x0025,
   0x0005,0x0005,0x0025,0x0025,0x0005,0x0005,0x0005,0x0826,0x0826,0x1026,0x1006,0x1007,0x1007,0x1027,0x1026,0x0825,
   0x0005,0x0005,0x0005,0x0005,0x0025,0x0005,0x0005,0x0005,0x0005,0x0805,0x0806,0x1006,0x1007,0x1827,0x1007,0x1006,
   0x1006,0x1006,0x1006,0x1006,0x1007,0x1027,0x1827,0x1027,0x1026,0x0806,0x0805,0x0005,0x0005,0x0005,0x0005,0x0005,
   0x0005,0x0005,0x0005,0x0005,0x0005,0x0005,0x0005,0x0005,0x0005,0x0005,0x0005,0x0005,0x0025,0x0005,0x0005,0x0005,
   0x0005,0x0005,0x0005,0x0005,0x0005,0x0005,0x0005,0x0005,0x0005,0x0005,0x0005,0x0005,0x0005,0x0005,0x0005,0x0005,
   0x0005,0x0025,0x0005,0x0805,0x0806,0x1026,0x1027,0x1827,0x1807,0x1806,0x1006,0x1006,0x1006,0x1006,0x1007,0x1027,
   0x1027,0x1026,0x0805,0x0805,0x0005,0x0005,0x0005,0x0025,0x0005,0x0005,0x0005,0x0005,0x0005,0x0005,0x0005,0x0005,
   0x0005,0x0025,0x0025,0x0005,0x0025,0x0005,0x0005,0x0005,0x0005,0x0005,0x0805,0x0805,0x0806,0x0806,0x0806,0x1006,
   0x1006,0x1006,0x1006,0x1006,0x1006,0x0806,0x0806,0x0806,0x0005,0x0005,0x0005,0x0005,0x0005,0x0005,0x0005,0x0025,
   0x0025,0x0025,0x0025,0x0024,0x0004,0x0004,0x0004,0x0003,0x0003,0x0004,0x0005,0x0005,0x0004,0x0004,0xAA94,0xEAB8,
   0xF339,0x61CB,0x0000,0x0000,0x0000,0x0000,0x0000,0x0000,0x0000,0x0000,0x0000,0x0000,0x0000,0x0000,0x0000,0x0000,
   0x0000,0x0000,0x0000,0x0000,0x0000,0x0000,0x0000,0x5C35,0x651C,0x653C,0x4393,0x0003,0x0004,0x0025,0x0005,0x0005,
   0x0025,0x0025,0x0025,0x0005,0x0005,0x0005,0x0025,0x0005,0x0005,0x0005,0x0005,0x0005,0x0005,0x0805,0x0806,0x0806,
   0x0805,0x1006,0x1006,0x1006,0x1006,0x1006,0x0805,0x1026,0x0805,0x0005,0x0005,0x0005,0x0005,0x0025,0x0005,0x0005,
   0x0005,0x0005,0x0005,0x0005,0x0005,0x0005,0x0005,0x0005,0x0005,0x0805,0x0805,0x1026,0x1006,0x1005,0x1006,0x1006,
   0x1006,0x1006,0x0805,0x0805,0x1006,0x0805,0x0005,0x0005,0x0805,0x0806,0x0805,0x0806,0x1006,0x1006,0x1006,0x1006,
   0x1005,0x0805,0x0805,0x0805,0x0005,0x0005,0x0005,0x0005,0x0005,0x0005,0x0005,0x0005,0x0005,0x0805,0x0806,0x0805,
   0x0805,0x1006,0x1006,0x1006,0x1006,0x1006,0x0805,0x0805,0x0806,0x0005,0x0005,0x0025,0x0005,0x0005,0x0005,0x0805,
   0x1006,0x1006,0x1806,0x1006,0x1006,0x1006,0x1807,0x2008,0x2848,0x2869,0x2848,0x2848,0x2008,0x1807,0x1806,0x1006,
   0x1006,0x1807,0x1027,0x1026,0x0805,0x0005,0x0005,0x0005,0x0005,0x0005,0x0005,0x0005,0x0005,0x0005,0x0025,0x0005,
   0x0005,0x1806,0x1026,0x0005,0x0005,0x0005,0x0005,0x0005,0x0005,0x0005,0x0005,0x0005,0x0005,0x0005,0x0005,0x0005,
   0x0005,0x0005,0x0005,0x0005,0x0005,0x0005,0x0005,0x0005,0x0005,0x0806,0x1026,0x1027,0x1807,0x1006,0x1006,0x1006,
   0x2007,0x2808,0x2848,0x2848,0x2848,0x2008,0x1807,0x1006,0x1006,0x1006,0x1827,0x1026,0x0806,0x0805,0x0005,0x0005,
   0x0005,0x0005,0x0005,0x0005,0x0005,0x0005,0x0005,0x0005,0x0005,0x0005,0x0005,0x0005,0x0005,0x0005,0x0005,0x0005,
   0x0805,0x1006,0x1006,0x1807,0x1807,0x1807,0x1807,0x1807,0x1807,0x1807,0x1807,0x1807,0x1807,0x1827,0x1827,0x1827,
   0x1006,0x0806,0x0805,0x0805,0x0005,0x0005,0x0005,0x0005,0x0005,0x0025,0x0025,0x0025,0x0025,0x0005,0x0005,0x0005,
   0x0025,0x0005,0x0005,0x0004,0x0004,0x0004,0xAA94,0xEAB8,0xF339,0x61AA,0x0000,0x0000,0x0000,0x0000,0x0000,0x0000,
   0x0000,0x0000,0x0000,0x0000,0x0000,0x0000,0x0000,0x0000,0x0000,0x0000,0x0000,0x0000,0x0000,0x0000,0x0000,0x32AC,
   0x655C,0x5CFC,0x5CB9,0x0886,0x0004,0x0025,0x0025,0x0025,0x0004,0x0005,0x0005,0x0005,0x0005,0x0005,0x0005,0x0005,
   0x0005,0x0005,0x0005,0x0005,0x0005,0x0805,0x1006,0x2888,0x514C,0x596D,0x596E,0x596D,0x596D,0x596D,0x40EA,0x1806,
   0x1006,0x0805,0x0005,0x0005,0x0005,0x0005,0x0005,0x0005,0x0005,0x0005,0x0005,0x0005,0x0005,0x0005,0x0005,0x0005,
   0x0805,0x1006,0x1826,0x1806,0x38AA,0x598D,0x596D,0x594D,0x514D,0x514D,0x516D,0x494B,0x2047,0x0805,0x0805,0x0805,
   0x0806,0x1807,0x40EA,0x514C,0x512C,0x514C,0x514C,0x512C,0x514C,0x514C,0x30A9,0x0805,0x0805,0x0005,0x0005,0x0005,
   0x0005,0x0005,0x0005,0x0005,0x0805,0x1006,0x1807,0x38CA,0x514C,0x514C,0x514D,0x514D,0x514C,0x514C,0x516C,0x38EA,
   0x1006,0x0806,0x0005,0x0005,0x0005,0x0805,0x0806,0x1826,0x1807,0x1006,0x1006,0x3068,0x598D,0x8292,0xAB55,0xC3D8,
   0xCC19,0xCC59,0xCC39,0xCC19,0xC3B7,0xAB55,0x92D3,0x7A30,0x512C,0x2828,0x1006,0x1006,0x1026,0x0806,0x0005,0x0005,
   0x0005,0x0005,0x0005,0x0005,0x0005,0x0005,0x0005,0x48CA,0x9A31,0xBAB3,0xBA12,0x896F,0x3088,0x0005,0x0005,0x0005,
   0x0005,0x0005,0x0005,0x0005,0x0005,0x0005,0x0005,0x0005,0x0005,0x0005,0x0005,0x0025,0x0005,0x0005,0x0005,0x0806,
   0x1006,0x1827,0x1807,0x1006,0x1807,0x40CB,0x720F,0x92F3,0xB396,0xC3F8,0xCC39,0xCC39,0xCC39,0xC3D8,0xAB55,0x8A92,
   0x618D,0x3069,0x1806,0x1806,0x1027,0x1026,0x0805,0x0005,0x0005,0x0005,0x0005,0x0005,0x0005,0x0005,0x0005,0x0005,
   0x0005,0x0005,0x0005,0x0005,0x0805,0x0805,0x0806,0x1026,0x1807,0x1807,0x1807,0x1807,0x1806,0x1807,0x2007,0x2808,
   0x2829,0x2829,0x2829,0x2808,0x2008,0x1807,0x1807,0x1806,0x1807,0x1807,0x1827,0x1006,0x0805,0x0005,0x0005,0x0005,
   0x0005,0x0025,0x0025,0x0024,0x0005,0x0005,0x0005,0x0025,0x0025,0x0025,0x0025,0x0025,0x0005,0x0005,0xAA94,0xEAB8,
   0xF339,0x61AA,0x0000,0x0000,0x0000,0x0000,0x0000,0x0000,0x0000,0x0000,0x0000,0x0000,0x0000,0x0000,0x0000,0x0000,
   0x0000,0x0000,0x0000,0x0000,0x0000,0x0000,0x0000,0x1105,0x6D5B,0x5CBB,0x6D3C,0x196B,0x0001,0x0003,0x0003,0x0003,
   0x0004,0x0004,0x0004,0x0025,0x0005,0x0005,0x0005,0x0005,0x0005,0x0005,0x0005,0x0005,0x0805,0x1006,0x1005,0x8AB2,
   0xF55E,0xECFD,0xF4FD,0xF4FD,0xECDD,0xF51E,0xD49A,0x3889,0x1006,0x1026,0x0005,0x0005,0x0005,0x0005,0x0005,0x0005,
   0x0005,0x0005,0x0005,0x0005,0x0005,0x0005,0x0005,0x0005,0x0805,0x1807,0x1006,0x3889,0xD45A,0xF53E,0xECDD,0xECFD,
   0xECFD,0xECDD,0xF55E,0xCC59,0x2888,0x0806,0x0806,0x0806,0x0805,0x2868,0xC459,0xF53E,0xECDD,0xED1D,0xECFD,0xECDD,
   0xECDD,0xF53E,0x7250,0x0004,0x0826,0x0005,0x0005,0x0005,0x0005,0x0005,0x0005,0x0005,0x0806,0x1006,0x2047,0xBBD7,
   0xF53E,0xECDD,0xECFD,0xED1D,0xED1D,0xED1D,0xF57E,0x9313,0x0805,0x1006,0x0005,0x0005,0x0805,0x1006,0x1827,0x1807,
   0x2007,0x594D,0xA334,0xDC9A,0xF51D,0xFCFE,0xFC9E,0xFC7D,0xFC5D,0xFC3D,0xFC3D,0xFC3D,0xFC5D,0xFC9D,0xFCDE,0xFCFD,
   0xECFC,0xCC19,0x8A72,0x40EA,0x1006,0x1006,0x0806,0x0005,0x0005,0x0005,0x0005,0x0005,0x0005,0x0004,0x68CC,0xE2D6,
   0xFD5A,0xFDBB,0xF358,0xF1F6,0xB9B3,0x3069,0x0004,0x0005,0x0005,0x0005,0x0005,0x0005,0x0005,0x0005,0x0005,0x0005,
   0x0005,0x0005,0x0005,0x0025,0x0005,0x0805,0x1006,0x1827,0x1807,0x1806,0x3889,0x7A10,0xBBD7,0xE4DC,0xFD3E,0xFCFE,
   0xFCBD,0xFC7D,0xFC5D,0xFC5D,0xFC5D,0xFC7D,0xFCBD,0xFCFE,0xF51D,0xDC9A,0xA314,0x490B,0x1806,0x1006,0x1026,0x0805,
   0x0805,0x0005,0x0005,0x0005,0x0005,0x0005,0x0005,0x0005,0x0005,0x0005,0x0805,0x0805,0x1006,0x1827,0x1807,0x1006,
   0x1806,0x2848,0x40CB,0x61AE,0x8AD2,0xA395,0xBC37,0xCCB9,0xD4DA,0xD4DA,0xD4DA,0xCC99,0xBC37,0xA374,0x7A71,0x514C,
   0x3089,0x2007,0x1806,0x1807,0x1827,0x1006,0x0805,0x0005,0x0005,0x0024,0x0025,0x0825,0x0003,0x0003,0x0003,0x0003,
   0x0003,0x0003,0x0003,0x0003,0x0003,0x0003,0xA293,0xEAB8,0xF339,0x61AB,0x0000,0x0000,0x0000,0x0000,0x0000,0x0000,
   0x0000,0x0000,0x0000,0x0000,0x0000,0x0000,0x0000,0x0000,0x0000,0x0000,0x0000,0x0000,0x0000,0x0000,0x0000,0x0861,
   0x64B7,0x64DC,0x6D3C,0x4B93,0x218A,0x322E,0x3AAF,0x4311,0x4BB4,0x42F1,0x0025,0x0004,0x0025,0x0005,0x0005,0x0005,
   0x0005,0x0005,0x0005,0x0005,0x1006,0x1007,0x2007,0xBBB7,0xFCDE,0xEB7B,0xF37C,0xF37C,0xEB7C,0xEBBC,0xFD3E,0x7A71,
   0x1007,0x1807,0x0805,0x0005,0x0005,0x0005,0x0005,0x0005,0x0005,0x0005,0x0005,0x0005,0x0005,0x0005,0x0005,0x0805,
   0x1006,0x1807,0x2007,0xBBB7,0xFD1E,0xEB7B,0xEB7C,0xF39C,0xF3BC,0xEB9B,0xFD1E,0xC3D7,0x2007,0x1006,0x1006,0x1027,
   0x0805,0x410A,0xECDC,0xF41D,0xEB7B,0xEBDC,0xF3BC,0xEB9B,0xF3FC,0xFD1E,0x61AE,0x0805,0x0806,0x0005,0x0005,0x0005,
   0x0005,0x0005,0x0005,0x0805,0x1006,0x1006,0x38AA,0xE49B,0xFC3C,0xEB5B,0xF39B,0xEBBC,0xEB9B,0xF3FC,0xFD7F,0x7A50,
   0x1006,0x1006,0x0806,0x0806,0x1006,0x1807,0x1006,0x40CB,0xB376,0xF55D,0xFD1E,0xFC5D,0xEB9B,0xEB1B,0xEADB,0xE2BB,
   0xE2BB,0xEABB,0xE2BA,0xE2DA,0xE2BA,0xE2DA,0xEAFB,0xEB3B,0xEB7B,0xF3FC,0xFC9D,0xEC7B,0x9AD3,0x2869,0x0805,0x0805,
   0x0005,0x0005,0x0005,0x0025,0x0004,0x3889,0xDA96,0xEB57,0xF498,0xEC38,0xDA15,0xE155,0xC114,0x8911,0x1046,0x0004,
   0x0005,0x0005,0x0005,0x0005,0x0005,0x0005,0x0005,0x0005,0x0005,0x0005,0x0005,0x0005,0x0805,0x1006,0x1827,0x1006,
   0x2848,0x8251,0xDCBB,0xFD7F,0xFCDE,0xF3DC,0xEB5B,0xEAFB,0xEADA,0xEABB,0xEABB,0xEABB,0xEABB,0xE2DA,0xEADA,0xEB1B,
   0xEB7B,0xF43C,0xFCFD,0xECFC,0x9B14,0x3089,0x1006,0x1826,0x0805,0x0005,0x0005,0x0005,0x0005,0x0005,0x0005,0x0005,
   0x0005,0x0805,0x1006,0x1827,0x1807,0x1806,0x2808,0x516D,0x8AD3,0xC499,0xED9C,0xFE1E,0xFE1F,0xFE1E,0xFDDE,0xFDBD,
   0xFD9D,0xFD9D,0xFD9D,0xFDBD,0xFDDE,0xFDFE,0xFE1E,0xF5FD,0xDD3A,0xABB5,0x69CE,0x2848,0x1006,0x1807,0x1027,0x0806,
   0x0805,0x0004,0x0843,0x69AD,0x8A72,0x6A2F,0x620E,0x59EE,0x49AC,0x416B,0x394A,0x3129,0x28E8,0x28E8,0xBAD4,0xEAB8,
   0xF339,0x61AB,0x0000,0x0000,0x0000,0x0000,0x0000,0x0000,0x0000,0x0000,0x0000,0x0000,0x0000,0x0000,0x0000,0x0000,
   0x0000,0x0000,0x0000,0x0000,0x0000,0x0000,0x0000,0x0000,0x430F,0x7DBF,0x753D,0x8E5E,0x965E,0x969F,0x969F,0x8E3F,
   0x85BF,0x85DF,0x3A6F,0x0003,0x0025,0x0005,0x0005,0x0005,0x0005,0x0005,0x0005,0x0805,0x1006,0x1006,0x3089,0xD45A,
   0xF3FC,0xEABA,0xEAFB,0xEADB,0xEADB,0xE2BA,0xFC7D,0xCC39,0x2848,0x1807,0x1006,0x0805,0x0005,0x0005,0x0005,0x0005,
   0x0005,0x0005,0x0005,0x0005,0x0005,0x0005,0x0805,0x1006,0x1807,0x1807,0x9AF4,0xFD7F,0xEB7B,0xEABA,0xEADB,0xEADB,
   0xEADB,0xE2DA,0xFCDE,0xA2F4,0x1807,0x1807,0x1006,0x1027,0x1006,0x61AE,0xFCFE,0xEB1B,0xEABA,0xEADB,0xEADB,0xEABA,
   0xF39C,0xECDC,0x48EB,0x1006,0x0806,0x0005,0x0005,0x0005,0x0005,0x0005,0x0005,0x0805,0x1007,0x1006,0x514D,0xF51D,
   0xEB7B,0xEABA,0xEADB,0xEADB,0xEABA,0xEB5B,0xF4FD,0x594D,0x1006,0x1007,0x0806,0x1007,0x1807,0x1807,0x69AE,0xE47B,
   0xFCBE,0xEB9B,0xEAFA,0xEABB,0xEADB,0xEAFB,0xEAFB,0xEAFB,0xEAFB,0xEAFB,0xEAFB,0xEAFB,0xEAFB,0xEADB,0xEADB,0xEADB,
   0xEABB,0xEA9A,0xE2B9,0xFC5D,0xE4BC,0x38CA,0x0805,0x0805,0x0005,0x0025,0x0005,0x0005,0x0005,0x790E,0xF41A,0xDAF7,
   0xD995,0xD975,0xD915,0xD956,0x9872,0x90B2,0x40AB,0x0004,0x0005,0x0005,0x0005,0x0005,0x0005,0x0005,0x0005,0x0005,
   0x0005,0x0005,0x0005,0x0805,0x1006,0x1807,0x1006,0x594C,0xCBF9,0xFD1F,0xFC5D,0xEB3B,0xEADB,0xEABB,0xEADB,0xEADB,
   0xF2FB,0xF2FB,0xEAFB,0xEAFB,0xEAFC,0xEAFB,0xEAFB,0xEADB,0xEABB,0xEABA,0xEAFA,0xF3DC,0xFD1E,0xD43A,0x490B,0x1005,
   0x1006,0x0805,0x0005,0x0005,0x0005,0x0005,0x0005,0x0805,0x0805,0x1826,0x1807,0x1006,0x2007,0x720F,0xBC58,0xF5DE,
   0xFE3F,0xFDDE,0xFD3D,0xF49B,0xEC3B,0xEBFA,0xEBDA,0xEBDA,0xEBDA,0xEBDA,0xEBDA,0xEBBA,0xEBDA,0xEBFA,0xEC3B,0xF4BC,
   0xFD5D,0xFDFF,0xFDFE,0xCCB9,0x7230,0x2007,0x1806,0x1827,0x0805,0x0805,0x0803,0x28E5,0xAB13,0xFC7E,0xFC9E,0xFC9D,
   0xFCBD,0xF49D,0xEC9D,0xE45C,0xDC5B,0xDC7B,0xF45C,0xF319,0xFBDC,0x69EB,0x0000,0x0000,0x0000,0x0000,0x0000,0x0000,
   0x0000,0x0000,0x0000,0x0000,0x0000,0x0000,0x0000,0x0000,0x0000,0x0000,0x0000,0x0000,0x0000,0x0000,0x0020,0x0000,
   0x29E9,0x8E7F,0x85FF,0xA6DF,0xB73F,0xB73F,0xB71F,0xAEFF,0x8DBF,0x7D3E,0x7D3C,0x1928,0x0003,0x0025,0x0005,0x0005,
   0x0005,0x0005,0x0005,0x0805,0x1827,0x1006,0x512C,0xEC9C,0xF37C,0xEADB,0xF31B,0xF2FB,0xF31B,0xEADB,0xEB7B,0xFCFD,
   0x61AE,0x1006,0x1827,0x0805,0x0005,0x0005,0x0005,0x0005,0x0005,0x0005,0x0005,0x0005,0x0005,0x0805,0x1006,0x2027,
   0x1806,0x71F0,0xFD5F,0xF3DB,0xEADB,0xF2FB,0xF31B,0xF31B,0xEAFB,0xEB1B,0xFCDE,0x7A30,0x1806,0x1827,0x1006,0x1807,
   0x1807,0x8A92,0xFD1E,0xEB1A,0xF2DB,0xF2FB,0xF2FB,0xEABB,0xFBFD,0xDC5A,0x3049,0x1007,0x0806,0x0005,0x0005,0x0005,
   0x0005,0x0005,0x0005,0x0805,0x1827,0x1807,0x79F0,0xFD1E,0xEB3B,0xF2FB,0xF2FB,0xF2FB,0xEADB,0xF3BC,0xE49B,0x388A,
   0x1807,0x1807,0x1807,0x2008,0x1807,0x79F0,0xFD3E,0xFC1D,0xE2BA,0xEABA,0xEADB,0xEADB,0xEAFB,0xEADB,0xEABB,0xEABA,
   0xE2BA,0xE29A,0xE2BA,0xE2BA,0xEABA,0xEABB,0xEABB,0xEADB,0xEADB,0xEABB,0xE2FA,0xFCDE,0x8A72,0x1806,0x1006,0x0805,
   0x0005,0x0005,0x0005,0x0004,0x0806,0x9130,0xD195,0xD175,0xE156,0xE136,0xD136,0xB0D3,0x7811,0x8072,0x50AD,0x0004,
   0x0005,0x0005,0x0025,0x0005,0x0005,0x0005,0x0005,0x0005,0x0005,0x0005,0x0805,0x1807,0x1807,0x1807,0x8231,0xF51D,
   0xFC9E,0xEB1B,0xEA9A,0xEABB,0xF2DB,0xF2FB,0xEAFB,0xF2FB,0xEADB,0xEADB,0xEABB,0xEABB,0xEABB,0xEADB,0xEADB,0xEAFB,
   0xEAFB,0xEADB,0xEADB,0xEABA,0xE2FA,0xFC7D,0xE45B,0x512C,0x1005,0x0806,0x0005,0x0005,0x0005,0x0005,0x0805,0x1006,
   0x1807,0x1806,0x1806,0x598D,0xC478,0xFE1E,0xFDFE,0xF4FC,0xEC3A,0xEBDA,0xEBBA,0xEBBA,0xF3BB,0xF3BB,0xF3BB,0xF3BB,
   0xF3DB,0xF3DB,0xF3BB,0xF3DB,0xF3BB,0xF3BB,0xF3BB,0xEB9A,0xEBBA,0xEBDA,0xF49B,0xFDBE,0xFE3F,0xBC37,0x40CA,0x1005,
   0x1807,0x1005,0x1046,0x1065,0x1904,0x9290,0xFBFE,0xFC9F,0xFCBF,0xFC9F,0xFC7F,0xFC5F,0xFC7F,0xFC7F,0xFC7F,0xFBFD,
   0xFC7F,0x6A2D,0x0000,0x0000,0x0000,0x0000,0x0000,0x0000,0x0000,0x0000,0x0000,0x0000,0x0000,0x0000,0x0000,0x0000,
   0x0000,0x0000,0x0000,0x0000,0x0000,0x0000,0x0000,0x0000,0x18E5,0x9E7D,0xCFFF,0xCFFF,0xD7FF,0xCF7D,0xB69A,0x9DF7,
   0xAEFE,0x8D9F,0x859F,0x6436,0x0045,0x0004,0x0025,0x0025,0x0005,0x0005,0x0005,0x0806,0x1827,0x1807,0x71D0,0xFCBD,
   0xEB1B,0xEADB,0xEAFB,0xEAFB,0xEAFB,0xEAFB,0xEADA,0xFCBE,0xB376,0x2007,0x1807,0x1006,0x0005,0x0005,0x0005,0x0005,
   0x0005,0x0005,0x0005,0x0005,0x0005,0x0806,0x1827,0x1806,0x510C,0xECDC,0xFC1C,0xEADA,0xEAFB,0xEAFB,0xEAFB,0xF31B,
   0xEADB,0xF35B,0xF49C,0x594D,0x1006,0x1827,0x1007,0x1807,0x2007,0xAB56,0xFCDE,0xEADA,0xF2DB,0xF2DB,0xF2BB,0xEA9B,
   0xFC3D,0xBB97,0x2007,0x1807,0x0806,0x0005,0x0005,0x0005,0x0005,0x0005,0x0005,0x0805,0x1807,0x1807,0x92D3,0xFCBE,
   0xEAFB,0xEADB,0xEAFB,0xEAFB,0xEADA,0xFC3D,0xCC19,0x2848,0x1807,0x1807,0x2007,0x1807,0x592D,0xF53D,0xFC5D,0xE2BA,
   0xEADB,0xEAFB,0xEADB,0xEABB,0xEA9A,0xE2BA,0xEB3B,0xF3BC,0xFBFD,0xFC1D,0xFC1D,0xFBDC,0xF37C,0xEAFB,0xE29A,0xEA9A,
   0xEA9B,0xE27A,0xFBDC,0xDC5A,0x3889,0x1807,0x1007,0x0005,0x0004,0x0005,0x0005,0x0004,0x0004,0x790F,0xB8B4,0xA073,
   0xB8F5,0xB8F5,0xA894,0x8031,0x5810,0x8092,0x48AC,0x0004,0x0005,0x0005,0x0005,0x0005,0x0005,0x0005,0x0005,0x0005,
   0x0005,0x0806,0x1007,0x1807,0x2007,0x9AD3,0xFD3E,0xF3FC,0xEABA,0xEA9B,0xF2DB,0xEADB,0xEADB,0xF2DB,0xEA9B,0xEA9A,
   0xEADA,0xEAFB,0xEB1B,0xEAFB,0xEADB,0xEABB,0xEA9B,0xEABB,0xEADB,0xEADB,0xEADB,0xEADB,0xEABB,0xDA99,0xFCBE,0xD47A,
   0x2068,0x0005,0x0005,0x0005,0x0005,0x0005,0x1006,0x2007,0x1806,0x3069,0xA374,0xFDDE,0xFDDE,0xF49B,0xEBDA,0xEB9A,
   0xEBBA,0xF3BB,0xF3DB,0xF3DB,0xF3DB,0xF3DB,0xF3BB,0xF3BB,0xF3BB,0xF3BB,0xF3BB,0xF3BB,0xF3DB,0xF3DB,0xF3BB,0xF3BB,
   0xF3BB,0xEBBB,0xEB9A,0xEBBA,0xEC9B,0xFDFF,0xDD3B,0x516C,0x1806,0x2027,0x1867,0x30EA,0x3989,0x4248,0x9392,0xF5BD,
   0xFE9F,0xFE9F,0xFEBF,0xFEBF,0xFEBF,0xFE7F,0xFE5F,0xFDFF,0xFE3F,0x7ACF,0x0000,0x0000,0x0000,0x0000,0x0000,0x0000,
   0x0000,0x0000,0x0000,0x0000,0x0000,0x0000,0x0000,0x0000,0x0000,0x0000,0x0000,0x0000,0x0000,0x0000,0x0000,0x0000,
   0x0020,0x4B0C,0x7430,0x530C,0x4A8A,0x31E8,0x1905,0x0000,0x534E,0xAEFF,0x851E,0x8DBE,0x42D1,0x0004,0x0005,0x0005,
   0x0005,0x0005,0x0005,0x1005,0x1807,0x1807,0x9AB3,0xFC9E,0xEADA,0xF2DB,0xF2FB,0xEAFB,0xF2FB,0xF2FB,0xEADB,0xF39C,
   0xF4BC,0x490C,0x1806,0x1027,0x0805,0x0005,0x0004,0x0005,0x0005,0x0005,0x0005,0x0005,0x0805,0x1807,0x1807,0x3869,
   0xD419,0xFC5D,0xEABA,0xF2DB,0xF2FB,0xF2FB,0xF2FB,0xF2FB,0xEABA,0xF3BC,0xE45B,0x40AA,0x1806,0x1807,0x1807,0x1807,
   0x2848,0xC3F8,0xFC3D,0xEABB,0xF2DB,0xF2DB,0xF2BB,0xEABA,0xFC7E,0x9AD3,0x1806,0x1807,0x0805,0x0005,0x0005,0x0005,
   0x0005,0x0005,0x0005,0x0806,0x1807,0x2028,0xBB97,0xFC7E,0xEABB,0xEADB,0xEAFB,0xF2DB,0xEADA,0xFCBE,0xB356,0x2007,
   0x2007,0x2008,0x2007,0x2827,0xC3D8,0xFC9D,0xE2BA,0xEAFB,0xEAFB,0xEADB,0xEADB,0xEABA,0xF39C,0xFC9D,0xEC7C,0xD419,
   0xC3B8,0xBB97,0xBBB8,0xCBF9,0xE45B,0xF47D,0xFC5D,0xF3BC,0xEADA,0xE2FA,0xFC9D,0x8231,0x1005,0x1807,0x0806,0x0005,
   0x0005,0x0005,0x0005,0x0005,0x0003,0x40AA,0x9913,0x7831,0x7831,0x7832,0x7011,0x580F,0x6031,0x80F2,0x1847,0x0004,
   0x0005,0x0005,0x0005,0x0005,0x0005,0x0005,0x0005,0x0005,0x0805,0x1006,0x1807,0x1806,0x92B3,0xFD5F,0xF39B,0xEA9A,
   0xF2BB,0xEADB,0xEABB,0xF2BB,0xEA9B,0xEABB,0xF33C,0xFC1D,0xFCBE,0xFCDE,0xFCDE,0xFCBD,0xFCBE,0xFC5E,0xFB9C,0xEADB,
   0xEA9A,0xEABB,0xEADB,0xEABB,0xE29A,0xF3DC,0xF49C,0x8251,0x1827,0x0805,0x0005,0x0005,0x0805,0x1006,0x1827,0x1806,
   0x512C,0xD4DA,0xFE3F,0xF4DC,0xEBDA,0xEB9A,0xF3BB,0xF3BB,0xF3BB,0xEBBB,0xF3BB,0xF3BB,0xF3BB,0xF3BB,0xF3BB,0xF3BB,
   0xF3BB,0xF3BB,0xF3BB,0xF3BB,0xF3BB,0xF3BB,0xF3BB,0xF3BB,0xF3BB,0xF3BB,0xF3BB,0xF3BB,0xEB7A,0xEBDA,0xFD9E,0xED9D,
   0x596D,0x1806,0x2068,0x28E9,0x418B,0x2104,0x10E2,0x41A7,0x626C,0x62AC,0x734E,0x8BF0,0x8C11,0x8C11,0x9432,0x93F2,
   0x9C33,0x51E9,0x0000,0x0000,0x0020,0x0000,0x0000,0x0000,0x0000,0x0000,0x0000,0x0000,0x0000,0x0000,0x0000,0x0000,
   0x0000,0x0000,0x0000,0x0000,0x0000,0x0000,0x0000,0x0000,0x0000,0x0000,0x0000,0x0000,0x0000,0x0000,0x0000,0x0000,
   0x0000,0x84F6,0xA65F,0x851D,0x857D,0x216B,0x0003,0x0025,0x0005,0x0005,0x0005,0x1006,0x1807,0x2028,0xBB97,0xFC3D,
   0xEABA,0xF2DB,0xF2DB,0xF2DB,0xF2DB,0xF2DB,0xEADB,0xEADA,0xFC9E,0x9AD3,0x1806,0x1827,0x0826,0x0005,0x0005,0x0005,
   0x0005,0x0005,0x0005,0x0805,0x1006,0x1807,0x2008,0xB356,0xFC9E,0xEABA,0xEA9B,0xF2BB,0xF2BB,0xF2BB,0xF2BB,0xF2BB,
   0xEA9A,0xFC3D,0xCBF8,0x2828,0x1807,0x1807,0x1807,0x1807,0x40AA,0xE45B,0xFB9C,0xEA9A,0xF2BB,0xF2BB,0xEA9B,0xEABB,
   0xFCBE,0x7A10,0x1806,0x1007,0x0805,0x0005,0x0005,0x0005,0x0005,0x0005,0x0005,0x1006,0x1807,0x3069,0xDC3A,0xFBDD,
   0xEA9B,0xF2BB,0xF2BB,0xF2BB,0xEADA,0xFCDE,0x9293,0x2007,0x2008,0x2828,0x1807,0x69AE,0xFCBD,0xEAFA,0xEA7A,0xF2BB,
   0xEABB,0xF2BB,0xEABA,0xF43C,0xF4FC,0x9AB4,0x510C,0x3089,0x2848,0x2027,0x2848,0x3068,0x40AA,0x616E,0xA2D4,0xDC3B,
   0xFC7D,0xFC9D,0xD419,0x3069,0x1006,0x1006,0x0005,0x0005,0x0005,0x0005,0x0005,0x0005,0x0004,0x0005,0x58CE,0x80D3,
   0x6852,0x6031,0x5831,0x6872,0x8114,0x388C,0x0004,0x0004,0x0005,0x0005,0x0005,0x0005,0x0005,0x0005,0x0005,0x0005,
   0x1006,0x1807,0x1006,0x79F0,0xFD1E,0xF37C,0xEA5A,0xF29B,0xEABB,0xEABB,0xF2BB,0xEA7A,0xEB1B,0xFC7E,0xF4DD,0xCBB8,
   0x9293,0x79F0,0x698F,0x718F,0x8211,0xAAF5,0xE43B,0xFC9E,0xF37C,0xEA7A,0xEA7B,0xE29A,0xFBFD,0xEC7B,0x69AE,0x1006,
   0x1006,0x0005,0x0005,0x0805,0x1005,0x1807,0x1006,0x618D,0xED7D,0xFDFE,0xEC5A,0xEB9A,0xEB9B,0xEBBB,0xEBBB,0xF3BB,
   0xF3BB,0xF3BB,0xF3BB,0xF3BB,0xF3BB,0xF39B,0xF39B,0xF3BB,0xF3BB,0xF3BB,0xEB9B,0xF39B,0xF39B,0xF39B,0xF39B,0xF3BB,
   0xEB9B,0xEB9B,0xF3BB,0xF3BB,0xF3BB,0xEB9A,0xE3BA,0xFDBE,0xE55B,0x40CA,0x1806,0x2088,0x310A,0x1063,0x0000,0x0000,
   0x0000,0x0000,0x0000,0x0000,0x0000,0x0000,0x0000,0x0000,0x0000,0x0000,0x0000,0x0000,0x0000,0x0000,0x0000,0x0000,
   0x0000,0x0000,0x0000,0x0000,0x0000,0x0000,0x0000,0x0000,0x0000,0x0000,0x0000,0x0000,0x0000,0x0000,0x0000,0x0000,
   0x0000,0x0000,0x0020,0x0020,0x0020,0x0020,0x0020,0x0000,0x0000,0x1905,0x9DFC,0x957E,0x853E,0x6457,0x0845,0x0004,
   0x0025,0x0005,0x0005,0x1026,0x1807,0x386A,0xDC3A,0xF3BC,0xEA7A,0xF2BB,0xEA9B,0xEA9B,0xEA9B,0xEA9B,0xF29B,0xEA7A,
   0xFB9C,0xE45B,0x3889,0x1806,0x1026,0x0805,0x0005,0x0005,0x0005,0x0005,0x0805,0x1006,0x1807,0x1807,0x9273,0xFCBE,
   0xEAFA,0xEA5A,0xF29B,0xEA9B,0xEA9B,0xEA9B,0xF29B,0xF29B,0xEA7A,0xFC7D,0xAB35,0x2007,0x1807,0x1807,0x1827,0x1807,
   0x592D,0xF47D,0xF2FB,0xEA5B,0xEA9B,0xF27B,0xEA5B,0xF2DB,0xF47D,0x592D,0x1806,0x1006,0x0805,0x0005,0x0005,0x0005,
   0x0005,0x0005,0x0005,0x1006,0x1807,0x48CC,0xEC9C,0xF35C,0xEA7A,0xF29B,0xF29B,0xEA7B,0xEAFB,0xFCBD,0x69AF,0x1807,
   0x2828,0x2008,0x2008,0xB356,0xFC5D,0xEA5A,0xF27B,0xEA7B,0xEA9B,0xEA5A,0xF37B,0xF4BC,0x718F,0x2008,0x2008,0x2008,
   0x1807,0x1807,0x1807,0x1807,0x1807,0x1807,0x2008,0x388A,0x8211,0xDC3A,0x8251,0x1006,0x1006,0x0805,0x0005,0x0004,
   0x0005,0x0005,0x0005,0x0005,0x0005,0x0005,0x0806,0x40AD,0x6913,0x6913,0x68F3,0x60F2,0x286B,0x0005,0x0025,0x0005,
   0x0005,0x0025,0x0005,0x0005,0x0005,0x0005,0x0005,0x0805,0x1807,0x1007,0x48EB,0xEC9C,0xF39C,0xEA3A,0xF27B,0xEA7B,
   0xEA7B,0xF27B,0xEA5A,0xF39C,0xFCFE,0xBBB8,0x614D,0x3029,0x2007,0x1807,0x1807,0x1807,0x1807,0x2007,0x408B,0x9273,
   0xF47D,0xFBBD,0xE2BA,0xFC5E,0xDC1A,0x590C,0x1006,0x1026,0x0806,0x0005,0x0005,0x0805,0x1827,0x1006,0x598D,0xED7D,
   0xFD9E,0xE3DA,0xEB7A,0xEBBB,0xEBBB,0xEB9B,0xEB9B,0xEB9B,0xEB9B,0xEB9B,0xEB9B,0xEB9B,0xEB9B,0xEB9B,0xEB9B,0xEB9B,
   0xEB9B,0xEB9B,0xEB9B,0xEB9B,0xEB9B,0xEB9B,0xEB9B,0xEB9B,0xEB9B,0xEB9B,0xEB9B,0xEB9B,0xEB9B,0xEB9B,0xEB7A,0xE3BA,
   0xFDFF,0xB3D6,0x2007,0x1827,0x2088,0x1886,0x0000,0x0000,0x0000,0x0020,0x0020,0x0000,0x0000,0x0000,0x0000,0x0000,
   0x0000,0x0000,0x0000,0x0000,0x0000,0x0000,0x0000,0x0000,0x0000,0x0000,0x0000,0x0000,0x0000,0x0000,0x0000,0x0000,
   0x0000,0x0000,0x0000,0x0000,0x0000,0x0000,0x0000,0x0000,0x0000,0x0020,0x0020,0x0000,0x0000,0x0000,0x0000,0x0000,
   0x0000,0x0000,0x3A2A,0x95DF,0x745C,0x7CFD,0x42B1,0x0003,0x0005,0x0005,0x0805,0x1027,0x1807,0x510D,0xF47C,0xF2FB,
   0xEA5B,0xF27B,0xF27B,0xF25B,0xF25B,0xF25B,0xF27B,0xF25B,0xEA7B,0xFC5E,0x8211,0x1807,0x1027,0x0805,0x0005,0x0005,
   0x0005,0x0805,0x1006,0x2027,0x1807,0x698F,0xFC9D,0xF33B,0xEA3A,0xF25B,0xF25B,0xF25B,0xF25B,0xEA5B,0xF25B,0xF23B,
   0xEA7A,0xFC7D,0x8A52,0x1807,0x1807,0x1807,0x2007,0x1807,0x79F0,0xFC7D,0xEA5A,0xEA1B,0xF23B,0xF23B,0xEA1B,0xFB1C,
   0xE41B,0x40AA,0x1006,0x0806,0x0005,0x0005,0x0005,0x0005,0x0005,0x0005,0x0806,0x1807,0x1807,0x69AF,0xFC9D,0xEABB,
   0xEA5B,0xF27B,0xF25B,0xEA3A,0xF31C,0xEC5B,0x48EC,0x1807,0x2828,0x2008,0x388A,0xDC3A,0xF3BC,0xEA3A,0xF25B,0xF25B,
   0xF23B,0xEA3A,0xFC1D,0xAAD4,0x2008,0x302A,0x2829,0x2028,0x1807,0x1007,0x1027,0x1007,0x1807,0x1807,0x1807,0x1806,
   0x1006,0x3089,0x2848,0x1006,0x0806,0x0005,0x0005,0x0005,0x0005,0x0005,0x0005,0x0005,0x0005,0x0005,0x0005,0x0004,
   0x0005,0x1027,0x1047,0x0005,0x0004,0x0005,0x0005,0x0005,0x0005,0x0005,0x0005,0x0005,0x0005,0x0005,0x0005,0x1006,
   0x1807,0x2808,0xBB77,0xFC3D,0xE21A,0xEA3B,0xF23B,0xF23B,0xF23B,0xEA1A,0xF37C,0xF4BD,0x8A52,0x2808,0x1806,0x2007,
   0x1807,0x1807,0x1807,0x1807,0x1807,0x2007,0x2007,0x1807,0x592D,0xDBFA,0xFCDF,0xC377,0x408A,0x1806,0x1827,0x0806,
   0x0005,0x0005,0x0805,0x1026,0x1006,0x490B,0xED1C,0xFD5E,0xE39A,0xEB5A,0xEB7B,0xEB9B,0xEB9B,0xEB9B,0xEB7B,0xEB9B,
   0xEB7B,0xEB7B,0xEB7B,0xEB7B,0xF37B,0xF37B,0xF37B,0xEB7B,0xEB7B,0xF37B,0xF39B,0xF39B,0xF37B,0xF37B,0xEB7B,0xEB7B,
   0xEB7B,0xF37B,0xF37B,0xEB7B,0xEB7B,0xEB7B,0xEB7B,0xEB5A,0xEC5B,0xFDDE,0x61AE,0x1006,0x1026,0x1026,0x0000,0x0000,
   0x0000,0x0000,0x0000,0x0000,0x0000,0x0821,0x0020,0x0020,0x0020,0x0020,0x0000,0x0000,0x0000,0x0000,0x0000,0x0000,
   0x0000,0x0000,0x0000,0x0000,0x0000,0x0000,0x0000,0x0000,0x0000,0x0000,0x0000,0x0000,0x0000,0x0000,0x0000,0x0000,
   0x0000,0x0000,0x0000,0x0000,0x0000,0x0000,0x0000,0x0000,0x0000,0x0000,0x0000,0x5B72,0x84FD,0x63DA,0x6C7A,0x216B,
   0x0003,0x0005,0x0806,0x1827,0x1807,0x79D0,0xFC5D,0xEA7B,0xEA1B,0xF23B,0xF23B,0xF23B,0xF23B,0xF23B,0xEA3B,0xF23B,
   0xE9FA,0xFB7D,0xCB99,0x3029,0x1807,0x1026,0x0805,0x0005,0x0805,0x0805,0x1807,0x1807,0x48CB,0xE41B,0xFB7C,0xE9FA,
   0xF21B,0xF21B,0xF21B,0xF21B,0xF21B,0xF21B,0xF23B,0xE9FB,0xF27B,0xF45D,0x696E,0x1807,0x1807,0x1807,0x2008,0x2007,
   0x9AB4,0xFC1D,0xEA1A,0xF21B,0xF21B,0xF21B,0xE9DA,0xFB5D,0xCB98,0x3048,0x1807,0x0806,0x0005,0x0005,0x0005,0x0005,
   0x0005,0x0005,0x0806,0x1807,0x1807,0x8A73,0xFC3D,0xEA3A,0xEA1B,0xF23B,0xF23B,0xE9FB,0xFB5D,0xD3D9,0x386A,0x1807,
   0x2028,0x2007,0x48EC,0xEC3C,0xF2FB,0xEA1A,0xF23B,0xF23B,0xF21B,0xEA1A,0xFBFD,0xB2D5,0x2808,0x2808,0x2008,0x2008,
   0x2008,0x1827,0x1007,0x1007,0x1007,0x1006,0x1006,0x1006,0x1007,0x0806,0x0806,0x0806,0x0005,0x0005,0x0005,0x0005,
   0x0005,0x0005,0x0005,0x0005,0x0005,0x0005,0x0005,0x0025,0x20E8,0x2069,0x1828,0x0826,0x0005,0x0005,0x0005,0x0005,
   0x0005,0x0005,0x0005,0x0005,0x0005,0x0005,0x0805,0x1807,0x1007,0x698F,0xFC5D,0xEA9A,0xE9FA,0xF21B,0xEA1B,0xF21B,
   0xE9DA,0xF2DB,0xFC9D,0x79F0,0x2007,0x2007,0x1807,0x1006,0x0806,0x0805,0x0805,0x0805,0x0806,0x1006,0x1807,0x2027,
   0x1006,0x512C,0x9AD4,0x3049,0x1006,0x1827,0x0805,0x0005,0x0005,0x0005,0x0806,0x1006,0x3068,0xCC79,0xFD7E,0xE39A,
   0xEB5A,0xF37B,0xF37B,0xF37B,0xF37B,0xEB7B,0xF37B,0xF37B,0xF37B,0xF35B,0xF35B,0xEB5A,0xEB3A,0xEB3A,0xEB3A,0xEB5A,
   0xEB5A,0xEB3A,0xEB3A,0xEB5A,0xF35B,0xEB5B,0xEB5B,0xEB7B,0xEB7B,0xEB5B,0xEB5B,0xEB5B,0xEB5B,0xEB5B,0xEB5B,0xEB5A,
   0xE35A,0xFD7E,0xBBF7,0x2007,0x1006,0x1006,0x0002,0x0000,0x0000,0x0000,0x0000,0x0000,0x0000,0x0000,0x0000,0x0000,
   0x0000,0x0000,0x0000,0x0000,0x0000,0x0000,0x0000,0x0000,0x0000,0x0000,0x0000,0x0000,0x0000,0x0000,0x0000,0x0000,
   0x0000,0x0000,0x0000,0x0000,0x0000,0x0000,0x0000,0x0000,0x0000,0x0000,0x0000,0x0000,0x0000,0x0000,0x0000,0x0000,
   0x0000,0x0000,0x0000,0x0882,0x6C38,0x63B9,0x6C3A,0x3A2F,0x0003,0x0005,0x0806,0x1807,0x2007,0x9A93,0xFBDD,0xE9FA,
   0xF1FB,0xF1FB,0xF1FB,0xF1FB,0xF1FB,0xF1FB,0xF1FB,0xF1FB,0xE9DB,0xF25B,0xFC1C,0x716F,0x1807,0x1827,0x1006,0x0806,
   0x0806,0x1827,0x1807,0x3049,0xC358,0xFB9D,0xE9DA,0xF1DB,0xF1DB,0xF1DB,0xF1FB,0xF1DB,0xF1FB,0xF1FB,0xF1FB,0xE9BA,
   0xF29B,0xEBFB,0x48AB,0x1807,0x1807,0x1807,0x2008,0x2808,0xC337,0xFB7D,0xE9BA,0xF1FB,0xF1DB,0xF1DB,0xE99A,0xFB9D,
   0xAAD5,0x2007,0x1807,0x0806,0x0005,0x0004,0x0005,0x0005,0x0005,0x0005,0x0806,0x1807,0x2808,0xB2F6,0xFBBD,0xE9DA,
   0xF1FB,0xF1FB,0xF1FB,0xE9DA,0xFB9D,0xBB57,0x2829,0x1808,0x2028,0x1807,0x510D,0xF43C,0xF2BB,0xE9DB,0xF1FB,0xF1FB,
   0xF1FB,0xE9BA,0xEA9A,0xF3FC,0xA2B4,0x590D,0x304A,0x2007,0x1807,0x1807,0x1807,0x1807,0x1027,0x1007,0x0806,0x0806,
   0x0806,0x0806,0x0005,0x0005,0x0005,0x0005,0x0005,0x0005,0x0005,0x0005,0x0005,0x0005,0x0005,0x0025,0x0004,0x0865,
   0xAC97,0xC2D9,0x7071,0x286A,0x0004,0x0005,0x0005,0x0005,0x0005,0x0005,0x0005,0x0005,0x0005,0x0005,0x1006,0x1807,
   0x2808,0xBB17,0xFB7C,0xE9DA,0xF1DB,0xF1FB,0xF1FB,0xF1BB,0xEA3A,0xFC5E,0x9A73,0x2007,0x2008,0x1807,0x1006,0x0805,
   0x0005,0x0005,0x0005,0x0005,0x0005,0x0805,0x0806,0x1006,0x1807,0x1006,0x1006,0x1006,0x1026,0x0805,0x0005,0x0005,
   0x0005,0x0005,0x0806,0x1006,0xAB75,0xFE1F,0xE45A,0xE339,0xEB5B,0xEB7B,0xEB5B,0xEB5B,0xEB5B,0xEB5B,0xEB5A,0xEB5B,
   0xEB5B,0xEB3A,0xEB3A,0xEB9A,0xF43B,0xFCBD,0xFCFE,0xFD1E,0xFD1E,0xFCDD,0xF43C,0xEB9A,0xEB5A,0xEB5B,0xEB5B,0xEB5B,
   0xEB5B,0xEB5B,0xEB5B,0xEB5B,0xEB5B,0xEB5B,0xEB5B,0xEB5B,0xEB1A,0xF49C,0xE53C,0x40AA,0x1006,0x1026,0x0803,0x0000,
   0x0000,0x0000,0x0000,0x0000,0x0000,0x0000,0x0000,0x0000,0x0000,0x0000,0x0000,0x0000,0x0000,0x0000,0x0000,0x0000,
   0x0000,0x0000,0x0000,0x0000,0x0000,0x0000,0x0000,0x0000,0x0000,0x0000,0x0000,0x0000,0x0000,0x0000,0x0000,0x0000,
   0x0000,0x0000,0x0000,0x0000,0x0000,0x0000,0x0000,0x0000,0x0000,0x0000,0x0000,0x0841,0x63D7,0x63DA,0x6C19,0x212B,
   0x0004,0x0805,0x1006,0x1807,0x2808,0xBB17,0xFB3C,0xE99A,0xF1BB,0xF1BB,0xF1BB,0xF1BB,0xF1BB,0xF1BB,0xF1BB,0xF1BB,
   0xF1BB,0xE99A,0xFB7C,0xB2D6,0x2808,0x1807,0x1007,0x1007,0x1807,0x2008,0x2007,0xA294,0xFBDD,0xE9DA,0xF19B,0xF1BB,
   0xF19B,0xF19B,0xF19B,0xF1BB,0xF1BB,0xF1BB,0xF1BB,0xE97A,0xFAFC,0xD378,0x3049,0x1807,0x1807,0x1807,0x2007,0x386A,
   0xDBBA,0xFADC,0xE99A,0xF1BB,0xF1BB,0xF19B,0xE9BA,0xFBDD,0x8A11,0x1806,0x1807,0x0805,0x0005,0x0005,0x0005,0x0005,
   0x0005,0x0005,0x1006,0x1807,0x3829,0xD379,0xFB1C,0xE99A,0xF1BB,0xF1BB,0xF1BB,0xE99A,0xFBDD,0xA294,0x2008,0x1808,
   0x2007,0x1807,0x48CB,0xE41B,0xF29B,0xE97A,0xF1BB,0xF1BB,0xF1BB,0xF1BB,0xE99A,0xF27B,0xFBBD,0xEBDB,0xCB38,0x9A33,
   0x696F,0x48CC,0x3029,0x1807,0x1806,0x1807,0x1027,0x1007,0x0806,0x0806,0x0005,0x0005,0x0005,0x0005,0x0005,0x0005,
   0x0005,0x0005,0x0005,0x0025,0x0005,0x0025,0x0004,0x0044,0xB4D7,0xEB1B,0x8052,0x204A,0x0004,0x0005,0x0005,0x0005,
   0x0005,0x0005,0x0005,0x0005,0x0005,0x0805,0x1806,0x1807,0x58ED,0xEBBC,0xF25B,0xE97B,0xF19B,0xF19B,0xF19B,0xE99A,
   0xFB7D,0xD3B9,0x3049,0x2007,0x1807,0x0806,0x0805,0x0005,0x0005,0x0005,0x0005,0x0005,0x0005,0x0005,0x0005,0x0805,
   0x0805,0x0806,0x0806,0x0806,0x0805,0x0005,0x0005,0x0025,0x0005,0x0805,0x0806,0x1806,0x720F,0xE4DA,0xFD7E,0xEC5B,
   0xE35A,0xEB3A,0xEB5B,0xEB5B,0xEB3B,0xEB3B,0xEB3B,0xEB3A,0xEB1A,0xEBBA,0xFCBD,0xFD7E,0xF57D,0xDCBA,0xC418,0xBBD7,
   0xC3D7,0xD459,0xF55D,0xFD7E,0xF45B,0xEB5A,0xF33B,0xEB3B,0xEB3B,0xEB3B,0xEB3B,0xEB3B,0xEB3B,0xEB3B,0xEB3B,0xEB3B,
   0xEAFA,0xEBDB,0xF59D,0x69CE,0x1006,0x1827,0x0804,0x0000,0x0000,0x0000,0x0000,0x0000,0x0000,0x0000,0x0000,0x0000,
   0x0000,0x0000,0x0000,0x0000,0x0000,0x0000,0x0000,0x0000,0x0000,0x0000,0x0000,0x0000,0x0000,0x0000,0x0000,0x0000,
   0x0000,0x0000,0x0000,0x0000,0x0000,0x0000,0x0000,0x0000,0x0000,0x0000,0x0000,0x0000,0x0000,0x0000,0x0000,0x0000,
   0x0000,0x0000,0x0000,0x1926,0x6BF9,0x6BBA,0x63B8,0x1087,0x0004,0x0806,0x1006,0x1807,0x386A,0xD379,0xF29B,0xE95A,
   0xF17B,0xF17B,0xF17B,0xF19B,0xEA1B,0xE9DA,0xF17B,0xF17B,0xF17B,0xE95A,0xF23B,0xEB9A,0x48CB,0x1807,0x1807,0x1807,
   0x2008,0x2007,0x81D1,0xFBFC,0xEA1A,0xE95A,0xF17B,0xF15B,0xE99A,0xF23B,0xF1BA,0xF17B,0xF17B,0xF17B,0xF15B,0xE93A,
   0xFB3D,0xB2B5,0x2808,0x1807,0x1007,0x1807,0x1807,0x58ED,0xEBDB,0xF23B,0xE95B,0xF17B,0xF17B,0xE95B,0xF1DB,0xFBBC,
   0x696E,0x1807,0x1007,0x0805,0x0005,0x0005,0x0005,0x0005,0x0005,0x0005,0x1007,0x1807,0x50CC,0xE3BB,0xF25B,0xE95A,
   0xF17B,0xF17B,0xF15B,0xE99A,0xFBBD,0x81D0,0x1807,0x1808,0x1807,0x1807,0x2849,0xCB78,0xFAFB,0xE93A,0xF17B,0xF17B,
   0xF17B,0xF17B,0xF17B,0xE95A,0xE97A,0xF21A,0xFABB,0xFB1B,0xF35B,0xE35A,0xC2F7,0x9A53,0x694E,0x386A,0x1807,0x1807,
   0x1807,0x0806,0x0805,0x0005,0x0005,0x0005,0x0005,0x0005,0x0005,0x0005,0x0005,0x0025,0x0005,0x0025,0x0004,0x0044,
   0xAC77,0xD29A,0x7031,0x2049,0x0004,0x0005,0x0005,0x0005,0x0005,0x0005,0x0005,0x0005,0x0005,0x0805,0x1807,0x1807,
   0x89F2,0xFB5D,0xE97A,0xF13B,0xF15B,0xF15B,0xF13B,0xF1DA,0xFBFD,0x79B0,0x1807,0x1807,0x1006,0x0805,0x0005,0x0005,
   0x0005,0x0005,0x0005,0x0005,0x0005,0x0005,0x0005,0x0005,0x0005,0x0005,0x0005,0x0005,0x0005,0x0005,0x0005,0x0025,
   0x0005,0x0005,0x0805,0x1006,0x1005,0x40CA,0xB396,0xFD7E,0xFCDD,0xE37A,0xE31A,0xEB1A,0xEB1A,0xEB1A,0xEAFA,0xEB19,
   0xF45C,0xFD5E,0xE4BB,0x9AD3,0x594D,0x40AA,0x3048,0x2828,0x3028,0x3869,0x592D,0xB396,0xFD7E,0xF45C,0xEB1A,0xEB1B,
   0xEB1B,0xEB1B,0xEB1B,0xEB1B,0xEB1B,0xEB1B,0xEB1B,0xEB1B,0xEADA,0xEB5A,0xFD7E,0x8291,0x1806,0x1847,0x1025,0x0000,
   0x0000,0x0000,0x0000,0x0000,0x0000,0x0000,0x0000,0x0000,0x0000,0x0000,0x0000,0x0000,0x0000,0x0000,0x0000,0x0000,
   0x0000,0x0000,0x0000,0x0000,0x0000,0x0000,0x0000,0x0000,0x0000,0x0000,0x0000,0x0000,0x0000,0x0000,0x0000,0x0000,
   0x0000,0x0000,0x0000,0x0000,0x0000,0x0000,0x0000,0x0000,0x0000,0x0000,0x0000,0x3A2D,0x6BB9,0x6BDA,0x5314,0x0025,
   0x0005,0x0806,0x1007,0x1807,0x50ED,0xE35A,0xF1FA,0xF13A,0xF17B,0xF15B,0xF13A,0xF1FA,0xF35B,0xEADB,0xE97A,0xF15B,
   0xF15B,0xF15B,0xE95A,0xFB1C,0x91F2,0x2007,0x2008,0x2828,0x1807,0x610D,0xEBBB,0xF29A,0xE939,0xF15B,0xF15B,0xE97A,
   0xF29B,0xEB1A,0xEA3B,0xF13A,0xF15B,0xF15B,0xF13B,0xF15A,0xFB5C,0x9212,0x2007,0x1807,0x1006,0x2028,0x1807,0x7190,
   0xF37C,0xF19A,0xF13A,0xF17B,0xF15B,0xE93A,0xF21B,0xEB7B,0x50CC,0x1807,0x1007,0x0005,0x0005,0x0005,0x0005,0x0005,
   0x0005,0x0805,0x1007,0x1807,0x694E,0xF37B,0xF1BB,0xF13A,0xF15B,0xF15B,0xF11A,0xF1DB,0xF39C,0x612E,0x1807,0x1807,
   0x1007,0x1807,0x1807,0x81F0,0xFBBC,0xE9B9,0xE93A,0xF17B,0xF17A,0xF15A,0xF15A,0xF15A,0xF13A,0xE93A,0xE919,0xE919,
   0xE97A,0xF1FA,0xF27B,0xF31B,0xEB5B,0xD318,0x9212,0x488B,0x1806,0x1006,0x1006,0x0805,0x0005,0x0005,0x0005,0x0005,
   0x0005,0x0005,0x0005,0x0005,0x0005,0x0025,0x0004,0x0044,0xA477,0xCA9A,0x7031,0x2049,0x0004,0x0005,0x0005,0x0005,
   0x0005,0x0005,0x0005,0x0004,0x0005,0x0806,0x1807,0x2809,0xB296,0xFA9C,0xE91A,0xF13B,0xF13B,0xF15B,0xE91A,0xFA5C,
   0xDB59,0x488B,0x1807,0x1007,0x0805,0x0005,0x0005,0x0005,0x0005,0x0005,0x0005,0x0005,0x0005,0x0005,0x0005,0x0005,
   0x0005,0x0005,0x0005,0x0005,0x0005,0x0005,0x0005,0x0025,0x0005,0x0005,0x0005,0x0806,0x1827,0x1806,0x2007,0x720F,
   0xE49B,0xFD3E,0xEBFB,0xE2F9,0xEADA,0xEADA,0xE31A,0xFCBC,0xFD3D,0xA314,0x408A,0x2007,0x1807,0x1807,0x1807,0x1807,
   0x2007,0x2007,0x2007,0x2807,0xA314,0xFD5E,0xEB9A,0xEADA,0xEAFB,0xEAFB,0xEAFB,0xEAFB,0xEADB,0xEADB,0xEADB,0xEADB,
   0xEADB,0xEB1A,0xFD3E,0x9AF3,0x1807,0x2068,0x1045,0x0000,0x0000,0x0000,0x0000,0x0000,0x0000,0x0000,0x0000,0x0000,
   0x0000,0x0000,0x0000,0x0000,0x0000,0x0000,0x0000,0x0000,0x0000,0x0000,0x0000,0x0000,0x0000,0x0000,0x0000,0x0000,
   0x0000,0x0000,0x0000,0x0000,0x0000,0x0000,0x0000,0x0000,0x0000,0x0000,0x0000,0x0000,0x0000,0x0000,0x0000,0x0000,
   0x0000,0x0000,0x0000,0x52F2,0x6399,0x6BDA,0x3A30,0x0003,0x0005,0x0805,0x1807,0x1807,0x7170,0xEB1B,0xE139,0xE8FA,
   0xE8FA,0xE8FA,0xE8D9,0xEA3A,0xCA97,0xD2D9,0xE9DA,0xE8DA,0xE91B,0xE91B,0xE0DA,0xE9DB,0xD2D9,0x406A,0x2808,0x2808,
   0x406A,0xCAF8,0xEA7A,0xE0F9,0xE8FA,0xE8FB,0xE91A,0xF27B,0xCA97,0xC236,0xEA3B,0xE0DA,0xE8DA,0xE8FA,0xE8DA,0xE93A,
   0xF35B,0x694E,0x1806,0x1827,0x1006,0x2027,0x2007,0x91F3,0xF2DC,0xE0DA,0xE8DA,0xE8FA,0xE8FA,0xE0B9,0xF23B,0xD318,
   0x384A,0x1807,0x1006,0x0005,0x0005,0x0005,0x0005,0x0005,0x0005,0x0806,0x1807,0x1807,0x81B1,0xF31B,0xE11A,0xE8DA,
   0xE8FA,0xE8FA,0xE8BA,0xF1FB,0xDB5A,0x408B,0x1807,0x1007,0x1006,0x1007,0x1807,0x2849,0xBAB6,0xFB3C,0xE979,0xE0D9,
   0xE0DA,0xE0DA,0xE0DA,0xE0DA,0xE8DA,0xE0DA,0xE0DA,0xE0DA,0xE0BA,0xE0BA,0xE0B9,0xE0D9,0xE139,0xE1B9,0xEA7A,0xD2D9,
   0x716F,0x2007,0x1807,0x1006,0x0805,0x0005,0x0005,0x0005,0x0005,0x0025,0x0025,0x0025,0x0025,0x0025,0x0005,0x0044,
   0xA477,0xC279,0x6810,0x2049,0x0004,0x0025,0x0025,0x0025,0x0025,0x0025,0x0005,0x0004,0x0005,0x1006,0x1807,0x404B,
   0xCA98,0xE9BB,0xE09A,0xE8DA,0xE8DA,0xE8DA,0xE0BA,0xFA7C,0xB235,0x2808,0x1807,0x1006,0x0005,0x0005,0x0004,0x0005,
   0x0005,0x0005,0x0005,0x0005,0x0005,0x0005,0x0005,0x0005,0x0005,0x0005,0x0005,0x0004,0x0005,0x0005,0x0005,0x0005,
   0x0025,0x0005,0x0005,0x0005,0x0806,0x1026,0x1807,0x1006,0x40AA,0xB355,0xFD3E,0xFC9D,0xEB3A,0xE2D9,0xFC9D,0xF51C,
   0x79EF,0x1806,0x1807,0x2007,0x1827,0x1007,0x1006,0x1006,0x1006,0x1807,0x2028,0x2007,0x408A,0xE47B,0xFC5D,0xE2BA,
   0xEADB,0xEADB,0xEABA,0xEABB,0xEABB,0xEABB,0xEABB,0xEABB,0xEABB,0xEAFA,0xFD1D,0xA314,0x2007,0x2068,0x1066,0x0000,
   0x0000,0x0000,0x0000,0x0000,0x0000,0x0000,0x0000,0x0000,0x0000,0x0000,0x0000,0x0000,0x0000,0x0000,0x0000,0x0000,
   0x0000,0x0000,0x0000,0x0000,0x0000,0x0000,0x0000,0x0000,0x0000,0x0000,0x0000,0x0000,0x0000,0x0000,0x0000,0x0000,
   0x0000,0x0000,0x0000,0x0000,0x0000,0x0000,0x0000,0x0000,0x0000,0x0000,0x0841,0x5B34,0x6379,0x6BB9,0x216B,0x0003,
   0x0005,0x0806,0x1807,0x2008,0x91F3,0xE25A,0xC838,0xD039,0xC839,0xC819,0xC858,0xEA5A,0x8951,0x99F3,0xEA7B,0xC839,
   0xD03A,0xD03A,0xD039,0xD079,0xEADA,0x8991,0x3009,0x402A,0xB275,0xEA9B,0xC057,0xD019,0xD039,0xC818,0xD99A,0xDAFA,
   0x78D0,0xBA36,0xE1BA,0xC819,0xD039,0xD039,0xC819,0xD0F9,0xE33A,0x50CC,0x1807,0x1807,0x1007,0x1807,0x2808,0xB255,
   0xEA1B,0xC818,0xD019,0xD019,0xD019,0xC818,0xEA5B,0xB275,0x2808,0x1807,0x1006,0x0005,0x0004,0x0005,0x0005,0x0005,
   0x0005,0x0806,0x1807,0x2008,0xA234,0xEA5B,0xC818,0xD019,0xD039,0xD039,0xC818,0xE9FA,0xCAD8,0x3029,0x1807,0x1006,
   0x0806,0x0806,0x1807,0x1807,0x384A,0xB255,0xEADA,0xD999,0xC898,0xC018,0xC018,0xC018,0xC819,0xC819,0xC819,0xC819,
   0xC819,0xC819,0xC819,0xC819,0xC818,0xC018,0xC037,0xD159,0xEAFB,0x89B1,0x2008,0x1807,0x0806,0x0005,0x0005,0x0005,
   0x0005,0x0004,0x0003,0x0003,0x0003,0x0003,0x0003,0x0044,0xA477,0xBA79,0x6811,0x2049,0x0004,0x0003,0x0004,0x0004,
   0x0004,0x0004,0x0025,0x0005,0x0805,0x1006,0x1807,0x50AC,0xD279,0xD0D9,0xC819,0xD019,0xD019,0xD019,0xC819,0xEA1B,
   0x9192,0x2007,0x1807,0x0806,0x0005,0x0005,0x0005,0x0005,0x0005,0x0005,0x0005,0x0005,0x0005,0x0005,0x0005,0x0005,
   0x0005,0x0005,0x0005,0x0005,0x0005,0x0005,0x0005,0x0005,0x0005,0x0005,0x0005,0x0005,0x0005,0x0805,0x1006,0x1827,
   0x1807,0x2007,0x71CF,0xE49B,0xFCDD,0xFC9C,0xF4FD,0x71CF,0x1806,0x2007,0x1807,0x1006,0x0805,0x0805,0x0805,0x0005,
   0x0805,0x0806,0x1807,0x2008,0x2808,0xBB77,0xFC9D,0xE2BA,0xEA9A,0xEA9A,0xEA9A,0xEA9A,0xEA9B,0xEA7B,0xEA7B,0xEA7B,
   0xEA7A,0xEADA,0xFCFD,0x9AF3,0x2007,0x2888,0x2087,0x0021,0x0000,0x0000,0x0000,0x0000,0x0000,0x0000,0x0000,0x0000,
   0x0000,0x0000,0x0000,0x0000,0x0000,0x0000,0x0000,0x0000,0x0000,0x0000,0x0000,0x0000,0x0000,0x0000,0x0000,0x0000,
   0x0000,0x0000,0x0000,0x0000,0x0000,0x0000,0x0000,0x0000,0x0000,0x0000,0x0000,0x0000,0x0000,0x0000,0x0000,0x0000,
   0x0000,0x0000,0x1906,0x6377,0x6379,0x6397,0x10C7,0x0003,0x0005,0x1006,0x1807,0x2809,0xAA35,0xD9BA,0xC017,0xC818,
   0xC818,0xC018,0xC898,0xE27A,0x68CE,0x60AD,0xDABA,0xC8B8,0xC018,0xC818,0xC819,0xC018,0xD9D9,0xC296,0x480B,0x91D3,
   0xEAFB,0xC897,0xC018,0xC018,0xC018,0xC0B8,0xE29A,0x8110,0x584C,0xD278,0xD0F9,0xC018,0xC819,0xC018,0xC018,0xD93A,
   0xCA98,0x386A,0x1807,0x1807,0x1807,0x1807,0x384A,0xC277,0xD979,0xC017,0xC818,0xC818,0xC818,0xC018,0xEA7B,0x91D2,
   0x2007,0x1807,0x0805,0x0005,0x0004,0x0025,0x0025,0x0005,0x0005,0x0806,0x1807,0x3029,0xBA76,0xD99A,0xC018,0xC018,
   0xC018,0xC818,0xC017,0xE21A,0xA214,0x2008,0x1807,0x0806,0x0005,0x0806,0x0806,0x1807,0x1807,0x2808,0x712F,0xBA36,
   0xDA59,0xD9FA,0xD139,0xC898,0xC038,0xB817,0xB817,0xB818,0xC018,0xC018,0xC018,0xC018,0xC018,0xC018,0xC018,0xB817,
   0xC938,0xE2DA,0x60EE,0x1006,0x1026,0x0805,0x0005,0x0005,0x0004,0x18E6,0x3A0A,0x39EA,0x39EA,0x422B,0x31A9,0x0045,
   0x9C37,0xB259,0x6831,0x2049,0x0845,0x4148,0x4128,0x4127,0x38E8,0x1026,0x0005,0x0005,0x0806,0x1007,0x1006,0x58CD,
   0xD239,0xC878,0xC018,0xC818,0xC819,0xC818,0xC818,0xDA1A,0x7950,0x2007,0x1827,0x0806,0x0005,0x0005,0x0005,0x0005,
   0x0005,0x0005,0x0005,0x0005,0x0005,0x0005,0x0005,0x0005,0x0005,0x0005,0x0005,0x0005,0x0005,0x0005,0x0005,0x0005,
   0x0005,0x0005,0x0005,0x0004,0x0004,0x0005,0x0805,0x1006,0x1827,0x1807,0x1807,0x40AA,0xB335,0xF51D,0x8231,0x1806,
   0x1827,0x1006,0x0805,0x0005,0x0005,0x0005,0x0005,0x0005,0x0005,0x0805,0x1006,0x2008,0x3008,0xBB56,0xFC7D,0xEA7A,
   0xEA5A,0xEA7A,0xEA7A,0xEA7A,0xEA7A,0xEA7A,0xEA5A,0xEA5B,0xEA3A,0xEABA,0xFCFE,0x8A92,0x2028,0x28C9,0x28C8,0x0822,
   0x0000,0x0000,0x0000,0x0000,0x0000,0x0000,0x0000,0x0000,0x0000,0x0000,0x0000,0x0000,0x0000,0x0000,0x0000,0x0000,
   0x0000,0x0000,0x0000,0x0000,0x0000,0x0000,0x0000,0x0000,0x0000,0x0000,0x0000,0x0000,0x0000,0x0000,0x0000,0x0000,
   0x0000,0x0000,0x0000,0x0000,0x0000,0x0000,0x0000,0x0000,0x0000,0x0000,0x31CB,0x6B99,0x6379,0x5315,0x0025,0x0004,
   0x0005,0x1006,0x1807,0x384A,0xC257,0xC918,0xB017,0xB817,0xB817,0xB817,0xC8D8,0xD278,0x506C,0x3809,0xB216,0xD199,
   0xB016,0xC017,0xC018,0xB817,0xC0B8,0xD278,0xA9F4,0xD2B9,0xC918,0xB817,0xC018,0xB817,0xB857,0xDA39,0x9992,0x3009,
   0x68CF,0xD218,0xB877,0xB817,0xB817,0xB818,0xB817,0xD999,0xAA15,0x2809,0x1808,0x1007,0x1807,0x1807,0x488C,0xCA78,
   0xC8F8,0xB817,0xC018,0xC017,0xB817,0xC057,0xDA7A,0x712F,0x1807,0x1827,0x0805,0x0005,0x0005,0x0005,0x0005,0x0005,
   0x0805,0x1006,0x1807,0x406B,0xCA78,0xC8F8,0xB817,0xB818,0xB818,0xB817,0xB837,0xE23A,0x8171,0x1807,0x1807,0x0805,
   0x0005,0x0005,0x0005,0x0806,0x1007,0x1807,0x1006,0x3029,0x60EE,0x91B2,0xBA36,0xCA38,0xD1F9,0xD178,0xC8F8,0xC097,
   0xB837,0xB017,0xB817,0xB817,0xB817,0xB817,0xB817,0xB837,0xB016,0xD1B8,0xAA14,0x2007,0x1006,0x0805,0x0005,0x0004,
   0x0864,0xAD77,0xF73F,0xE65D,0xEE7E,0xF69F,0xB538,0x0844,0x8375,0x99F8,0x5830,0x1028,0x28A8,0xB2B3,0xC273,0xC254,
   0xBA13,0x610E,0x0006,0x0005,0x0806,0x1807,0x1007,0x58CD,0xD1F8,0xC057,0xB817,0xC017,0xC018,0xC017,0xB837,0xD1F9,
   0x7950,0x2008,0x1827,0x0806,0x0005,0x0005,0x0005,0x0005,0x0005,0x0005,0x0005,0x0005,0x0005,0x0005,0x0005,0x0005,
   0x0005,0x0005,0x0005,0x0005,0x0005,0x0005,0x0005,0x0005,0x0005,0x0005,0x0005,0x0005,0x0005,0x0005,0x0005,0x0005,
   0x0805,0x1026,0x1827,0x1006,0x2027,0x594D,0x2028,0x1806,0x1006,0x0805,0x0005,0x0005,0x0005,0x0005,0x0005,0x0005,
   0x0005,0x0805,0x1006,0x2008,0x3809,0xC398,0xFC3D,0xEA39,0xEA3A,0xEA5A,0xEA3A,0xEA3A,0xEA3A,0xEA3A,0xEA3A,0xEA3B,
   0xE9FA,0xEAFB,0xFCDD,0x71EF,0x2868,0x392B,0x3129,0x0822,0x0000,0x0000,0x0000,0x0000,0x0000,0x0000,0x0000,0x0000,
   0x0000,0x0000,0x0000,0x0000,0x0000,0x0000,0x0000,0x0000,0x0000,0x0000,0x0000,0x0000,0x0000,0x0000,0x0000,0x0000,
   0x0000,0x0000,0x0000,0x0000,0x0000,0x0000,0x0000,0x0000,0x0000,0x0000,0x0000,0x0000,0x0000,0x0000,0x0000,0x0000,
   0x0000,0x0000,0x426F,0x6B79,0x6B79,0x4251,0x0003,0x0005,0x0805,0x1006,0x1807,0x50AC,0xCA38,0xB896,0xA816,0xB016,
   0xB017,0xA816,0xC958,0xBA36,0x482B,0x3009,0x70EF,0xD219,0xB876,0xB017,0xB817,0xB817,0xB016,0xC157,0xDA79,0xC137,
   0xB016,0xB017,0xB017,0xB016,0xD1B9,0xA9F5,0x402A,0x2808,0x8131,0xD1D8,0xB016,0xB016,0xB016,0xB016,0xA816,0xD1D9,
   0x91B2,0x2008,0x1807,0x1007,0x1807,0x1807,0x58CD,0xD259,0xB897,0xB016,0xB817,0xB016,0xB016,0xB877,0xD259,0x60ED,
   0x1807,0x1827,0x0805,0x0005,0x0005,0x0005,0x0005,0x0005,0x0806,0x1807,0x1807,0x68EE,0xD239,0xB856,0xB017,0xB017,
   0xB817,0xB016,0xB897,0xDA79,0x60EE,0x1807,0x1006,0x0805,0x0005,0x0005,0x0005,0x0806,0x0806,0x1007,0x1007,0x1007,
   0x1006,0x1807,0x3049,0x48AC,0x690F,0x8972,0xA9B5,0xC1D7,0xC998,0xC117,0xB056,0xB016,0xB016,0xB016,0xB016,0xB016,
   0xA815,0xB8D6,0xC257,0x406A,0x1006,0x1006,0x0805,0x0003,0x2106,0xD63C,0xED3E,0xE3FC,0xBAD9,0xA2F9,0x8B18,0x0025,
   0x394F,0x6177,0x4090,0x0826,0x0807,0x382D,0x482F,0x6831,0x7852,0x80B3,0x388B,0x0004,0x0806,0x1007,0x1007,0x50AD,
   0xC9F8,0xB877,0xB016,0xB017,0xB017,0xB017,0xB016,0xC9B8,0x8972,0x2808,0x2008,0x1006,0x0005,0x0005,0x0004,0x0005,
   0x0005,0x0005,0x0005,0x0005,0x0005,0x0005,0x0805,0x0805,0x0805,0x0805,0x0005,0x0005,0x0005,0x0005,0x0005,0x0005,
   0x0005,0x0005,0x0005,0x0025,0x0005,0x0005,0x0025,0x0005,0x0005,0x0805,0x0806,0x1026,0x1006,0x0805,0x1006,0x1006,
   0x0805,0x0005,0x0005,0x0005,0x0005,0x0005,0x0005,0x0005,0x0005,0x0805,0x1827,0x2007,0x50CC,0xEC3B,0xF39C,0xE9F9,
   0xF21A,0xEA1A,0xEA1A,0xEA1A,0xEA1A,0xEA1A,0xEA1A,0xEA1A,0xE9D9,0xF37C,0xEC7B,0x592C,0x30EA,0x41AC,0x3149,0x0000,
   0x0000,0x0000,0x0000,0x0000,0x0000,0x0000,0x0000,0x0000,0x0000,0x0000,0x0000,0x0000,0x0000,0x0000,0x0000,0x0000,
   0x0000,0x0000,0x0000,0x0000,0x0000,0x0000,0x0000,0x0000,0x0000,0x0000,0x0000,0x0000,0x0000,0x0000,0x0000,0x0000,
   0x0000,0x0000,0x0000,0x0000,0x0000,0x0000,0x0000,0x0000,0x0000,0x0862,0x52F3,0x6338,0x6B99,0x298D,0x0003,0x0005,
   0x0806,0x1807,0x1807,0x68EF,0xC9D7,0xA035,0xA015,0xA015,0xA815,0xA015,0xC998,0xA1D4,0x380A,0x3009,0x402B,0xB216,
   0xC137,0xA815,0xA816,0xA816,0xA816,0xA835,0xA856,0xA816,0xA816,0xA816,0xA815,0xC138,0xBA17,0x506C,0x3009,0x300A,
   0x9172,0xC177,0xA014,0xA015,0xA015,0xA015,0xA035,0xC9F8,0x712F,0x1807,0x1807,0x1006,0x1807,0x1807,0x60EE,0xCA38,
   0xB076,0xA816,0xA816,0xA816,0xA816,0xB076,0xCA38,0x60CE,0x2008,0x1807,0x0806,0x0005,0x0005,0x0005,0x0005,0x0805,
   0x1006,0x2008,0x2809,0x99B3,0xD198,0xA816,0xB016,0xA816,0xB016,0xA015,0xB8F6,0xC257,0x406B,0x1807,0x1006,0x0805,
   0x0805,0x0806,0x0806,0x0806,0x0806,0x0806,0x0806,0x1006,0x1007,0x1006,0x1006,0x1807,0x1807,0x2008,0x3029,0x508C,
   0x7910,0xB1B5,0xC177,0xA855,0xA015,0xA815,0xA815,0xA815,0xA815,0xB076,0xCA38,0x50CD,0x1006,0x1006,0x0805,0x0002,
   0x6B30,0xE59E,0xD37B,0x8913,0x490D,0x9BF9,0x8ABB,0x288C,0x0007,0x186C,0x1049,0x0006,0x206C,0x202D,0x1009,0x1809,
   0x402E,0x7052,0x80F1,0x1846,0x0005,0x1007,0x1807,0x488C,0xB9D7,0xB897,0xA816,0xA816,0xA816,0xA816,0xA015,0xB937,
   0xA1D4,0x382A,0x2007,0x1807,0x0805,0x0005,0x0005,0x0005,0x0005,0x0005,0x0005,0x0005,0x0805,0x0806,0x1006,0x1006,
   0x1006,0x1006,0x1026,0x0805,0x0005,0x0005,0x0005,0x0025,0x0024,0x0024,0x0024,0x0025,0x0005,0x0005,0x0005,0x0005,
   0x0005,0x0005,0x0005,0x0805,0x0806,0x0806,0x0805,0x0805,0x0005,0x0005,0x0005,0x0005,0x0005,0x0005,0x0005,0x0005,
   0x0805,0x1006,0x2008,0x2007,0x9232,0xFC9E,0xEA9A,0xE9DA,0xE9FA,0xE9FA,0xE9FA,0xE9FA,0xE9FA,0xE9FA,0xE9FA,0xE9DA,
   0xE9D9,0xFBFD,0xCBB8,0x40CB,0x416C,0x520E,0x2907,0x0000,0x0000,0x0000,0x0000,0x0000,0x0000,0x0000,0x0000,0x0000,
   0x0000,0x0000,0x0000,0x0000,0x0000,0x0000,0x0000,0x0000,0x0000,0x0000,0x0000,0x0000,0x0000,0x0000,0x0000,0x0000,
   0x0000,0x0000,0x0000,0x0000,0x0000,0x0000,0x0000,0x0000,0x0000,0x0000,0x0000,0x0000,0x0000,0x0000,0x0000,0x0000,
   0x0000,0x18E5,0x6B78,0x62F8,0x6378,0x10A8,0x0003,0x0005,0x0806,0x1807,0x2008,0x8151,0xC197,0x9013,0x9014,0x9814,
   0x9814,0x9814,0xC1B7,0x8131,0x2808,0x3009,0x2809,0x8151,0xC9F8,0xA035,0xA015,0xA015,0xA015,0x9815,0x9815,0xA015,
   0xA015,0x9814,0xB0B6,0xC1F8,0x60AE,0x2808,0x300A,0x380B,0xA9D5,0xB136,0x9013,0x9814,0x9814,0x9014,0xA075,0xB9F7,
   0x50AC,0x1807,0x1807,0x1006,0x1007,0x1807,0x60CE,0xC1F7,0xA855,0xA015,0xA015,0xA015,0xA015,0xA035,0xC1F7,0x710F,
   0x2008,0x2028,0x1007,0x0806,0x0805,0x0805,0x0806,0x1006,0x2007,0x2008,0x58AE,0xCA38,0xB0B6,0xA015,0xA015,0xA015,
   0xA015,0x9814,0xC177,0x99B3,0x2008,0x1807,0x1006,0x0806,0x0806,0x1006,0x1807,0x1006,0x1007,0x1007,0x0806,0x0806,
   0x0806,0x0806,0x1007,0x1007,0x1807,0x1807,0x1808,0x2008,0x2008,0x382A,0x9152,0xB136,0x9814,0xA015,0xA015,0xA015,
   0xA015,0xA855,0xC1F7,0x58CD,0x1006,0x1027,0x0004,0x1906,0xCDFB,0xE4BE,0xBA19,0x500D,0x00A4,0x9455,0x931B,0x6998,
   0x40F1,0x288D,0x288E,0x40B2,0x50D4,0x48D1,0x1026,0x0005,0x302D,0x6030,0x98B3,0x60CD,0x0004,0x1006,0x1807,0x384A,
   0xA9B5,0xB0D6,0x9815,0xA015,0xA015,0xA015,0x9814,0xA074,0xB9D7,0x60CE,0x2007,0x2007,0x1006,0x0806,0x0805,0x0805,
   0x0005,0x0005,0x0806,0x0806,0x1006,0x1807,0x1007,0x408B,0x7951,0x3849,0x1006,0x1026,0x0805,0x0005,0x0005,0x0005,
   0x0025,0x0024,0x0024,0x0025,0x0005,0x0005,0x0005,0x0005,0x0005,0x0005,0x0005,0x0005,0x0005,0x0005,0x0005,0x0005,
   0x0005,0x0005,0x0005,0x0005,0x0005,0x0005,0x0005,0x0005,0x1006,0x2007,0x1807,0x50AB,0xE41B,0xFB9C,0xE9B9,0xE9BA,
   0xE9DA,0xE9BA,0xF1BA,0xF1BA,0xF1BA,0xE9BA,0xE9DA,0xE99A,0xEA5A,0xFC9E,0x9273,0x390B,0x520E,0x520D,0x1083,0x0000,
   0x0000,0x0000,0x0000,0x0000,0x0000,0x0000,0x0000,0x0000,0x0000,0x0000,0x0000,0x0000,0x0000,0x0000,0x0000,0x0000,
   0x0000,0x0000,0x0000,0x0000,0x0000,0x0000,0x0000,0x0000,0x0000,0x0000,0x0000,0x0000,0x0000,0x0000,0x0000,0x0000,
   0x0000,0x0000,0x0000,0x0000,0x0000,0x0000,0x0000,0x0000,0x0000,0x2969,0x6B79,0x6318,0x5B15,0x0025,0x0004,0x0005,
   0x0806,0x1807,0x2809,0x9993,0xB116,0x8813,0x8813,0x9013,0x8813,0x9053,0xB9B6,0x60AD,0x2007,0x2829,0x2008,0x486B,
   0xB1D6,0xA8D5,0x9014,0x9815,0x9014,0x9014,0x9814,0x9014,0x9013,0x9854,0xC1D7,0x7110,0x2008,0x2809,0x2809,0x486C,
   0xB1D6,0xA0D5,0x8813,0x9013,0x9014,0x8813,0xA0B5,0xA9B5,0x384A,0x1807,0x1007,0x0806,0x1006,0x1007,0x50AC,0xB9D6,
   0xA075,0x9014,0x9814,0x9814,0x9814,0x9013,0xB156,0x9993,0x3009,0x2008,0x2008,0x1007,0x1006,0x1006,0x1007,0x2007,
   0x2007,0x402A,0xA9D5,0xC177,0x9014,0x9815,0x9815,0x9815,0x9014,0x9854,0xC1D7,0x60EE,0x1807,0x1807,0x0806,0x0806,
   0x1006,0x2828,0x7950,0x50AC,0x1807,0x1807,0x1807,0x1007,0x1007,0x1006,0x1006,0x0806,0x0807,0x1007,0x1808,0x2028,
   0x2829,0x1807,0x60AD,0xB176,0x9834,0x9814,0x9814,0x9814,0x9814,0xA074,0xB1B5,0x488B,0x1006,0x1027,0x0003,0x8432,
   0xF65F,0xD3BD,0xB9D8,0x7871,0x2028,0x08A6,0x39AD,0x4951,0x4933,0x4912,0x40F2,0x40B0,0x308D,0x1849,0x0806,0x202A,
   0x404F,0x6031,0x8852,0xA953,0x2868,0x0005,0x1808,0x2809,0x9153,0xB936,0x9014,0x9814,0x9814,0x9814,0x9814,0x9013,
   0xA8F5,0xA1B4,0x404B,0x2007,0x2007,0x1807,0x1006,0x1006,0x1006,0x1006,0x1007,0x1807,0x1807,0x1807,0x508D,0xA194,
   0xC1B7,0x9953,0x384A,0x1807,0x1006,0x0805,0x0005,0x0005,0x0005,0x0025,0x0025,0x0005,0x0005,0x0005,0x0005,0x0005,
   0x0005,0x0005,0x0005,0x0005,0x0005,0x0005,0x0005,0x0005,0x0005,0x0005,0x0005,0x0005,0x0005,0x0005,0x0805,0x1006,
   0x2027,0x1807,0x3029,0xC337,0xFC3D,0xEA19,0xE97A,0xE9BA,0xF19A,0xF19A,0xF19A,0xF19A,0xF19A,0xF19A,0xF19A,0xE979,
   0xFB7C,0xE43B,0x596D,0x418C,0x5A6F,0x3148,0x0000,0x0000,0x0000,0x0000,0x0000,0x0000,0x0000,0x0000,0x0000,0x0000,
   0x0000,0x0000,0x0000,0x0000,0x0000,0x0000,0x0000,0x0000,0x0000,0x0000,0x0000,0x0000,0x0000,0x0000,0x0000,0x0000,
   0x0000,0x0000,0x0000,0x0000,0x0000,0x0000,0x0000,0x0000,0x0000,0x0000,0x0000,0x0000,0x0000,0x0000,0x0000,0x0000,
   0x0000,0x422E,0x6338,0x6338,0x4251,0x0004,0x0005,0x0805,0x1006,0x1807,0x384A,0xA9B5,0x98B4,0x8012,0x8813,0x8813,
   0x8012,0x9093,0xB1B5,0x486B,0x2007,0x2028,0x2028,0x2008,0x8131,0xB977,0x8813,0x8813,0x8813,0x8813,0x9013,0x8813,
   0x8832,0xB196,0x8951,0x3009,0x2008,0x2808,0x2809,0x60AE,0xB1B6,0x9073,0x8012,0x8813,0x8813,0x8012,0xA8F5,0x9973,
   0x3009,0x1807,0x1006,0x0806,0x1006,0x1006,0x406B,0xB1B5,0x9894,0x8813,0x8813,0x8813,0x8813,0x8813,0x9073,0xB1B6,
   0x70CF,0x2809,0x2008,0x1808,0x1807,0x1807,0x1807,0x2008,0x484B,0x9973,0xB996,0x9053,0x8814,0x9014,0x9014,0x9014,
   0x8813,0xB0F6,0xA9D5,0x304A,0x1007,0x1007,0x1006,0x1007,0x1007,0x60AD,0xB9B6,0xB195,0x8150,0x406B,0x2008,0x1807,
   0x1807,0x1007,0x1807,0x1807,0x1807,0x1807,0x1808,0x2008,0x2008,0x300A,0x8932,0xB135,0x8813,0x9013,0x9013,0x9013,
   0x8813,0xA0B4,0xA173,0x3029,0x1006,0x0004,0x2147,0xDE9C,0xDC3D,0xD2DD,0xCA3B,0x9895,0x80B2,0x404B,0x1006,0x0825,
   0x0005,0x0006,0x0806,0x0826,0x1027,0x202A,0x406E,0x5871,0x6852,0x8033,0x8012,0xB0F5,0x710F,0x0004,0x1827,0x1807,
   0x60CE,0xB976,0x9033,0x8813,0x8813,0x8813,0x8813,0x8813,0x8812,0xA914,0xA174,0x588D,0x2809,0x2007,0x1807,0x1807,
   0x1807,0x1807,0x1807,0x2008,0x3029,0x70EF,0xA995,0xA0F4,0x8852,0xB156,0x9973,0x3849,0x1006,0x1006,0x0805,0x0005,
   0x0005,0x0005,0x0005,0x0005,0x0005,0x0005,0x0005,0x0005,0x0005,0x0005,0x0005,0x0005,0x0005,0x0005,0x0005,0x0005,
   0x0005,0x0005,0x0005,0x0005,0x0005,0x0805,0x1006,0x2007,0x2007,0x3029,0xB2D6,0xFC3D,0xEA7A,0xE95A,0xF15A,0xF17A,
   0xF17A,0xF17A,0xF17A,0xF17A,0xF17A,0xF17A,0xE93A,0xEA3A,0xFC9E,0x9AB4,0x412C,0x5A2F,0x5A6F,0x0862,0x0000,0x0000,
   0x0000,0x0000,0x0000,0x0000,0x0000,0x0000,0x0000,0x0000,0x0000,0x0000,0x0000,0x0000,0x0000,0x0000,0x0000,0x0000,
   0x0000,0x0000,0x0000,0x0000,0x0000,0x0000,0x0000,0x0000,0x0000,0x0000,0x0000,0x0000,0x0000,0x0000,0x0000,0x0000,
   0x0000,0x0000,0x0000,0x0000,0x0000,0x0000,0x0000,0x0000,0x0021,0x5B14,0x62F8,0x6B59,0x298D,0x0003,0x0005,0x0805,
   0x1006,0x1007,0x486C,0xB1B6,0x8873,0x7812,0x8012,0x8012,0x7811,0x98D4,0xA174,0x3029,0x1807,0x1807,0x1807,0x1807,
   0x486B,0xA996,0x9894,0x8012,0x8813,0x8813,0x8813,0x8012,0xA955,0x9993,0x3029,0x2007,0x1807,0x2007,0x2008,0x68CF,
   0xA975,0x8032,0x8012,0x8012,0x8012,0x8011,0xA915,0x8952,0x2008,0x1807,0x0806,0x0005,0x1005,0x1006,0x3028,0x9973,
   0xA0F5,0x8012,0x8012,0x8012,0x8012,0x8812,0x8012,0x98B4,0xB196,0x9132,0x588D,0x406B,0x384B,0x404B,0x508D,0x78F0,
   0xA974,0xA935,0x8832,0x8012,0x8813,0x8813,0x8813,0x8813,0x9053,0xC1B7,0x70F0,0x2008,0x1007,0x1007,0x1807,0x1807,
   0x3049,0x9953,0x9893,0x9072,0xB155,0xA995,0x8932,0x60AE,0x406B,0x3029,0x2808,0x2008,0x2008,0x2008,0x2808,0x382A,
   0x506C,0x8912,0xB155,0x9053,0x8012,0x8813,0x8813,0x8813,0x8812,0xB115,0x8130,0x1807,0x1006,0x0003,0x8432,0xED9E,
   0xC1DA,0xC9DC,0xC9BB,0xC159,0xA8D6,0x98B4,0x80B2,0x7070,0x584E,0x502D,0x504E,0x5870,0x6051,0x6852,0x7053,0x7833,
   0x8033,0x8013,0x7812,0x8832,0xA913,0x3069,0x0805,0x1807,0x3029,0xA174,0x98B4,0x7812,0x8013,0x8013,0x8012,0x8813,
   0x8012,0x8812,0xA8D4,0xB175,0x8911,0x588D,0x404B,0x384A,0x384A,0x406B,0x588C,0x70EF,0x9953,0xA934,0x9093,0x8012,
   0x7812,0x8031,0xA914,0x9973,0x406B,0x1006,0x0806,0x0805,0x0005,0x0005,0x0005,0x0005,0x0005,0x0005,0x0005,0x0005,
   0x0005,0x0005,0x0005,0x0005,0x0005,0x0005,0x0005,0x0005,0x0005,0x0025,0x0005,0x0005,0x0805,0x1006,0x2007,0x1807,
   0x3849,0xBAD6,0xFC3D,0xEA7A,0xE93A,0xF13A,0xF15A,0xF13A,0xF13A,0xF13A,0xF13A,0xF13A,0xF15A,0xE91A,0xE979,0xFBFD,
   0xD3DA,0x514D,0x51CE,0x6A91,0x3168,0x0000,0x0000,0x0000,0x0000,0x0000,0x0000,0x0000,0x0000,0x0000,0x0000,0x0000,
   0x0000,0x0000,0x0000,0x0000,0x0000,0x0000,0x0000,0x0000,0x0000,0x0000,0x0000,0x0000,0x0000,0x0000,0x0000,0x0000,
   0x0000,0x0000,0x0000,0x0000,0x0000,0x0000,0x0000,0x0000,0x0000,0x0000,0x0000,0x0000,0x0000,0x0000,0x0000,0x0000,
   0x1083,0x6B77,0x62D7,0x6B58,0x18C9,0x0003,0x0005,0x0805,0x1006,0x1807,0x60CE,0xA996,0x7832,0x7811,0x8012,0x7811,
   0x7811,0xA115,0x9152,0x2808,0x1807,0x1006,0x1006,0x1806,0x2007,0x8131,0xA915,0x8012,0x8012,0x8012,0x8012,0xA0F5,
   0xA9D5,0x486C,0x1807,0x1807,0x1806,0x1807,0x2008,0x7910,0xA114,0x7011,0x7812,0x8012,0x7811,0x8012,0xB156,0x70F0,
   0x2007,0x1807,0x0805,0x0005,0x0805,0x1006,0x1806,0x710F,0xA955,0x7811,0x7812,0x8012,0x8012,0x8012,0x8012,0x8012,
   0x9073,0xB115,0xB135,0xA154,0xA154,0xA155,0xA975,0xA935,0x9093,0x7811,0x7811,0x8012,0x8012,0x8012,0x8012,0x8012,
   0xB956,0xA194,0x3009,0x1807,0x1007,0x1007,0x1807,0x2007,0x70EF,0xA934,0x8011,0x7811,0x8012,0x9073,0xA0F5,0xA935,
   0xA134,0x9132,0x8112,0x7911,0x78F0,0x78F1,0x8111,0x9133,0xA134,0xA0F4,0x8852,0x7812,0x8012,0x8012,0x8812,0x8012,
   0x9873,0xB996,0x508C,0x1007,0x1006,0x0024,0x9CB6,0xED5F,0xD31D,0xD2FD,0xD2DC,0xD2BC,0xD29B,0xD27B,0xD29A,0xD27A,
   0xCA7A,0xC239,0xA0F5,0x9895,0x9895,0x9894,0x9894,0x9894,0x9894,0x9894,0x9894,0x9893,0xB134,0x50AB,0x0004,0x1806,
   0x1807,0x60AE,0xB135,0x8032,0x7811,0x8012,0x8012,0x8012,0x8012,0x8012,0x7812,0x9052,0xA0F4,0xA134,0x9933,0x9933,
   0x9933,0xA134,0xA934,0xA0F4,0x9093,0x8031,0x7811,0x7812,0x7832,0x7811,0x7811,0xA114,0xA173,0x408B,0x1006,0x0806,
   0x0005,0x0005,0x0005,0x0005,0x0005,0x0005,0x0005,0x0005,0x0005,0x0005,0x0005,0x0005,0x0005,0x0005,0x0005,0x0025,
   0x0005,0x0005,0x0005,0x0805,0x1006,0x1807,0x1807,0x488B,0xC2F7,0xFBFD,0xEA5A,0xE8F9,0xF11A,0xF11A,0xE91A,0xF11A,
   0xE91A,0xF11A,0xF11A,0xF11A,0xF0FA,0xE119,0xF31B,0xFC5C,0x79F1,0x496D,0x6A71,0x522E,0x0821,0x0000,0x0000,0x0000,
   0x0000,0x0000,0x0000,0x0000,0x0000,0x0000,0x0000,0x0000,0x0000,0x0000,0x0000,0x0000,0x0000,0x0000,0x0000,0x0000,
   0x0000,0x0000,0x0000,0x0000,0x0000,0x0000,0x0000,0x0000,0x0000,0x0000,0x0000,0x0000,0x0000,0x0000,0x0000,0x0000,
   0x0000,0x0000,0x0000,0x0000,0x0000,0x0000,0x0000,0x0000,0x2148,0x6338,0x62F8,0x5B16,0x0866,0x0004,0x0005,0x0806,
   0x1006,0x2008,0x7911,0xA135,0x7011,0x7011,0x7811,0x7011,0x7811,0xA956,0x78F0,0x2008,0x1007,0x0806,0x0805,0x1006,
   0x1006,0x488B,0xA975,0x8051,0x7010,0x7011,0x9093,0xB1B6,0x58AE,0x1807,0x1807,0x1007,0x1007,0x1807,0x2829,0x8932,
   0x90D3,0x6810,0x7011,0x7811,0x7011,0x8032,0xA956,0x50AD,0x1807,0x1006,0x0805,0x0005,0x0005,0x1006,0x1006,0x406A,
   0xA174,0x8892,0x7010,0x7811,0x7812,0x7812,0x7812,0x7812,0x7811,0x7812,0x8052,0x8873,0x8893,0x8873,0x8852,0x7811,
   0x7811,0x7812,0x7832,0x7812,0x7812,0x7811,0x7811,0xA0F4,0xA995,0x486B,0x1807,0x1007,0x0807,0x1007,0x1807,0x486C,
   0xA975,0x9073,0x7010,0x7811,0x7811,0x7011,0x7011,0x7831,0x8052,0x9093,0x98B3,0x98D4,0x98D4,0x98D4,0x98B4,0x9093,
   0x8052,0x7011,0x7011,0x7811,0x7811,0x7831,0x7811,0x8032,0xB956,0x8111,0x2008,0x1007,0x0806,0x0004,0x20E8,0x7330,
   0x7311,0x6A90,0x6A70,0x6A50,0x6A30,0x6A31,0x7251,0x7251,0x7272,0x7A72,0x592E,0x508D,0x58AD,0x58AD,0x58AD,0x58AC,
   0x58AD,0x58CD,0x60CD,0x68ED,0x50AB,0x1026,0x0805,0x1006,0x1006,0x2808,0x8912,0xA8F5,0x7812,0x7811,0x7812,0x7812,
   0x7812,0x7812,0x7811,0x7811,0x7811,0x7831,0x8852,0x8872,0x8872,0x8852,0x8031,0x7811,0x7011,0x7011,0x7011,0x7011,
   0x7011,0x7031,0x6810,0x8892,0xA974,0x50AC,0x1006,0x0806,0x0005,0x0005,0x0005,0x0005,0x0005,0x0005,0x0005,0x0025,
   0x0005,0x0005,0x0005,0x0005,0x0005,0x0005,0x0024,0x0005,0x0005,0x0005,0x0806,0x1807,0x2008,0x1807,0x58EC,0xDB39,
   0xFB9D,0xE1F9,0xE0D9,0xE0D9,0xE0F9,0xE0F9,0xE0F9,0xE0F9,0xE0F9,0xE0F9,0xE0FA,0xE0DA,0xE0D9,0xF25A,0xFC3D,0xA294,
   0x492D,0x6230,0x62B1,0x20E6,0x0000,0x0000,0x0000,0x0000,0x0000,0x0000,0x0000,0x0000,0x0000,0x0000,0x0000,0x0000,
   0x0000,0x0000,0x0000,0x0000,0x0000,0x0000,0x0000,0x0000,0x0000,0x0000,0x0000,0x0000,0x0000,0x0000,0x0000,0x0000,
   0x0000,0x0000,0x0000,0x0000,0x0000,0x0000,0x0000,0x0000,0x0000,0x0000,0x0000,0x0000,0x0000,0x0000,0x0000,0x0000,
   0x422E,0x6318,0x6B18,0x4A72,0x0004,0x0004,0x0005,0x0806,0x1807,0x2809,0x8953,0x90F4,0x6810,0x7010,0x7011,0x7010,
   0x7831,0xA955,0x58AE,0x1007,0x1006,0x0806,0x0005,0x0806,0x1006,0x2008,0x8952,0xA134,0x90D3,0x90D3,0xA174,0x60EF,
   0x1807,0x1807,0x1007,0x0806,0x1007,0x1807,0x384B,0x9953,0x8072,0x6810,0x7011,0x7011,0x6810,0x8072,0xA154,0x384B,
   0x1007,0x1006,0x0005,0x0005,0x0004,0x0805,0x1007,0x1807,0x68CF,0xA955,0x8031,0x7011,0x7811,0x7811,0x7031,0x7011,
   0x7031,0x7011,0x7011,0x7010,0x6810,0x7010,0x7011,0x7011,0x7031,0x7031,0x7031,0x7031,0x7011,0x7811,0x98F4,0xA994,
   0x508C,0x1806,0x1807,0x0806,0x0806,0x1006,0x2829,0x9132,0xA0F4,0x7010,0x7010,0x7030,0x7031,0x7031,0x7011,0x7011,
   0x6811,0x6811,0x7010,0x7010,0x7010,0x7010,0x7011,0x6810,0x7011,0x7011,0x7031,0x7031,0x7011,0x6810,0x7831,0xA114,
   0x9132,0x3029,0x1807,0x0806,0x0006,0x0005,0x0004,0x0003,0x0003,0x0004,0x0004,0x0004,0x0004,0x0005,0x0005,0x0005,
   0x0005,0x0005,0x0005,0x0006,0x0006,0x0005,0x0005,0x0005,0x0005,0x0005,0x0005,0x0005,0x0005,0x0004,0x0005,0x0805,
   0x1006,0x1006,0x382A,0x9913,0xA8D5,0x7832,0x7011,0x7031,0x7031,0x7031,0x7031,0x7031,0x7031,0x7030,0x7010,0x6810,
   0x7010,0x7010,0x7010,0x7011,0x7011,0x7011,0x7011,0x7010,0x6810,0x7010,0x88B2,0x9953,0x60AD,0x1807,0x1006,0x0805,
   0x0005,0x0005,0x0005,0x0005,0x0005,0x0005,0x0005,0x0005,0x0025,0x0005,0x0005,0x0005,0x0005,0x0005,0x0005,0x0005,
   0x0805,0x1006,0x1807,0x2008,0x2008,0x712F,0xEB7A,0xFB5C,0xD999,0xD0B8,0xD8D9,0xD8D9,0xD8D9,0xD8D9,0xD8D9,0xD8F9,
   0xD8D9,0xD8D9,0xD8D9,0xD0B8,0xEA1A,0xFBFD,0xB2F6,0x512D,0x620F,0x72D2,0x41EB,0x0000,0x0000,0x0000,0x0000,0x0000,
   0x0000,0x0000,0x0000,0x0000,0x0000,0x0000,0x0000,0x0000,0x0000,0x0000,0x0000,0x0000,0x0000,0x0000,0x0000,0x0000,
   0x0000,0x0000,0x0000,0x0000,0x0000,0x0000,0x0000,0x0000,0x0000,0x0000,0x0000,0x0000,0x0000,0x0000,0x0000,0x0000,
   0x0000,0x0000,0x0000,0x0000,0x0000,0x0000,0x0000,0x0000,0x52B2,0x62D8,0x6338,0x31AE,0x0003,0x0005,0x0005,0x0806,
   0x1007,0x382A,0xA174,0x8892,0x6810,0x7010,0x7010,0x6810,0x8052,0xA154,0x406B,0x1006,0x1006,0x0805,0x0005,0x0805,
   0x1006,0x1006,0x408B,0x70EF,0x68CF,0x70EF,0x58CD,0x1807,0x1006,0x0806,0x0806,0x0805,0x1006,0x1807,0x508C,0xA155,
   0x7851,0x6810,0x7030,0x7010,0x6810,0x8892,0x9133,0x2829,0x1006,0x0806,0x0005,0x0005,0x0004,0x0805,0x1006,0x1007,
   0x2808,0x8111,0xB136,0x8852,0x7011,0x7011,0x7011,0x7011,0x7031,0x7031,0x7031,0x7031,0x7030,0x7031,0x7031,0x7031,
   0x7011,0x7010,0x6810,0x7011,0x8052,0xA135,0xA174,0x508C,0x1807,0x1007,0x0806,0x0805,0x0805,0x0805,0x386A,0xA153,
   0xA0F4,0x7851,0x6810,0x6810,0x6810,0x7010,0x7011,0x7031,0x7031,0x7031,0x7010,0x7010,0x7010,0x7010,0x7010,0x7010,
   0x7010,0x7010,0x6810,0x6810,0x7010,0x8072,0xA134,0x8912,0x3829,0x1006,0x1006,0x0805,0x0005,0x0004,0x18C8,0x5A94,
   0x30D1,0x2890,0x30B1,0x3090,0x2870,0x286F,0x204D,0x204C,0x182C,0x182B,0x102A,0x0829,0x0808,0x0807,0x0807,0x0807,
   0x0807,0x0807,0x0005,0x186A,0x28CB,0x0004,0x0004,0x0805,0x0806,0x1007,0x1007,0x382A,0x88F2,0xA915,0x8873,0x7011,
   0x7010,0x7010,0x7011,0x7031,0x7031,0x7031,0x7031,0x7031,0x7030,0x7031,0x7011,0x7010,0x7010,0x7010,0x6810,0x6810,
   0x7851,0x98F3,0x9133,0x508C,0x1807,0x1006,0x0805,0x0005,0x0005,0x0025,0x0005,0x0005,0x0005,0x0005,0x0025,0x0005,
   0x0005,0x0005,0x0005,0x0005,0x0005,0x0005,0x0005,0x0806,0x1006,0x1807,0x1807,0x2808,0x91B2,0xFB7C,0xF2DB,0xD138,
   0xC898,0xD0B8,0xD0B8,0xD0B8,0xD0B8,0xD0B8,0xD0B8,0xD0B8,0xD0D8,0xD0B8,0xC897,0xE1D9,0xFBDD,0xC317,0x514D,0x59EE,
   0x72D2,0x62B0,0x1083,0x0000,0x0000,0x0000,0x0000,0x0000,0x0000,0x0000,0x0000,0x0000,0x0000,0x0000,0x0000,0x0000,
   0x0000,0x0000,0x0000,0x0000,0x0000,0x0000,0x0000,0x0000,0x0000,0x0000,0x0000,0x0000,0x0000,0x0000,0x0000,0x0000,
   0x0000,0x0000,0x0000,0x0000,0x0000,0x0000,0x0000,0x0000,0x0000,0x0000,0x0000,0x0000,0x0000,0x0000,0x0000,0x0883,
   0x5AD5,0x62B8,0x6338,0x190A,0x0003,0x0005,0x0005,0x0806,0x1006,0x406B,0xA154,0x7851,0x6810,0x6810,0x6810,0x600F,
   0x8092,0x9133,0x2829,0x1006,0x0805,0x0005,0x0005,0x0005,0x0805,0x1006,0x1007,0x1807,0x1807,0x1807,0x1006,0x1006,
   0x0806,0x0005,0x0005,0x0005,0x1006,0x1007,0x58AE,0xA134,0x7011,0x6810,0x6810,0x6810,0x600F,0x88B2,0x7911,0x1808,
   0x1006,0x0805,0x0005,0x0005,0x0004,0x0005,0x0806,0x1007,0x1807,0x3009,0x78F0,0xA935,0x98B4,0x7852,0x6810,0x6810,
   0x6810,0x6810,0x6810,0x6810,0x6810,0x6810,0x6810,0x6810,0x6810,0x7010,0x7851,0x98D4,0xA955,0x8932,0x404B,0x1807,
   0x1007,0x0806,0x0005,0x0005,0x0805,0x0806,0x1807,0x404A,0x78F0,0xA134,0x98F4,0x8892,0x7831,0x7010,0x6810,0x6810,
   0x6810,0x6810,0x6810,0x6810,0x6810,0x6810,0x6810,0x6810,0x6810,0x6810,0x7030,0x8072,0x98F4,0xA134,0x70CF,0x3029,
   0x1807,0x1006,0x0805,0x0005,0x0005,0x0004,0x0025,0x62D6,0x5198,0x3054,0x4095,0x3873,0x3052,0x2850,0x202F,0x200E,
   0x180D,0x100B,0x080A,0x0809,0x0008,0x0008,0x0007,0x0006,0x0006,0x0005,0x0005,0x30CE,0x20AC,0x0004,0x0005,0x0005,
   0x0006,0x0806,0x1007,0x1007,0x3029,0x70CF,0xA134,0x98F4,0x8072,0x7011,0x6810,0x6810,0x6810,0x6810,0x6810,0x6810,
   0x6810,0x6810,0x6810,0x6810,0x6810,0x7010,0x8051,0x90B3,0xA114,0x80F1,0x404A,0x1807,0x1006,0x0805,0x0005,0x0005,
   0x0005,0x0005,0x0005,0x0005,0x0005,0x0005,0x0005,0x0025,0x0005,0x0005,0x0005,0x0005,0x0005,0x0005,0x0806,0x1006,
   0x2007,0x1807,0x3849,0xAA14,0xFB5C,0xEA5A,0xC0D6,0xC097,0xC0B7,0xC0B7,0xC0B7,0xC0B7,0xC8B7,0xC0B7,0xC8B7,0xC8B7,
   0xC097,0xC077,0xE1D9,0xFB9D,0xC2F7,0x594D,0x51CE,0x72D2,0x6AF2,0x20E5,0x0000,0x0000,0x0000,0x0000,0x0000,0x0000,
   0x0000,0x0000,0x0000,0x0000,0x0000,0x0000,0x0000,0x0000,0x0000,0x0000,0x0000,0x0000,0x0000,0x0000,0x0000,0x0000,
   0x0000,0x0000,0x0000,0x0000,0x0000,0x0000,0x0000,0x0000,0x0000,0x0000,0x0000,0x0000,0x0000,0x0000,0x0000,0x0000,
   0x0000,0x0000,0x0000,0x0000,0x0000,0x0000,0x0000,0x2127,0x6317,0x62D8,0x5AF6,0x0886,0x0003,0x0005,0x0005,0x0806,
   0x0805,0x58CD,0xA155,0x90D3,0x88B3,0x90D3,0x90D3,0x88D3,0xA114,0x8111,0x2007,0x1006,0x0005,0x0005,0x0005,0x0005,
   0x0005,0x0805,0x0806,0x0806,0x0806,0x0806,0x0805,0x0805,0x0805,0x0005,0x0005,0x0005,0x0806,0x1006,0x68EF,0xA134,
   0x90B3,0x90B3,0x90B3,0x90B3,0x88B2,0xA134,0x60CE,0x1006,0x1006,0x0805,0x0005,0x0005,0x0005,0x0005,0x0005,0x0805,
   0x1006,0x1007,0x2008,0x586D,0x88F2,0x9914,0x90D3,0x8892,0x8072,0x7851,0x7031,0x7030,0x7031,0x7031,0x7851,0x8072,
   0x88B3,0x98D3,0xA134,0x8912,0x588D,0x2808,0x1807,0x1807,0x0806,0x0005,0x0005,0x0005,0x0005,0x0805,0x0806,0x1006,
   0x2007,0x486B,0x70D0,0x9113,0x98F4,0x90D4,0x88B3,0x8072,0x7851,0x7851,0x7831,0x7831,0x7851,0x7831,0x7851,0x8072,
   0x8892,0x90D3,0x9913,0x9113,0x70D0,0x404B,0x2007,0x1807,0x1007,0x0806,0x0005,0x0005,0x0005,0x0005,0x0003,0x318E,
   0x6A99,0x4094,0x4093,0x4092,0x3871,0x3870,0x386F,0x386F,0x386E,0x386E,0x406D,0x406C,0x408C,0x408C,0x408C,0x408B,
   0x408B,0x408B,0x38AC,0x3910,0x1048,0x0004,0x0005,0x0005,0x0005,0x0005,0x0806,0x1006,0x1006,0x1807,0x404B,0x70D0,
   0x9113,0x98F3,0x90B3,0x8072,0x8071,0x7851,0x7831,0x7831,0x7831,0x7851,0x7851,0x8072,0x88B3,0x98F3,0x9113,0x78D0,
   0x506C,0x2809,0x1807,0x1007,0x0806,0x0005,0x0005,0x0005,0x0005,0x0005,0x0005,0x0005,0x0005,0x0005,0x0005,0x0005,
   0x0005,0x0005,0x0005,0x0005,0x0005,0x0806,0x1007,0x2008,0x1807,0x50AC,0xCA77,0xFAFC,0xD1B8,0xB876,0xB876,0xB897,
   0xB897,0xB897,0xB897,0xB897,0xB897,0xB897,0xB8B7,0xB876,0xB896,0xE1F9,0xFB5C,0xB296,0x512D,0x59CE,0x72D2,0x6B11,
   0x2106,0x0000,0x0000,0x0000,0x0000,0x0000,0x0000,0x0000,0x0000,0x0000,0x0000,0x0000,0x0000,0x0000,0x0000,0x0000,
   0x0000,0x0000,0x0000,0x0000,0x0000,0x0000,0x0000,0x0000,0x0000,0x0000,0x0000,0x0000,0x0000,0x0000,0x0000,0x0000,
   0x0000,0x0000,0x0000,0x0000,0x0000,0x0000,0x0000,0x0000,0x0000,0x0000,0x0000,0x0000,0x0000,0x0000,0x0000,0x31CB,
   0x6318,0x62D8,0x4A73,0x0004,0x0004,0x0005,0x0005,0x0805,0x0805,0x488B,0x70F0,0x70CF,0x70D0,0x78F0,0x78F0,0x70F0,
   0x78F0,0x508D,0x1807,0x0806,0x0005,0x0005,0x0005,0x0005,0x0005,0x0005,0x0005,0x0005,0x0005,0x0005,0x0005,0x0005,
   0x0005,0x0005,0x0005,0x0005,0x0805,0x1006,0x50AC,0x70CF,0x70CF,0x70D0,0x78D0,0x78F0,0x70D0,0x70F0,0x406B,0x1006,
   0x0806,0x0005,0x0004,0x0005,0x0005,0x0005,0x0004,0x0005,0x0805,0x1006,0x1006,0x1806,0x2808,0x486B,0x70CF,0x80F1,
   0x88F3,0x90F3,0x98F3,0x98F3,0x90F4,0x90F3,0x90F3,0x90F3,0x80D1,0x68AF,0x484C,0x2809,0x1807,0x1007,0x1006,0x0806,
   0x0005,0x0005,0x0005,0x0005,0x0005,0x0005,0x0806,0x0806,0x1006,0x1006,0x1807,0x3029,0x506C,0x68AF,0x80D1,0x88F2,
   0x90F3,0x90F3,0x90F3,0x90F4,0x90F4,0x90F3,0x90F3,0x88F2,0x80F1,0x70B0,0x588D,0x384A,0x2007,0x1006,0x1007,0x1006,
   0x0805,0x0005,0x0005,0x0005,0x0005,0x0005,0x0004,0x0846,0x41B0,0x30EF,0x308E,0x30AE,0x30AD,0x38AD,0x38AD,0x40AD,
   0x40AD,0x48CD,0x50CD,0x58CE,0x60CE,0x60CD,0x60ED,0x60ED,0x68ED,0x610D,0x490E,0x208A,0x0005,0x0004,0x0005,0x0005,
   0x0004,0x0004,0x0005,0x0805,0x1005,0x1006,0x1006,0x2007,0x382A,0x586D,0x78B0,0x88D2,0x90F3,0x98F4,0x98F4,0x98F4,
   0x98F4,0x90F4,0x90F3,0x88F2,0x70D0,0x588D,0x404A,0x2008,0x1007,0x1007,0x1006,0x0805,0x0005,0x0005,0x0005,0x0005,
   0x0005,0x0005,0x0005,0x0005,0x0005,0x0005,0x0005,0x0005,0x0005,0x0005,0x0005,0x0805,0x1006,0x1807,0x1807,0x2008,
   0x710F,0xE2D9,0xF29B,0xC137,0xA855,0xB076,0xB096,0xB076,0xB076,0xB076,0xB076,0xB076,0xB096,0xB096,0xA856,0xB8B6,
   0xEA3A,0xFB5C,0xA234,0x490C,0x51CE,0x72D1,0x7B53,0x2947,0x0000,0x0000,0x0000,0x0000,0x0000,0x0000,0x0000,0x0000,
   0x0000,0x0000,0x0000,0x0000,0x0000,0x0000,0x0000,0x0000,0x0000,0x0000,0x0000,0x0000,0x0000,0x0000,0x0000,0x0000,
   0x0000,0x0000,0x0000,0x0000,0x0000,0x0000,0x0000,0x0000,0x0000,0x0000,0x0000,0x0000,0x0000,0x0000,0x0000,0x0000,
   0x0000,0x0000,0x0000,0x0000,0x0000,0x0000,0x0000,0x422F,0x62D8,0x62F8,0x39CF,0x0003,0x0005,0x0005,0x0005,0x0005,
   0x0805,0x1006,0x1807,0x1807,0x2007,0x2007,0x2007,0x2007,0x1807,0x1807,0x1006,0x0005,0x0005,0x0004,0x0005,0x0005,
   0x0005,0x0005,0x0005,0x0005,0x0005,0x0005,0x0005,0x0005,0x0005,0x0005,0x0004,0x0005,0x0005,0x0806,0x1806,0x1807,
   0x2007,0x2007,0x2008,0x2007,0x1807,0x1807,0x1006,0x0806,0x0805,0x0005,0x0005,0x0005,0x0005,0x0005,0x0005,0x0004,
   0x0005,0x0805,0x0806,0x1006,0x1006,0x1807,0x2007,0x2808,0x382A,0x404B,0x484C,0x486C,0x486C,0x484C,0x404B,0x3029,
   0x2808,0x1807,0x1807,0x1807,0x1006,0x0806,0x0805,0x0005,0x0005,0x0005,0x0005,0x0005,0x0005,0x0005,0x0005,0x0005,
   0x0806,0x1006,0x1006,0x1006,0x1807,0x2007,0x2808,0x3029,0x382A,0x404B,0x484C,0x484C,0x484C,0x404B,0x382A,0x302A,
   0x2809,0x2007,0x1807,0x1807,0x1807,0x1006,0x0805,0x0805,0x0005,0x0005,0x0005,0x0005,0x0005,0x0005,0x0005,0x0004,
   0x0004,0x0005,0x0005,0x0005,0x0005,0x0005,0x0005,0x0005,0x0004,0x0004,0x0005,0x0005,0x0005,0x0005,0x0005,0x0005,
   0x0005,0x0005,0x0004,0x0004,0x0004,0x0005,0x0005,0x0005,0x0005,0x0004,0x0005,0x0005,0x0805,0x0805,0x1006,0x1006,
   0x1806,0x1807,0x2008,0x3009,0x382A,0x404B,0x484C,0x484C,0x484C,0x404B,0x382A,0x2829,0x2008,0x1807,0x1806,0x1006,
   0x0806,0x0806,0x0005,0x0005,0x0005,0x0005,0x0005,0x0005,0x0005,0x0005,0x0005,0x0005,0x0005,0x0005,0x0005,0x0005,
   0x0005,0x0005,0x0805,0x1006,0x1807,0x2007,0x2808,0x8971,0xEADB,0xEA5A,0xB0D5,0xA055,0xA875,0xA895,0xA895,0xA895,
   0xA875,0xA875,0xA875,0xA895,0xA875,0xA055,0xB8D6,0xEA7B,0xF31B,0x91F3,0x490D,0x51EF,0x6AF1,0x7B73,0x39A9,0x0000,
   0x0000,0x0000,0x0000,0x0000,0x0000,0x0000,0x0000,0x0000,0x0000,0x0000,0x0000,0x0000,0x0000,0x0000,0x0000,0x0000,
   0x0000,0x0000,0x0000,0x0000,0x0000,0x0000,0x0000,0x0000,0x0000,0x0000,0x0000,0x0000,0x0000,0x0000,0x0000,0x0000,
   0x0000,0x0000,0x0000,0x0000,0x0000,0x0000,0x0000,0x0000,0x0000,0x0000,0x0000,0x0000,0x0000,0x0000,0x0862,0x52B4,
   0x5A97,0x62F8,0x212B,0x0003,0x0005,0x0005,0x0005,0x0005,0x0005,0x0805,0x0806,0x0806,0x1006,0x1006,0x1006,0x0806,
   0x0806,0x0806,0x0805,0x0005,0x0004,0x0004,0x0005,0x0005,0x0005,0x0005,0x0005,0x0005,0x0005,0x0005,0x0005,0x0005,
   0x0005,0x0005,0x0004,0x0005,0x0005,0x0006,0x0806,0x0806,0x1006,0x1006,0x1006,0x1006,0x0806,0x0806,0x0806,0x0805,
   0x0005,0x0005,0x0005,0x0005,0x0005,0x0005,0x0005,0x0004,0x0004,0x0005,0x0005,0x0805,0x0806,0x1006,0x1007,0x1007,
   0x1007,0x1807,0x1807,0x1807,0x1007,0x1007,0x1007,0x1006,0x1006,0x1006,0x1006,0x0806,0x0805,0x0005,0x0005,0x0005,
   0x0005,0x0005,0x0005,0x0005,0x0005,0x0005,0x0005,0x0005,0x0005,0x0005,0x0806,0x0806,0x1006,0x1006,0x1006,0x1006,
   0x1006,0x1006,0x1007,0x1006,0x1007,0x1007,0x1006,0x1006,0x1006,0x1006,0x1006,0x0806,0x0806,0x0005,0x0005,0x0005,
   0x0005,0x0005,0x0005,0x0005,0x0005,0x0005,0x0005,0x0005,0x0004,0x0005,0x0005,0x0005,0x0005,0x0005,0x0005,0x0005,
   0x0004,0x0005,0x0005,0x0005,0x0004,0x0004,0x0004,0x0004,0x0004,0x0004,0x0004,0x0005,0x0005,0x0005,0x0005,0x0005,
   0x0005,0x0005,0x0005,0x0005,0x0005,0x0005,0x0806,0x0806,0x0806,0x1006,0x1006,0x1006,0x1007,0x1007,0x1007,0x1807,
   0x1007,0x1007,0x1007,0x1006,0x1006,0x1006,0x0806,0x0806,0x0005,0x0005,0x0005,0x0005,0x0005,0x0005,0x0005,0x0005,
   0x0005,0x0005,0x0005,0x0005,0x0005,0x0005,0x0005,0x0005,0x0005,0x0805,0x1006,0x1807,0x1807,0x384A,0xA1D4,0xEA9A,
   0xD1B8,0xA874,0xA034,0xA075,0xA075,0xA075,0xA075,0xA075,0xA075,0xA074,0xA075,0xA074,0x9854,0xB916,0xF29B,0xDAD9,
   0x7991,0x492D,0x5A2F,0x7312,0x7B53,0x3188,0x0000,0x0000,0x0000,0x0000,0x0000,0x0000,0x0000,0x0000,0x0000,0x0000,
   0x0000,0x0000,0x0000,0x0000,0x0000,0x0000,0x0000,0x0000,0x0000,0x0000,0x0000,0x0000,0x0000,0x0000,0x0000,0x0000,
   0x0000,0x0000,0x0000,0x0000,0x0000,0x0000,0x0000,0x0000,0x0000,0x0000,0x0000,0x0000,0x0000,0x0000,0x0000,0x0000,
   0x0000,0x0000,0x0000,0x0000,0x0000,0x0000,0x18E6,0x6317,0x5A77,0x5AF7,0x0887,0x0003,0x0005,0x0005,0x0005,0x0005,
   0x0004,0x0005,0x0005,0x0005,0x0805,0x0805,0x0805,0x0805,0x0005,0x0005,0x0005,0x0005,0x0005,0x0005,0x0005,0x0005,
   0x0005,0x0005,0x0005,0x0005,0x0005,0x0005,0x0005,0x0005,0x0005,0x0005,0x0005,0x0005,0x0005,0x0005,0x0005,0x0005,
   0x0005,0x0805,0x0805,0x0805,0x0005,0x0005,0x0005,0x0005,0x0005,0x0005,0x0005,0x0005,0x0005,0x0005,0x0005,0x0005,
   0x0025,0x0005,0x0005,0x0005,0x0005,0x0005,0x0806,0x0806,0x0806,0x0806,0x1006,0x1006,0x1006,0x1006,0x0806,0x0806,
   0x0806,0x0005,0x0005,0x0005,0x0005,0x0005,0x0005,0x0005,0x0005,0x0005,0x0005,0x0005,0x0005,0x0005,0x0005,0x0005,
   0x0005,0x0005,0x0005,0x0005,0x0005,0x0806,0x0806,0x0806,0x0806,0x0806,0x0806,0x0806,0x0806,0x0806,0x0806,0x0806,
   0x0806,0x0805,0x0005,0x0005,0x0005,0x0005,0x0005,0x0005,0x0005,0x0005,0x0005,0x0005,0x0005,0x0005,0x0005,0x0005,
   0x0025,0x0005,0x0005,0x0005,0x0005,0x0005,0x0005,0x0005,0x0005,0x0005,0x0005,0x0005,0x0005,0x0005,0x0005,0x0005,
   0x0005,0x0005,0x0005,0x0025,0x0005,0x0005,0x0005,0x0005,0x0005,0x0005,0x0005,0x0005,0x0005,0x0005,0x0005,0x0005,
   0x0005,0x0805,0x0805,0x0806,0x0806,0x0806,0x0806,0x0806,0x0806,0x0806,0x0806,0x0806,0x0805,0x0005,0x0005,0x0005,
   0x0005,0x0005,0x0005,0x0005,0x0005,0x0005,0x0005,0x0005,0x0005,0x0005,0x0005,0x0005,0x0005,0x0005,0x0005,0x0805,
   0x0806,0x1006,0x2007,0x1807,0x488C,0xBA16,0xEA7A,0xC156,0x9853,0x9834,0x9874,0x9874,0x9874,0x9874,0x9854,0x9854,
   0x9854,0x9854,0x9854,0x9854,0xC157,0xEA9B,0xC257,0x692E,0x492C,0x5A2F,0x7312,0x7332,0x3167,0x0000,0x0000,0x0000,
   0x0000,0x0000,0x0000,0x0000,0x0000,0x0000,0x0000,0x0000,0x0000,0x0000,0x0000,0x0000,0x0000,0x0000,0x0000,0x0000,
   0x0000,0x0000,0x0000,0x0000,0x0000,0x0000,0x0000,0x0000,0x0000,0x0000,0x0000,0x0000,0x0000,0x0000,0x0000,0x0000,
   0x0000,0x0000,0x0000,0x0000,0x0000,0x0000,0x0000,0x0000,0x0000,0x0000,0x0000,0x0000,0x0000,0x0000,0x296A,0x62F8,
   0x5A97,0x4A74,0x0005,0x0004,0x0005,0x0005,0x0005,0x0005,0x0005,0x0025,0x0005,0x0005,0x0005,0x0005,0x0005,0x0005,
   0x0025,0x0005,0x0005,0x0025,0x0005,0x0005,0x0005,0x0005,0x0005,0x0005,0x0005,0x0025,0x0005,0x0025,0x0025,0x0025,
   0x0025,0x0025,0x0025,0x0005,0x0025,0x0025,0x0005,0x0005,0x0005,0x0005,0x0005,0x0005,0x0005,0x0025,0x0025,0x0005,
   0x0005,0x0005,0x0025,0x0025,0x0005,0x0025,0x0025,0x0025,0x0025,0x0025,0x0005,0x0005,0x0005,0x0005,0x0005,0x0005,
   0x0005,0x0005,0x0005,0x0005,0x0005,0x0005,0x0005,0x0005,0x0005,0x0005,0x0005,0x0005,0x0005,0x0005,0x0005,0x0025,
   0x0025,0x0005,0x0005,0x0025,0x0025,0x0025,0x0005,0x0025,0x0025,0x0025,0x0025,0x0005,0x0005,0x0005,0x0005,0x0005,
   0x0005,0x0005,0x0005,0x0006,0x0006,0x0006,0x0005,0x0005,0x0005,0x0005,0x0005,0x0005,0x0025,0x0005,0x0005,0x0025,
   0x0025,0x0025,0x0005,0x0005,0x0005,0x0025,0x0025,0x0005,0x0025,0x0025,0x0025,0x0005,0x0005,0x0025,0x0025,0x0005,
   0x0005,0x0025,0x0025,0x0025,0x0025,0x0005,0x0005,0x0005,0x0025,0x0025,0x0025,0x0025,0x0025,0x0025,0x0005,0x0025,
   0x0025,0x0025,0x0025,0x0025,0x0005,0x0005,0x0005,0x0005,0x0005,0x0005,0x0005,0x0005,0x0005,0x0005,0x0005,0x0005,
   0x0005,0x0005,0x0005,0x0005,0x0005,0x0005,0x0005,0x0005,0x0005,0x0005,0x0025,0x0025,0x0005,0x0005,0x0005,0x0005,
   0x0005,0x0005,0x0005,0x0005,0x0005,0x0005,0x0806,0x1006,0x1807,0x1807,0x2008,0x60EE,0xCA38,0xDA19,0xA8F5,0x9033,
   0x9053,0x9073,0x9053,0x9053,0x9053,0x9053,0x9053,0x9073,0x9053,0x9033,0x9873,0xC998,0xE27A,0xA1B4,0x488B,0x38CB,
   0x49CD,0x6290,0x62B0,0x2906,0x0000,0x0000,0x0000,0x0000,0x0000,0x0000,0x0000,0x0000,0x0000,0x0000,0x0000,0x0000,
   0x0000,0x0000,0x0000,0x0000,0x0000,0x0000,0x0000,0x0000,0x0000,0x0000,0x0000,0x0000,0x0000,0x0000,0x0000,0x0000,
   0x0000,0x0000,0x0000,0x0000,0x0000,0x0000,0x0000,0x0000,0x0000,0x0000,0x0000,0x0000,0x0000,0x0000,0x0000,0x0000,
   0x0000,0x0000,0x0000,0x0000,0x0000,0x0000,0x4230,0x5A97,0x5AB8,0x39F0,0x0004,0x0005,0x0005,0x0005,0x0005,0x0005,
   0x0004,0x0003,0x0003,0x0005,0x0005,0x0005,0x0005,0x0003,0x0002,0x0002,0x0002,0x0002,0x0004,0x0003,0x0003,0x0005,
   0x0005,0x0005,0x0005,0x0003,0x0003,0x0004,0x0003,0x0002,0x0002,0x0002,0x0003,0x0005,0x0003,0x0003,0x0005,0x0005,
   0x0005,0x0005,0x0005,0x0005,0x0005,0x0004,0x0003,0x0005,0x0025,0x0005,0x0003,0x0003,0x0005,0x0004,0x0003,0x0002,
   0x0002,0x0003,0x0004,0x0005,0x0005,0x0005,0x0005,0x0003,0x0003,0x0005,0x0005,0x0005,0x0003,0x0003,0x0005,0x0005,
   0x0003,0x0002,0x0002,0x0003,0x0005,0x0025,0x0005,0x0003,0x0004,0x0005,0x0005,0x0004,0x0003,0x0004,0x0005,0x0003,
   0x0002,0x0003,0x0003,0x0004,0x0005,0x0005,0x0005,0x0005,0x0005,0x0005,0x0003,0x0002,0x0002,0x0003,0x0005,0x0005,
   0x0005,0x0004,0x0003,0x0002,0x0003,0x0004,0x0025,0x0005,0x0003,0x0003,0x0004,0x0025,0x0005,0x0003,0x0003,0x0005,
   0x0003,0x0003,0x0005,0x0005,0x0005,0x0003,0x0003,0x0005,0x0004,0x0002,0x0002,0x0002,0x0003,0x0004,0x0025,0x0005,
   0x0003,0x0002,0x0003,0x0003,0x0002,0x0003,0x0004,0x0003,0x0002,0x0003,0x0003,0x0003,0x0005,0x0005,0x0005,0x0005,
   0x0004,0x0003,0x0004,0x0005,0x0005,0x0005,0x0005,0x0005,0x0003,0x0002,0x0003,0x0004,0x0005,0x0004,0x0003,0x0004,
   0x0005,0x0005,0x0003,0x0003,0x0004,0x0025,0x0005,0x0005,0x0005,0x0005,0x0004,0x0005,0x0005,0x0005,0x1006,0x1807,
   0x1807,0x2808,0x8151,0xDA59,0xC9B8,0x9893,0x8832,0x8853,0x8853,0x8853,0x8853,0x8853,0x8853,0x8853,0x8853,0x8853,
   0x8832,0x9894,0xD1D8,0xDA39,0x8131,0x3029,0x2869,0x310A,0x418C,0x398B,0x1083,0x0000,0x0000,0x0000,0x0000,0x0000,
   0x0000,0x0000,0x0000,0x0000,0x0000,0x0000,0x0000,0x0000,0x0000,0x0000,0x0000,0x0000,0x0000,0x0000,0x0000,0x0000,
   0x0000,0x0000,0x0000,0x0000,0x0000,0x0000,0x0000,0x0000,0x0000,0x0000,0x0000,0x0000,0x0000,0x0000,0x0000,0x0000,
   0x0000,0x0000,0x0000,0x0000,0x0000,0x0000,0x0000,0x0000,0x0000,0x0000,0x0000,0x0000,0x0000,0x0841,0x5AD5,0x5256,
   0x5AD7,0x212C,0x0003,0x0025,0x0025,0x0005,0x0025,0x0004,0x0845,0x420A,0x3189,0x0004,0x0005,0x0005,0x0025,0x31AA,
   0x4A6C,0x4A6B,0x4A6C,0x4A8C,0x2969,0x39EA,0x3A0A,0x0004,0x0005,0x0004,0x0045,0x420B,0x31AA,0x2128,0x4A6C,0x4A6C,
   0x4A6C,0x528C,0x3A0A,0x0024,0x3169,0x422B,0x0025,0x0004,0x0005,0x0005,0x0025,0x0025,0x0004,0x2948,0x422B,0x0865,
   0x0004,0x0024,0x39CA,0x39CA,0x0024,0x2948,0x4A6C,0x4A6C,0x4A8C,0x3189,0x0024,0x0004,0x0005,0x0004,0x0845,0x424B,
   0x31A9,0x0003,0x0005,0x0004,0x2968,0x4A6C,0x0865,0x0003,0x2989,0x632E,0x5B0E,0x2127,0x0003,0x0004,0x0866,0x422B,
   0x2968,0x0004,0x0004,0x18E7,0x4A6C,0x18E7,0x0845,0x424B,0x4A6C,0x4A6B,0x420B,0x10A6,0x0003,0x0005,0x0005,0x0005,
   0x0004,0x0003,0x2148,0x632E,0x634E,0x31CA,0x0845,0x0005,0x0003,0x0865,0x4A6C,0x634E,0x39EA,0x0024,0x0003,0x0004,
   0x2969,0x4A4C,0x0866,0x0004,0x0024,0x39EA,0x39EA,0x0004,0x2989,0x3A0A,0x0004,0x0004,0x0004,0x31A9,0x422B,0x0024,
   0x2107,0x4A6B,0x4A6B,0x528C,0x422A,0x1085,0x0003,0x0865,0x424B,0x4A6C,0x424B,0x422B,0x4A6C,0x4A4C,0x10A6,0x31CA,
   0x4A6C,0x4A6C,0x4A4B,0x18E7,0x0003,0x0004,0x0025,0x0004,0x10A6,0x4A4C,0x2148,0x0004,0x0005,0x0005,0x0004,0x0004,
   0x39EA,0x634F,0x52CD,0x10C6,0x0003,0x18E7,0x4A4B,0x18E7,0x0004,0x0003,0x2988,0x52AD,0x1086,0x0004,0x0025,0x0005,
   0x0005,0x0005,0x0004,0x0005,0x0806,0x1006,0x1807,0x1807,0x3049,0x9993,0xDA39,0xB976,0x8852,0x8032,0x8852,0x8852,
   0x8852,0x8852,0x8852,0x8852,0x8852,0x8853,0x8052,0x8032,0xA8D4,0xD1F9,0xCA18,0x68CF,0x2808,0x2027,0x1867,0x2088,
   0x1886,0x0000,0x0000,0x0000,0x0000,0x0000,0x0000,0x0000,0x0000,0x0000,0x0000,0x0000,0x0000,0x0000,0x0000,0x0000,
   0x0000,0x0000,0x0000,0x0000,0x0000,0x0000,0x0000,0x0000,0x0000,0x0000,0x0000,0x0000,0x0000,0x0000,0x0000,0x0000,
   0x0000,0x0000,0x0000,0x0000,0x0000,0x0000,0x0000,0x0000,0x0000,0x0000,0x0000,0x0000,0x0000,0x0000,0x0000,0x0000,
   0x0000,0x0000,0x0000,0x0000,0x0000,0x1084,0x5AD6,0x5256,0x52D6,0x1088,0x0004,0x0025,0x0005,0x0005,0x0025,0x0003,
   0x2127,0xDF1D,0xA536,0x0002,0x0025,0x0004,0x0844,0xAD98,0xEFBF,0xD71D,0xDF3D,0xEF7E,0x73D1,0x94D4,0xEF9E,0x3189,
   0x0003,0x0003,0x3A0B,0xEFBF,0x630E,0x634F,0xF7DF,0xD71D,0xD6FD,0xEF7E,0xB5F9,0x0024,0x9CF5,0xDF1D,0x10A6,0x0003,
   0x0025,0x0005,0x0005,0x0025,0x0003,0x8433,0xE77E,0x2128,0x0003,0x0044,0xBE3A,0xC63A,0x0043,0x8431,0xF7DF,0xDF1D,
   0xDF1D,0xEF7E,0x9D16,0x10A6,0x0004,0x0005,0x0024,0x94F5,0xE75E,0x3189,0x0001,0x18E6,0xD6DC,0xA536,0x0023,0x7C32,
   0xEF9F,0xDF3D,0xE75D,0xE75E,0x6B91,0x0002,0x2147,0xE75E,0x9493,0x0002,0x0002,0x52AD,0xFFDF,0x52CD,0x18C6,0xDF3D,
   0xE79E,0xD6FC,0xE75E,0xCEDC,0x424C,0x0003,0x0005,0x0025,0x0004,0x632F,0xE75D,0xDF1D,0xD6FD,0xE77E,0x4A8D,0x0001,
   0x31CA,0xC65A,0xEF9E,0xDF3D,0xE79F,0xA577,0x18C6,0x0002,0x9CD5,0xEF7E,0x2128,0x0003,0x0044,0xC65A,0xC619,0x0002,
   0x8C93,0xF7DF,0x5AEE,0x0001,0x0023,0xAD97,0xDEFC,0x0023,0x6B70,0xF7FF,0xDF3D,0xDF1D,0xE77E,0xCEBC,0x420A,0x10A5,
   0xCE7B,0xE75D,0xDF3E,0xDF3E,0xE75E,0xCE9B,0x39EB,0xB5D8,0xEFBF,0xD6FC,0xE75E,0xDF3D,0x634F,0x0004,0x0025,0x0003,
   0x73D1,0xFFFF,0xADB8,0x0844,0x0004,0x0004,0x10A6,0xA536,0xEFBF,0xDF1D,0xE77E,0xDF1D,0x31A9,0x4A8B,0xF7DF,0x632E,
   0x0000,0x4A8C,0xEF9E,0x94D4,0x0844,0x0004,0x0025,0x0005,0x0005,0x0005,0x0005,0x0806,0x1807,0x2007,0x2007,0x486B,
   0xA9D5,0xD218,0xA915,0x8031,0x8031,0x8052,0x8052,0x8052,0x8052,0x8032,0x8032,0x8032,0x8052,0x8032,0x8052,0xA915,
   0xD1F9,0xB1B6,0x588C,0x2808,0x2828,0x1826,0x1006,0x1006,0x0803,0x0002,0x0803,0x0002,0x0003,0x0003,0x0002,0x0002,
   0x0002,0x0002,0x0002,0x0002,0x0001,0x0000,0x0000,0x0000,0x0000,0x0000,0x0000,0x0000,0x0000,0x0000,0x0000,0x0000,
   0x0000,0x0000,0x0000,0x0000,0x0000,0x0000,0x0000,0x0000,0x0000,0x0000,0x0000,0x0000,0x0000,0x0000,0x0000,0x0000,
   0x0000,0x0000,0x0000,0x0000,0x0000,0x0000,0x0000,0x0000,0x0000,0x0000,0x0000,0x0000,0x0000,0x2949,0x5296,0x5277,
   0x4A74,0x0045,0x0004,0x0005,0x0005,0x0005,0x0025,0x0003,0x2107,0xCEFD,0x94F6,0x0002,0x0025,0x0004,0x0044,0xADB9,
   0xBE5B,0x2106,0x2107,0x2968,0x0865,0x422C,0xEFDF,0x8433,0x0002,0x0002,0x8CB5,0xCEDD,0x0863,0x6370,0xDF5F,0x39EA,
   0x10C5,0x2148,0x2128,0x0004,0x94F6,0xD6FD,0x10A6,0x0004,0x0025,0x0005,0x0005,0x0025,0x0003,0x7C33,0xE75E,0x2128,
   0x0003,0x0024,0xB61A,0xBE5B,0x0023,0x7C12,0xDF5F,0x4AAC,0x2947,0x73F1,0xEFBF,0x6370,0x0002,0x0025,0x0003,0x2107,
   0xD6FD,0xA577,0x0002,0x7C33,0xD71E,0x10C5,0x52CC,0xEFDF,0x8C73,0x2147,0x2988,0xA557,0xEFDF,0x420A,0x18E5,0xDF3E,
   0x8C94,0x0003,0x0003,0x4A8D,0xE7BF,0x4A8C,0x10A5,0xD71E,0x9516,0x2947,0x424B,0xC67B,0xC67C,0x1086,0x0004,0x0004,
   0x18C6,0xD6DD,0xBE3A,0x10A5,0x0884,0x52AD,0x18E6,0x10A5,0xC69C,0xD6FD,0x426B,0x2127,0x6370,0xEFBF,0x9D16,0x0003,
   0x94B5,0xDF5E,0x2107,0x0003,0x0024,0xBE1A,0xB5D9,0x0001,0x7C32,0xEFBF,0xD6FD,0x422A,0x0001,0xAD98,0xD6DD,0x0003,
   0x6350,0xE79F,0x5B0E,0x2947,0x4A6B,0xBE3A,0xD71D,0x2989,0x2127,0x31A9,0xB5FA,0xC67C,0x39EB,0x2968,0x18E6,0xBE3B,
   0xB619,0x31A7,0x39E9,0xB5F9,0xDF3E,0x2989,0x0002,0x18E7,0xC67B,0xC67B,0xD6FD,0x4A8C,0x0002,0x0003,0x8474,0xEFDF,
   0x6BB1,0x2107,0x3A0B,0x94D5,0x2947,0x4A6B,0xEFFF,0x52AC,0x2987,0xDF5F,0x94F6,0x0844,0x0004,0x0025,0x0005,0x0005,
   0x0005,0x0005,0x0806,0x1007,0x1808,0x2008,0x58CE,0xB9F6,0xC9D8,0x98B3,0x7811,0x8031,0x8031,0x8051,0x8051,0x8031,
   0x8031,0x8032,0x8032,0x8032,0x7831,0x8072,0xB156,0xC9F8,0x9953,0x484B,0x2809,0x3029,0x2028,0x1807,0x1807,0x1807,
   0x1807,0x1007,0x1007,0x1007,0x1007,0x1007,0x1027,0x0807,0x0806,0x0806,0x0805,0x0005,0x0002,0x0000,0x0000,0x0000,
   0x0000,0x0000,0x0000,0x0000,0x0000,0x0000,0x0000,0x0000,0x0000,0x0000,0x0000,0x0000,0x0000,0x0000,0x0000,0x0000,
   0x0000,0x0000,0x0000,0x0000,0x0000,0x0000,0x0000,0x0000,0x0000,0x0000,0x0000,0x0000,0x0000,0x0000,0x0000,0x0000,
   0x0000,0x0000,0x0000,0x0000,0x0000,0x420F,0x5277,0x5A97,0x39F0,0x0003,0x0004,0x0005,0x0005,0x0005,0x0025,0x0003,
   0x18E7,0xBE5C,0x8495,0x0002,0x0025,0x0004,0x0824,0x9517,0xB63B,0x5AEE,0x5B0F,0x52EF,0x1085,0x0003,0xA578,0xBE5C,
   0x0864,0x18E5,0xCEBE,0x73D1,0x0000,0x6370,0xC69D,0x6B90,0x52EE,0x6370,0x2149,0x0002,0x8495,0xBE5C,0x1085,0x0004,
   0x0025,0x0005,0x0005,0x0025,0x0003,0x73F2,0xD6DD,0x2128,0x0003,0x0024,0xA598,0xADDA,0x0023,0x73D2,0xC69D,0x18E5,
   0x0000,0x2127,0xCEBE,0x7C13,0x0002,0x0025,0x0025,0x0002,0x5AEE,0xD6FE,0x7C34,0xC69D,0x5B0F,0x0001,0x9D58,0xADDA,
   0x0023,0x0002,0x0001,0x18E6,0xCEDD,0x8C95,0x18E6,0xCEBD,0x7C33,0x0004,0x0003,0x424C,0xCEFF,0x424B,0x0864,0xC69D,
   0x6BB2,0x0000,0x0000,0x8475,0xD71E,0x18E7,0x0003,0x0004,0x1085,0xA579,0xC6BD,0x6BD1,0x422B,0x0864,0x0000,0x52AE,
   0xDF5F,0x52AE,0x0001,0x0002,0x0002,0x7C54,0xDF3E,0x1908,0x7C13,0xC69D,0x18E7,0x0003,0x0024,0xA578,0x9D58,0x0001,
   0x73F2,0xC67C,0xC67C,0xBE5B,0x2108,0x8CB5,0xBE5C,0x0003,0x5AEE,0xC6BE,0x2968,0x0001,0x0001,0x31AA,0xDF5F,0x73B2,
   0x0001,0x0003,0xA578,0xB5FA,0x0004,0x0001,0x1084,0xB5FB,0x94F6,0x0000,0x0000,0x6B91,0xD71F,0x3A0B,0x0000,0x6350,
   0xCEBD,0x2968,0xA578,0x9D37,0x0002,0x18E7,0xC69D,0x8495,0x0001,0x0003,0x0003,0x0004,0x0001,0x52AD,0xCEFE,0x8454,
   0xBE3B,0x9D37,0x0023,0x0004,0x0005,0x0005,0x0005,0x0005,0x0005,0x0806,0x1807,0x1807,0x2808,0x7910,0xC1F7,0xB996,
   0x8892,0x7811,0x7831,0x7831,0x7831,0x7831,0x7851,0x7831,0x7831,0x7831,0x7831,0x7831,0x8872,0xB176,0xB9B7,0x80D0,
   0x400A,0x3009,0x3009,0x2808,0x2008,0x2007,0x1807,0x1807,0x1807,0x1807,0x1807,0x1807,0x1807,0x1807,0x1007,0x1006,
   0x0806,0x0806,0x0806,0x0005,0x0001,0x0000,0x0000,0x0000,0x0000,0x0000,0x0000,0x0000,0x0000,0x0000,0x0000,0x0000,
   0x0000,0x0000,0x0000,0x0000,0x0000,0x0000,0x0000,0x0000,0x0000,0x0000,0x0000,0x0000,0x0000,0x0000,0x0000,0x0000,
   0x0000,0x0000,0x0000,0x0000,0x0000,0x0000,0x0000,0x0000,0x0000,0x0000,0x0000,0x0000,0x0000,0x4A72,0x5257,0x5AD7,
   0x296D,0x0003,0x0005,0x0005,0x0005,0x0005,0x0005,0x0003,0x18E7,0xADDB,0x7C54,0x0003,0x0025,0x0004,0x0845,0x8CD6,
   0xBE7C,0x9D79,0xA59A,0x9D38,0x2128,0x0001,0x4A8E,0xC6DF,0x3A2C,0x5B0F,0xBE7D,0x2968,0x0000,0x5B30,0xBE7D,0x9D79,
   0x9D59,0xADDB,0x4A8E,0x0002,0x7C34,0xADDB,0x0885,0x0004,0x0025,0x0005,0x0005,0x0025,0x0003,0x6BB2,0xBE5C,0x18C7,
   0x0003,0x0004,0x94F7,0x9D79,0x0024,0x6B91,0xC69D,0x7C14,0x6B92,0x9D79,0xB65D,0x39EB,0x0003,0x0025,0x0025,0x0004,
   0x0024,0x8495,0xD75F,0x9517,0x0844,0x0864,0x9D79,0x8CD6,0x0002,0x0025,0x0004,0x0885,0xA5BA,0x8CB6,0x18E7,0xBE5C,
   0x73D3,0x0003,0x0003,0x3A0B,0xBE9E,0x422B,0x1084,0xADDB,0x9538,0x6371,0x7C14,0xBE5C,0x8475,0x0025,0x0004,0x0005,
   0x0004,0x1907,0x7C34,0xADDB,0xBE7D,0xADDA,0x2969,0x428D,0xC6BE,0x31AA,0x0003,0x0045,0x0002,0x5B10,0xCEFE,0x2149,
   0x6BB2,0xB63C,0x18C7,0x0003,0x0004,0x9518,0x9517,0x0002,0x7C12,0xADFB,0x424C,0xB5FB,0x9D58,0x9517,0xA59A,0x0002,
   0x52CE,0xBE7D,0x31CA,0x0003,0x0003,0x1907,0xBE7D,0x7413,0x0003,0x0005,0x9D38,0xADBA,0x0886,0x0003,0x10A5,0x9D58,
   0xA5BA,0x6391,0x6BD2,0xADDB,0x9517,0x0865,0x0023,0xA599,0x8CF7,0x0864,0x6350,0xC69D,0x2148,0x18C6,0xC69E,0x6B91,
   0x0001,0x0025,0x0005,0x0004,0x0002,0x4A6D,0xBE7D,0xBE7D,0xC6BE,0x8CD6,0x0885,0x0004,0x0005,0x0005,0x0005,0x0805,
   0x0806,0x1807,0x1807,0x2829,0x8151,0xC218,0xA955,0x8051,0x7030,0x7851,0x7831,0x7851,0x7851,0x7831,0x7851,0x7851,
   0x7851,0x7831,0x7031,0x7851,0xB156,0xB977,0x88D1,0x584D,0x584D,0x584D,0x504C,0x486C,0x486B,0x486B,0x486B,0x486B,
   0x486B,0x406B,0x406B,0x406B,0x406B,0x486B,0x406B,0x406A,0x386A,0x1827,0x1026,0x1066,0x0021,0x0000,0x0000,0x0000,
   0x0000,0x0000,0x0000,0x0000,0x0000,0x0000,0x0000,0x0000,0x0000,0x0000,0x0000,0x0000,0x0000,0x0000,0x0000,0x0000,
   0x0000,0x0000,0x0000,0x0000,0x0000,0x0000,0x0000,0x0000,0x0000,0x0000,0x0000,0x0000,0x0000,0x0000,0x0000,0x0000,
   0x0000,0x0000,0x0000,0x0000,0x1084,0x4A74,0x5236,0x5296,0x10A8,0x0003,0x0025,0x0005,0x0005,0x0004,0x0005,0x0003,
   0x18C6,0x9D7A,0x6BD3,0x0002,0x0003,0x0003,0x0025,0x8CD7,0x8D18,0x0003,0x0002,0x0003,0x0003,0x0004,0x0866,0x9518,
   0x8CF8,0x9D9A,0x7C34,0x0004,0x0003,0x5B30,0xAE1B,0x1907,0x0002,0x0003,0x0003,0x0003,0x73F3,0x9D59,0x0044,0x0002,
   0x0003,0x0004,0x0005,0x0025,0x0003,0x52F0,0xAE1D,0x298A,0x0000,0x0865,0x9559,0x8497,0x0003,0x6350,0xAE1C,0x8CD7,
   0x8CD7,0x7C55,0x31EB,0x0004,0x0004,0x0025,0x0005,0x0025,0x0003,0x3A0C,0xBE5D,0x426D,0x0002,0x0003,0x6BD3,0xAE1C,
   0x2969,0x0002,0x0003,0x3A2C,0xB65D,0x5310,0x1084,0xA59A,0x7C76,0x0003,0x0001,0x52EF,0xB63D,0x31A9,0x1085,0x9D7A,
   0x9559,0x8496,0xB61C,0x9559,0x10A7,0x0004,0x0025,0x0005,0x0025,0x0865,0x0002,0x0002,0x2969,0xADFB,0x7C35,0x2149,
   0xB63D,0x7414,0x0024,0x0002,0x0885,0x8CF7,0xA59A,0x0864,0x5310,0xB65D,0x298A,0x0001,0x10A6,0xA59A,0x8475,0x0002,
   0x73F3,0xADDB,0x10A6,0x31EA,0xAE1C,0xADFC,0x84B7,0x0003,0x4AAE,0xB61C,0x2969,0x0001,0x0004,0x5310,0xB65D,0x422C,
   0x0002,0x0004,0x8496,0x9518,0x0865,0x0003,0x1086,0x8CD7,0xA59A,0x8476,0xADFC,0xA5DB,0x2129,0x0001,0x422C,0xAE1C,
   0x9D7A,0x8CF8,0x9539,0xB65D,0x6351,0x0023,0x8CF7,0x9D79,0x18E6,0x0002,0x0004,0x2169,0x0023,0x3A2C,0xB65D,0x7434,
   0x426D,0xB63D,0x73F4,0x0003,0x0004,0x0025,0x0005,0x0805,0x1007,0x1807,0x384A,0x9173,0xC1F8,0x9914,0x7030,0x7030,
   0x7031,0x7831,0x7031,0x7831,0x7831,0x7831,0x7831,0x7831,0x7831,0x7851,0x7031,0x7851,0xA935,0xB176,0xA975,0xA995,
   0xA995,0xA995,0xA995,0xA995,0xA995,0xA995,0xA9B5,0xA9B5,0xA9D5,0xB1B6,0xB1D6,0xB1D6,0xB1D6,0xB1F6,0xB1F6,0xB1F6,
   0xA1F4,0x38EA,0x2909,0x2908,0x0000,0x0000,0x0000,0x0000,0x0000,0x0000,0x0000,0x0000,0x0000,0x0000,0x0000,0x0000,
   0x0000,0x0000,0x0000,0x0000,0x0000,0x0000,0x0000,0x0000,0x0000,0x0000,0x0000,0x0000,0x0000,0x0000,0x0000,0x0000,
   0x0000,0x0000,0x0000,0x0000,0x0000,0x0000,0x0000,0x0000,0x0000,0x0000,0x0000,0x0000,0x2949,0x5AD8,0x5236,0x6339,
   0x298E,0x0004,0x0025,0x0025,0x0004,0x0004,0x0025,0x0003,0x18E7,0x955A,0x9539,0x6352,0x6393,0x6372,0x18E8,0x7415,
   0x959A,0x5B31,0x5B31,0x6392,0x424D,0x0004,0x0003,0x4A8F,0xB63E,0xA5BC,0x31AB,0x0003,0x0003,0x5B30,0xAE1C,0x6393,
   0x5310,0x5B52,0x52F0,0x0045,0x6BB3,0xA5DC,0x6393,0x6373,0x6BD4,0x31EC,0x0003,0x0025,0x0003,0x1908,0x8CF9,0x8D19,
   0x5310,0x7435,0xA5DC,0x424D,0x0000,0x6372,0xA5DC,0x2128,0x0003,0x0004,0x0003,0x0005,0x0005,0x0005,0x0005,0x0025,
   0x0003,0x3A0C,0xAE1D,0x3A2D,0x0003,0x0003,0x1908,0x9539,0x9D9A,0x6372,0x6392,0xA5BB,0x8CF8,0x10C7,0x0002,0x5B51,
   0xA5FC,0x6BD3,0x5B31,0x9D7A,0x8496,0x0844,0x10C7,0xADFC,0x63B3,0x0002,0x4A8E,0xA5BC,0x424D,0x0003,0x0025,0x0004,
   0x10A6,0x7C56,0x7435,0x4AAE,0x5B10,0xA5BB,0x6372,0x0003,0x6372,0xAE1C,0x7435,0x52F0,0x8497,0xA5DC,0x424D,0x0001,
   0x2149,0x955A,0x8CF8,0x5310,0x8496,0xADFC,0x422D,0x0002,0x6BF4,0xA5BB,0x2107,0x0001,0x4ACF,0xAE1D,0x8CF8,0x0004,
   0x4AAF,0xAE1C,0x7434,0x5B52,0x7435,0xA5FC,0x73F3,0x0844,0x0004,0x0004,0x7C76,0x84F8,0x0845,0x0003,0x1086,0x9539,
   0x7C76,0x0002,0x3A0C,0xADDC,0x52D0,0x0024,0x84B7,0x9518,0x31CB,0x3A0C,0x31AA,0x6BD3,0xA5BB,0x18E6,0x2989,0xA5BB,
   0x8D19,0x5B51,0x6BF4,0x9D9B,0x31AA,0x31EB,0xB65E,0x424D,0x0000,0x52F0,0xADFD,0x4ACF,0x0004,0x0004,0x0805,0x1006,
   0x1007,0x404A,0xA1B4,0xB9D7,0x90D3,0x7030,0x7031,0x7051,0x7031,0x7031,0x7031,0x7031,0x7031,0x7030,0x7031,0x7050,
   0x7050,0x7051,0x7051,0x7050,0x7871,0x90D3,0x90D3,0x90D3,0x90D3,0x90D3,0x90D3,0x90D3,0x90D4,0x90D3,0x90D4,0x90D3,
   0x90D4,0x90D4,0x98F4,0x98F4,0x98F4,0x98F3,0x9913,0xB9D7,0xA1F4,0x38EB,0x394B,0x20E7,0x0000,0x0000,0x0000,0x0000,
   0x0000,0x0000,0x0000,0x0000,0x0000,0x0000,0x0000,0x0000,0x0000,0x0000,0x0000,0x0000,0x0000,0x0000,0x0000,0x0000,
   0x0000,0x0000,0x0000,0x0000,0x0000,0x0000,0x0000,0x0000,0x0000,0x0000,0x0000,0x0000,0x0000,0x0000,0x0000,0x0000,
   0x0000,0x0000,0x0000,0x0000,0x18E5,0x73B9,0x7BBC,0x737A,0x73FB,0x318E,0x0004,0x0024,0x0025,0x0024,0x0025,0x0003,
   0x10A6,0x6392,0x7435,0x7435,0x7C56,0x7415,0x1908,0x426E,0x6C15,0x7415,0x7415,0x8497,0x52F0,0x0004,0x0003,0x10C7,
   0x6BD4,0x5B31,0x0025,0x0004,0x0004,0x3A2D,0x7415,0x7415,0x7415,0x7456,0x6BD4,0x0866,0x428E,0x7435,0x7415,0x7435,
   0x7C56,0x422D,0x0003,0x0005,0x0025,0x0003,0x2149,0x6BD4,0x8497,0x7C56,0x424D,0x0024,0x0003,0x424D,0x6BB4,0x10A6,
   0x0003,0x0005,0x0025,0x0005,0x0004,0x0005,0x0005,0x0005,0x0003,0x296A,0x7415,0x298A,0x0003,0x0025,0x0003,0x18E8,
   0x6393,0x84B7,0x8497,0x5B52,0x10C7,0x0004,0x0004,0x0845,0x4AAF,0x7C56,0x7C77,0x5B52,0x10C7,0x0003,0x10A7,0x7415,
   0x4A8F,0x0003,0x0024,0x5B52,0x6393,0x0845,0x0004,0x0004,0x0845,0x426E,0x7415,0x7C77,0x8497,0x52F0,0x0866,0x0004,
   0x0024,0x3A2D,0x7435,0x8497,0x7415,0x31AB,0x0003,0x0004,0x0003,0x216A,0x6BD4,0x8497,0x7C56,0x3A2D,0x0004,0x0003,
   0x4A8E,0x6BB3,0x10A6,0x0003,0x0024,0x5B11,0x6393,0x0004,0x31CB,0x7414,0x7414,0x7435,0x6BF5,0x4A6E,0x0845,0x0004,
   0x0004,0x0004,0x5310,0x5B52,0x0845,0x0003,0x0865,0x6393,0x5310,0x0003,0x0004,0x5311,0x6BD3,0x296A,0x6BD4,0x3A2D,
   0x0001,0x0003,0x0001,0x1907,0x7415,0x3A0D,0x0002,0x298A,0x73F4,0x8497,0x7C76,0x4AD0,0x0845,0x2969,0x7415,0x298A,
   0x0003,0x0024,0x52F0,0x73F4,0x18C8,0x0004,0x0805,0x1006,0x1807,0x710F,0xC1F7,0x90D2,0x680F,0x7030,0x7050,0x7030,
   0x7050,0x7050,0x7050,0x7050,0x7050,0x7050,0x7050,0x7050,0x7050,0x7051,0x7031,0x7031,0x7030,0x7030,0x7010,0x7010,
   0x7030,0x7010,0x7010,0x7010,0x7010,0x7010,0x7010,0x7010,0x7010,0x7010,0x7030,0x7030,0x7010,0x680F,0x7850,0xB9D6,
   0x8992,0x30CA,0x394B,0x18A5,0x0000,0x0000,0x0000,0x0000,0x0000,0x0000,0x0000,0x0000,0x0000,0x0000,0x0000,0x0000,
   0x0000,0x0000,0x0000,0x0000,0x0000,0x0000,0x0000,0x0000,0x0000,0x0000,0x0000,0x0000,0x0000,0x0000,0x0000,0x0000,
   0x0000,0x0000,0x0000,0x0000,0x0000,0x0000,0x0000,0x0000,0x0000,0x0000,0x0000,0x0000,0x0000,0x2947,0x8C9C,0x8C5E,
   0x739B,0x73BB,0x298D,0x0003,0x0024,0x0025,0x0004,0x0004,0x0004,0x0004,0x0004,0x0004,0x0004,0x0004,0x0004,0x0004,
   0x0004,0x0004,0x0004,0x0004,0x0004,0x0004,0x0005,0x0004,0x0004,0x0004,0x0004,0x0004,0x0005,0x0004,0x0004,0x0004,
   0x0004,0x0004,0x0004,0x0005,0x0004,0x0004,0x0004,0x0004,0x0004,0x0004,0x0005,0x0005,0x0005,0x0005,0x0003,0x0004,
   0x0025,0x0004,0x0003,0x0004,0x0005,0x0004,0x0004,0x0005,0x0005,0x0005,0x0005,0x0005,0x0005,0x0005,0x0005,0x0005,
   0x0005,0x0004,0x0004,0x0004,0x0005,0x0005,0x0005,0x0004,0x0003,0x0025,0x0025,0x0003,0x0004,0x0005,0x0005,0x0004,
   0x0003,0x0004,0x0025,0x0003,0x0004,0x0005,0x0005,0x0004,0x0004,0x0025,0x0004,0x0003,0x0024,0x0025,0x0005,0x0005,
   0x0004,0x0003,0x0004,0x0025,0x0024,0x0003,0x0004,0x0005,0x0004,0x0003,0x0004,0x0025,0x0004,0x0003,0x0005,0x0005,
   0x0004,0x0003,0x0004,0x0025,0x0004,0x0003,0x0004,0x0005,0x0004,0x0004,0x0004,0x0005,0x0004,0x0004,0x0004,0x0005,
   0x0004,0x0004,0x0004,0x0004,0x0003,0x0003,0x0004,0x0005,0x0005,0x0004,0x0004,0x0004,0x0005,0x0005,0x0005,0x0004,
   0x0004,0x0005,0x0005,0x0004,0x0024,0x0025,0x0004,0x0004,0x0005,0x0025,0x0025,0x0004,0x0004,0x0025,0x0005,0x0003,
   0x0004,0x0025,0x0004,0x0003,0x0004,0x0004,0x0004,0x0004,0x0005,0x0004,0x0003,0x0025,0x0025,0x0004,0x0805,0x1807,
   0x2808,0x8952,0xB176,0x7030,0x6830,0x7050,0x6850,0x7050,0x6850,0x7050,0x7050,0x7050,0x7050,0x7050,0x7051,0x7050,
   0x7050,0x7050,0x7030,0x7030,0x7031,0x7031,0x7031,0x7031,0x7030,0x7030,0x7030,0x7030,0x7031,0x7030,0x7030,0x7030,
   0x7030,0x7031,0x7031,0x7030,0x7051,0x6830,0x88B2,0xB9F7,0x7150,0x30EA,0x394B,0x1084,0x0000,0x0000,0x0000,0x0000,
   0x0000,0x0000,0x0000,0x0000,0x0000,0x0000,0x0000,0x0000,0x0000,0x0000,0x0000,0x0000,0x0000,0x0000,0x0000,0x0000,
   0x0000,0x0000,0x0000,0x0000,0x0000,0x0000,0x0000,0x0000,0x0000,0x0000,0x0000,0x0000,0x0000,0x0000,0x0000,0x0000,
   0x0000,0x0000,0x0000,0x0000,0x0000,0x0000,0x2947,0x949B,0x8C5E,0x737B,0x73DB,0x31AE,0x0004,0x0024,0x0025,0x0005,
   0x0004,0x0004,0x0004,0x0004,0x0004,0x0004,0x0004,0x0004,0x0004,0x0004,0x0004,0x0004,0x0004,0x0005,0x0005,0x0005,
   0x0004,0x0004,0x0005,0x0004,0x0004,0x0004,0x0004,0x0004,0x0004,0x0004,0x0004,0x0005,0x0004,0x0004,0x0004,0x0004,
   0x0004,0x0004,0x0005,0x0005,0x0005,0x0005,0x0005,0x0004,0x0004,0x0004,0x0005,0x0005,0x0005,0x0004,0x0004,0x0005,
   0x0005,0x0005,0x0005,0x0004,0x0005,0x0005,0x0005,0x0005,0x0005,0x0004,0x0004,0x0004,0x0005,0x0005,0x0005,0x0025,
   0x0005,0x0004,0x0004,0x0005,0x0005,0x0005,0x0005,0x0005,0x0005,0x0004,0x0004,0x0005,0x0005,0x0005,0x0004,0x0004,
   0x0004,0x0024,0x0005,0x0005,0x0004,0x0005,0x0005,0x0005,0x0005,0x0005,0x0004,0x0004,0x0004,0x0005,0x0005,0x0005,
   0x0005,0x0005,0x0004,0x0004,0x0004,0x0025,0x0005,0x0004,0x0025,0x0005,0x0004,0x0004,0x0004,0x0005,0x0005,0x0005,
   0x0004,0x0004,0x0005,0x0005,0x0005,0x0005,0x0004,0x0004,0x0004,0x0004,0x0004,0x0004,0x0004,0x0005,0x0005,0x0005,
   0x0005,0x0005,0x0004,0x0004,0x0005,0x0005,0x0004,0x0004,0x0004,0x0005,0x0005,0x0004,0x0004,0x0004,0x0004,0x0005,
   0x0005,0x0004,0x0005,0x0005,0x0004,0x0004,0x0005,0x0005,0x0004,0x0004,0x0004,0x0005,0x0005,0x0004,0x0004,0x0004,
   0x0005,0x0005,0x0005,0x0004,0x0004,0x0005,0x1006,0x1807,0x382A,0xA174,0xA134,0x682F,0x6830,0x6830,0x6830,0x6850,
   0x6850,0x6850,0x6850,0x6850,0x6851,0x7051,0x6850,0x6830,0x6830,0x6830,0x6830,0x6830,0x6830,0x6830,0x6850,0x6850,
   0x6850,0x6850,0x6850,0x6830,0x6830,0x6850,0x6830,0x6830,0x6830,0x6830,0x6830,0x6830,0x6850,0x6830,0x90F3,0xB9F6,
   0x610E,0x390B,0x394B,0x0842,0x0000,0x0000,0x0000,0x0000,0x0000,0x0000,0x0000,0x0000,0x0000,0x0000,0x0000,0x0000,
   0x0000,0x0000,0x0000,0x0000,0x0000,0x0000,0x0000,0x0000,0x0000,0x0000,0x0000,0x0000,0x0000,0x0000,0x0000,0x0000,
   0x0000,0x0000,0x0000,0x0000,0x0000,0x0000,0x0000,0x0000,0x0000,0x0000,0x0000,0x0000,0x0000,0x0000,0x0000,0x2147,
   0x94DC,0x947E,0x739B,0x7BFB,0x31CE,0x0004,0x0024,0x0025,0x0024,0x0025,0x0025,0x0025,0x0025,0x0025,0x0005,0x0025,
   0x0025,0x0005,0x0005,0x0025,0x0005,0x0005,0x0005,0x0005,0x0005,0x0005,0x0005,0x0005,0x0005,0x0025,0x0005,0x0025,
   0x0005,0x0005,0x0005,0x0005,0x0005,0x0005,0x0005,0x0005,0x0025,0x0005,0x0005,0x0005,0x0005,0x0005,0x0005,0x0025,
   0x0025,0x0005,0x0005,0x0005,0x0005,0x0005,0x0005,0x0005,0x0005,0x0005,0x0005,0x0025,0x0025,0x0025,0x0025,0x0025,
   0x0025,0x0025,0x0025,0x0025,0x0005,0x0005,0x0005,0x0005,0x0005,0x0005,0x0005,0x0005,0x0005,0x0005,0x0005,0x0005,
   0x0005,0x0005,0x0005,0x0005,0x0005,0x0024,0x0024,0x0025,0x0025,0x0024,0x0025,0x0025,0x0025,0x0005,0x0005,0x0005,
   0x0005,0x0005,0x0005,0x0005,0x0005,0x0005,0x0005,0x0005,0x0004,0x0005,0x0025,0x0025,0x0025,0x0024,0x0024,0x0025,
   0x0024,0x0025,0x0025,0x0005,0x0005,0x0005,0x0005,0x0005,0x0005,0x0025,0x0005,0x0004,0x0005,0x0024,0x0024,0x0004,
   0x0004,0x0025,0x0005,0x0005,0x0005,0x0005,0x0005,0x0005,0x0005,0x0005,0x0005,0x0005,0x0005,0x0005,0x0025,0x0025,
   0x0025,0x0005,0x0004,0x0024,0x0025,0x0025,0x0025,0x0005,0x0005,0x0004,0x0024,0x0024,0x0005,0x0005,0x0005,0x0005,
   0x0005,0x0025,0x0025,0x0005,0x0005,0x0005,0x0005,0x0025,0x0005,0x0005,0x0025,0x0025,0x0005,0x0805,0x1007,0x1807,
   0x486C,0xA995,0x90D2,0x680F,0x6830,0x6830,0x6830,0x6850,0x6850,0x6850,0x6850,0x6850,0x6830,0x6830,0x6830,0x6830,
   0x6830,0x6830,0x6830,0x6830,0x6830,0x6830,0x6830,0x6830,0x6830,0x6850,0x6830,0x6830,0x6830,0x6850,0x6850,0x6850,
   0x6850,0x6850,0x6830,0x6830,0x6830,0x6830,0x9934,0xA9D5,0x50ED,0x392B,0x312A,0x0020,0x0000,0x0000,0x0000,0x0000,
   0x0000,0x0000,0x0000,0x0000,0x0000,0x0000,0x0000,0x0000,0x0000,0x0000,0x0000,0x0000,0x0000,0x0000,0x0000,0x0000,
   0x0000,0x0000,0x0000,0x0000,0x0000,0x0000,0x0000,0x0000,0x0000,0x0000,0x0000,0x0000,0x0000,0x0000,0x0000,0x0000,
   0x0000,0x0000,0x0000,0x0000,0x0000,0x0000,0x0000,0x0000,0x2967,0x94FC,0x949E,0x7BBB,0x73FB,0x31AE,0x0003,0x0004,
   0x0004,0x0004,0x0004,0x0004,0x0004,0x0004,0x0004,0x0004,0x0004,0x0004,0x0004,0x0004,0x0004,0x0004,0x0004,0x0004,
   0x0004,0x0004,0x0004,0x0004,0x0004,0x0004,0x0004,0x0004,0x0004,0x0004,0x0004,0x0004,0x0004,0x0004,0x0004,0x0004,
   0x0004,0x0004,0x0004,0x0004,0x0004,0x0004,0x0004,0x0004,0x0004,0x0004,0x0004,0x0004,0x0004,0x0004,0x0004,0x0004,
   0x0004,0x0004,0x0004,0x0004,0x0004,0x0004,0x0004,0x0004,0x0004,0x0004,0x0004,0x0004,0x0004,0x0004,0x0004,0x0004,
   0x0004,0x0004,0x0004,0x0004,0x0004,0x0004,0x0004,0x0004,0x0025,0x0024,0x0024,0x0024,0x0024,0x0024,0x0005,0x0005,
   0x0004,0x0004,0x0004,0x0004,0x0004,0x0004,0x0004,0x0004,0x0004,0x0004,0x0004,0x0004,0x0005,0x0005,0x0005,0x0024,
   0x0005,0x0024,0x0024,0x0024,0x0025,0x0024,0x0025,0x0005,0x0005,0x0004,0x0004,0x0004,0x0004,0x0004,0x0004,0x0004,
   0x0004,0x0004,0x0004,0x0004,0x0005,0x0024,0x0004,0x0004,0x0024,0x0004,0x0024,0x0004,0x0025,0x0005,0x0004,0x0004,
   0x0004,0x0004,0x0004,0x0004,0x0004,0x0004,0x0004,0x0004,0x0004,0x0004,0x0004,0x0004,0x0004,0x0004,0x0004,0x0004,
   0x0004,0x0004,0x0004,0x0004,0x0004,0x0004,0x0004,0x0004,0x0004,0x0004,0x0004,0x0004,0x0004,0x0004,0x0004,0x0004,
   0x0004,0x0004,0x0004,0x0004,0x0005,0x0805,0x1807,0x1807,0x588D,0xA995,0x7891,0x602F,0x6830,0x6830,0x6850,0x6850,
   0x6830,0x6830,0x6830,0x6830,0x6830,0x6830,0x6830,0x6830,0x6830,0x6830,0x6830,0x6830,0x6830,0x6830,0x6830,0x6830,
   0x6830,0x6830,0x6830,0x6830,0x6830,0x6830,0x6830,0x6830,0x6830,0x6830,0x6830,0x6830,0x6030,0x6830,0xA134,0x9994,
   0x40CB,0x392C,0x2908,0x0000,0x0000,0x0000,0x0000,0x0000,0x0000,0x0000,0x0000,0x0000,0x0000,0x0000,0x0000,0x0000,
   0x0000,0x0000,0x0000,0x0000,0x0000,0x0000,0x0000,0x0000,0x0000,0x0000,0x0000,0x0000,0x0000,0x0000,0x0000,0x0000,
   0x0000,0x0000,0x0000,0x0000,0x0000,0x0000,0x0000,0x0000,0x0000,0x0000,0x0000,0x0000,0x0000,0x0000,0x0000,0x0000,
   0x0000,0x2947,0x94DB,0x947E,0x739B,0x73DB,0x31CF,0x0025,0x0025,0x0025,0x0025,0x0025,0x0025,0x0025,0x0025,0x0025,
   0x0025,0x0025,0x0025,0x0025,0x0025,0x0025,0x0025,0x0025,0x0025,0x0025,0x0025,0x0025,0x0025,0x0025,0x0025,0x0025,
   0x0025,0x0025,0x0025,0x0025,0x0025,0x0025,0x0025,0x0025,0x0025,0x0025,0x0025,0x0025,0x0025,0x0025,0x0025,0x0025,
   0x0025,0x0025,0x0025,0x0025,0x0025,0x0025,0x0025,0x0025,0x0025,0x0025,0x0025,0x0025,0x0025,0x0025,0x0025,0x0025,
   0x0025,0x0025,0x0025,0x0025,0x0025,0x0025,0x0025,0x0025,0x0025,0x0025,0x0025,0x0025,0x0025,0x0025,0x0005,0x0004,
   0x0004,0x0025,0x0025,0x0024,0x0024,0x0024,0x0004,0x0005,0x0005,0x0005,0x0005,0x0005,0x0005,0x0005,0x0005,0x0005,
   0x0005,0x0005,0x0005,0x0005,0x0004,0x0004,0x0025,0x0024,0x0024,0x0024,0x0024,0x0024,0x0005,0x0005,0x0005,0x0005,
   0x0004,0x0004,0x0005,0x0005,0x0005,0x0005,0x0005,0x0005,0x0005,0x0005,0x0005,0x0025,0x0005,0x0024,0x0024,0x0024,
   0x0024,0x0024,0x0025,0x0025,0x0004,0x0004,0x0005,0x0825,0x0825,0x0825,0x0825,0x0825,0x0825,0x0825,0x0825,0x0845,
   0x0845,0x0825,0x0825,0x0825,0x0825,0x0825,0x0825,0x0845,0x0825,0x0825,0x0825,0x0825,0x0825,0x0825,0x0825,0x0825,
   0x0825,0x0825,0x0845,0x0845,0x0845,0x0825,0x0845,0x0825,0x0845,0x0825,0x0825,0x1046,0x0825,0x0805,0x1807,0x2007,
   0x70CF,0xA975,0x7070,0x682F,0x6830,0x6830,0x6830,0x6830,0x6830,0x6830,0x6830,0x6850,0x6850,0x6850,0x6830,0x6830,
   0x6830,0x6830,0x6830,0x6830,0x6830,0x6830,0x6830,0x6830,0x6850,0x6850,0x6850,0x6850,0x6830,0x6830,0x6830,0x6830,
   0x6830,0x6830,0x6830,0x6830,0x6030,0x6850,0xA175,0x8151,0x38CB,0x394B,0x20E7,0x0000,0x0000,0x0000,0x0000,0x0000,
   0x0000,0x0000,0x0000,0x0000,0x0000,0x0000,0x0000,0x0000,0x0000,0x0000,0x0000,0x0000,0x0000,0x0000,0x0000,0x0000,
   0x0000,0x0000,0x0000,0x0000,0x0000,0x0000,0x0000,0x0000,0x0000,0x0000,0x0000,0x0000,0x0000,0x0000,0x0000,0x0000,
   0x0000,0x0000,0x0000,0x0000,0x0000,0x0000,0x0000,0x0000,0x0000,0x0000,0x2126,0x94BB,0x949E,0x7BDC,0x843D,0x6B99,
   0x6378,0x6378,0x6398,0x6398,0x6378,0x6378,0x6377,0x6377,0x6377,0x6377,0x6378,0x6377,0x6377,0x6377,0x6378,0x6377,
   0x6377,0x6377,0x6377,0x6378,0x6B78,0x6B58,0x6B77,0x6B77,0x6B58,0x6358,0x6B78,0x6B77,0x6B77,0x6B77,0x6B78,0x6B78,
   0x6B57,0x6B58,0x6B78,0x6B78,0x6B78,0x6B78,0x6B58,0x6B77,0x6B77,0x6B77,0x6B78,0x6B57,0x6B57,0x6B57,0x6B57,0x6B57,
   0x6B57,0x6B57,0x6B57,0x6B57,0x6B57,0x6B57,0x6B57,0x6B57,0x6B57,0x6B57,0x6B57,0x6B57,0x7357,0x7358,0x6B57,0x7357,
   0x7337,0x7337,0x7337,0x7337,0x7336,0x7316,0x6AD5,0x41CF,0x1067,0x0004,0x0004,0x0025,0x0025,0x0024,0x0024,0x0024,
   0x0005,0x0827,0x208B,0x30AD,0x308D,0x308C,0x308C,0x308C,0x308C,0x388C,0x40AD,0x40AC,0x1848,0x0004,0x0004,0x0024,
   0x0025,0x0024,0x0024,0x0025,0x0005,0x0005,0x0004,0x0004,0x0826,0x288B,0x38CE,0x38CE,0x28CD,0x20CD,0x20CD,0x20AD,
   0x28AD,0x30ED,0x28EC,0x1068,0x0005,0x0024,0x0024,0x0024,0x0024,0x0025,0x0025,0x0004,0x0825,0x494C,0x8A53,0x9A75,
   0x9AB5,0xA2D5,0xAAD5,0xAAF6,0xB316,0xBB16,0xBB16,0xB316,0xB316,0xBB16,0xBB16,0xBB16,0xBB16,0xBB16,0xBB16,0xBB16,
   0xBB16,0xBB16,0xBB16,0xBB36,0xBB36,0xBB36,0xC336,0xC336,0xC336,0xC336,0xC336,0xC356,0xC356,0xC356,0xC336,0xC336,
   0xC336,0xC336,0xCB37,0x79F0,0x1084,0x1046,0x1807,0x2007,0x8111,0x9934,0x682F,0x602F,0x6030,0x6030,0x6030,0x6030,
   0x6030,0x6030,0x6030,0x6030,0x6030,0x6030,0x6030,0x6030,0x6030,0x6030,0x6030,0x6030,0x6030,0x6030,0x6030,0x6030,
   0x6030,0x6030,0x6030,0x6030,0x6030,0x6030,0x6030,0x6030,0x6010,0x6030,0x6030,0x6030,0x600F,0x7871,0xA995,0x690F,
   0x30CA,0x394B,0x18A5,0x0000,0x0000,0x0000,0x0000,0x0000,0x0000,0x0000,0x0000,0x0000,0x0000,0x0000,0x0000,0x0000,
   0x0000,0x0000,0x0000,0x0000,0x0000,0x0000,0x0000,0x0000,0x0000,0x0000,0x0000,0x0000,0x0000,0x0000,0x0000,0x0000,
   0x0000,0x0000,0x0000,0x0000,0x0000,0x0000,0x0000,0x0000,0x0000,0x0000,0x0000,0x0000,0x0000,0x0000,0x0000,0x0000,
   0x0000,0x0000,0x0000,0x2126,0x94DB,0xA51F,0x949F,0x9CDF,0x9CDF,0x9CDF,0x9CDF,0x9CDF,0x9CDF,0x9CDF,0x9CDF,0x9CDF,
   0x9CDF,0x9CDF,0x9CDF,0x9CDF,0x9CDF,0x9CDF,0x9CDF,0x9CBF,0x9CBF,0x9CBF,0x9CBF,0x9CBF,0x9CBF,0x9CBF,0x9CBF,0x9CBF,
   0x9CBF,0x9CBF,0x9CBF,0xA4BF,0xA4BF,0xA4BF,0xA4BF,0xA4BF,0xA4BF,0x9CBF,0xA4BF,0xA4BF,0xA4BF,0xA4BF,0xA4BF,0xA4BF,
   0xA4BF,0xA4BF,0xA4BF,0xA4BF,0xA4BF,0xA4BF,0xA4BF,0xA4BF,0xA4BF,0xA4BF,0xA4BF,0xA4BF,0xA4BF,0xACBF,0xA4BF,0xA4BF,
   0xA4BF,0xACBF,0xAC9F,0xAC9F,0xAC9F,0xAC9F,0xAC9F,0xACBF,0xAC9F,0xB49F,0xB49F,0xB49F,0xB49F,0xAC5E,0xA3FC,0xA3FB,
   0x7B16,0x316C,0x0025,0x0004,0x0005,0x0025,0x0025,0x0024,0x0005,0x0004,0x0827,0x288C,0x40CF,0x48D0,0x48AF,0x40AF,
   0x40AF,0x48AF,0x58B0,0x68D1,0x68D1,0x488D,0x1827,0x0004,0x0004,0x0005,0x0005,0x0005,0x0004,0x0003,0x0805,0x308B,
   0x58F1,0x60F2,0x50F2,0x40F1,0x30F1,0x30F0,0x38F1,0x4111,0x4931,0x30EE,0x1068,0x0005,0x0004,0x0005,0x0004,0x0025,
   0x0025,0x0004,0x0005,0x390A,0x9294,0xD37B,0xDB7C,0xE39D,0xEBDE,0xF3FE,0xFBFE,0xFC1E,0xFC1E,0xFC1F,0xFC1E,0xFC3E,
   0xFC3E,0xFC1F,0xFC3F,0xFC3F,0xFC3F,0xFC1F,0xFC3F,0xFC3F,0xFC3F,0xFC3F,0xFC3F,0xFC3F,0xFC3F,0xFC3F,0xFC3F,0xFC3F,
   0xFC3F,0xFC3F,0xFC3F,0xFC3F,0xFC3F,0xFC3F,0xFC3F,0xFC3F,0xFC3E,0xFC3F,0xE39A,0x51E9,0x18E5,0x2088,0x1827,0x2829,
   0x9133,0x9913,0x7070,0x7071,0x7071,0x7071,0x7071,0x7071,0x7071,0x7071,0x7071,0x7071,0x7071,0x7071,0x7071,0x7071,
   0x7071,0x7071,0x7071,0x7071,0x7071,0x7071,0x7071,0x7071,0x7071,0x7071,0x7071,0x7071,0x7071,0x7071,0x7071,0x7071,
   0x7071,0x7071,0x7071,0x7071,0x7071,0x90D3,0xA195,0x50ED,0x30EA,0x394B,0x0863,0x0000,0x0000,0x0000,0x0000,0x0000,
   0x0000,0x0000,0x0000,0x0000,0x0000,0x0000,0x0000,0x0000,0x0000,0x0000,0x0000,0x0000,0x0000,0x0000,0x0000,0x0000,
   0x0000,0x0000,0x0000,0x0000,0x0000,0x0000,0x0000,0x0000,0x0000,0x0000,0x0000,0x0000,0x0000,0x0000,0x0000,0x0000,
   0x0000,0x0000,0x0000,0x0000,0x0000,0x0000,0x0000,0x0000,0x0000,0x0000,0x0000,0x0000,0x2147,0xA55B,0xCE7F,0xC63F,
   0xC65F,0xC65F,0xCE5F,0xC65F,0xC65F,0xC65F,0xC65F,0xC65F,0xC65F,0xCE5F,0xCE5F,0xCE5F,0xCE5F,0xCE5F,0xCE5F,0xCE5F,
   0xCE5F,0xCE5F,0xCE5F,0xCE5F,0xCE5F,0xCE5F,0xCE5F,0xCE5F,0xCE5F,0xCE5F,0xCE5F,0xCE5F,0xCE5F,0xCE3F,0xD63F,0xCE5F,
   0xD65F,0xD65F,0xD65F,0xD65F,0xD65F,0xCE5F,0xD65F,0xD65F,0xD65F,0xD63F,0xD63F,0xD63F,0xD63F,0xD63F,0xD65F,0xD63F,
   0xD63F,0xD63F,0xD63F,0xD63F,0xD63F,0xD63F,0xD63F,0xD63F,0xD63F,0xD63F,0xDE3F,0xDE3F,0xDE3F,0xDE3F,0xDE3F,0xDE1F,
   0xDE1F,0xE61F,0xE61F,0xE61F,0xE5FF,0xDDDF,0xCD1F,0xB41D,0xA3BC,0x93BA,0x6AB3,0x290A,0x0004,0x0004,0x0025,0x0025,
   0x0005,0x0004,0x0004,0x0004,0x0827,0x308B,0x50CF,0x58D0,0x508F,0x486F,0x406F,0x5070,0x7092,0x88B3,0x78D2,0x488C,
   0x1006,0x0004,0x0004,0x0004,0x0004,0x286A,0x60D0,0x78F4,0x70D4,0x50B2,0x38B1,0x30B0,0x38D0,0x48F1,0x4911,0x38EE,
   0x1869,0x0005,0x0004,0x0004,0x0005,0x0005,0x0005,0x0004,0x0004,0x20A8,0x7231,0xC359,0xDB9C,0xE3BD,0xFCBF,0xFD5F,
   0xFD7F,0xFD7F,0xFD9F,0xFD9F,0xFD9F,0xFD9F,0xFD9F,0xFD9F,0xFD9F,0xFD9F,0xFD9F,0xFD9F,0xFD9F,0xFD9F,0xFD9F,0xFDBF,
   0xFDBF,0xFDBF,0xFDBF,0xFD9F,0xFDBF,0xFDBF,0xFDBF,0xFDBF,0xFDBF,0xFDBF,0xFDBF,0xFDBF,0xFDBF,0xFDBF,0xFDBF,0xFDBF,
   0xFDBF,0xF4DD,0x730E,0x3A27,0x3168,0x20A8,0x1027,0x406B,0xA174,0xA155,0xA154,0xA134,0xA134,0xA135,0xA134,0xA134,
   0xA134,0xA134,0xA134,0xA134,0xA115,0xA135,0xA135,0xA135,0xA135,0xA135,0xA134,0xA134,0xA134,0xA134,0xA135,0xA135,
   0xA135,0xA135,0xA135,0xA135,0xA134,0xA135,0xA135,0xA134,0xA135,0xA135,0xA135,0xA155,0xA155,0xA975,0xA194,0x40CB,
   0x310A,0x314A,0x0821,0x0000,0x0000,0x0000,0x0000,0x0000,0x0000,0x0000,0x0000,0x0000,0x0000,0x0000,0x0000,0x0000,
   0x0000,0x0000,0x0000,0x0000,0x0000,0x0000,0x0000,0x0000,0x0000,0x0000,0x0000,0x0000,0x0000,0x0000,0x0000,0x0000,
   0x0000,0x0000,0x0000,0x0000,0x0000,0x0000,0x0000,0x0000,0x0000,0x0000,0x0000,0x0000,0x0000,0x0000,0x0000,0x0000,
   0x0000,0x0000,0x0000,0x0000,0x0000,0x2105,0x52CD,0x52CD,0x5AEE,0x5AEE,0x5B0E,0x5B0E,0x5B0E,0x5B0E,0x5B0E,0x5B0E,
   0x5B0E,0x5AEE,0x5AEE,0x5AEE,0x5AEE,0x5AEE,0x5AEE,0x5AEE,0x5AEE,0x5AEE,0x5AEE,0x5AEE,0x5AEE,0x5AEE,0x5AEE,0x5AED,
   0x5AEE,0x5AEE,0x5AEE,0x5AEE,0x5AEE,0x5AED,0x5AED,0x5AED,0x5AEE,0x5AED,0x5AEE,0x5AED,0x5AEE,0x5AEE,0x5AEE,0x5AED,
   0x5AEE,0x5AEE,0x5AED,0x5AED,0x5AEE,0x5AEE,0x5AED,0x5AED,0x5ACD,0x5AED,0x5AEE,0x5ACD,0x5ACD,0x5AED,0x5AED,0x5ACD,
   0x5ACD,0x5ACD,0x5ACD,0x5ACD,0x5ACD,0x5AED,0x5AED,0x5ACD,0x62CD,0x62CD,0x62CD,0x62CD,0x5ACD,0x5A8D,0x93F5,0xD59E,
   0xCCFF,0xABFC,0xA3DC,0x9BDA,0x6272,0x18A8,0x0004,0x0004,0x0025,0x0025,0x0005,0x0004,0x0004,0x0004,0x1848,0x48AE,
   0x70D1,0x70B2,0x6071,0x484F,0x504F,0x6851,0x8893,0x98F4,0x78D1,0x384A,0x0805,0x1827,0x58CF,0x8915,0x88D6,0x7094,
   0x4872,0x3871,0x4092,0x58D2,0x6112,0x5110,0x208A,0x0805,0x0004,0x0004,0x0004,0x0005,0x0005,0x0004,0x0004,0x1067,
   0x61D0,0xB338,0xD39C,0xDBBD,0xF47F,0xFD7F,0xC498,0x72CE,0x628C,0x628C,0x628C,0x6AAD,0x6AAD,0x6AAC,0x628C,0x628C,
   0x628C,0x628C,0x628C,0x628C,0x628C,0x628C,0x628C,0x628C,0x628C,0x628C,0x628C,0x628C,0x628C,0x628C,0x62AC,0x62AC,
   0x62AC,0x62AC,0x62AC,0x62AC,0x62AC,0x62AC,0x62AC,0x62AC,0x628C,0x41C8,0x2124,0x2104,0x318A,0x314A,0x28E9,0x492C,
   0x7190,0x7170,0x7971,0x7971,0x7971,0x7971,0x7951,0x7971,0x7971,0x7971,0x7951,0x7971,0x7971,0x7971,0x7971,0x7971,
   0x7971,0x7971,0x7971,0x7951,0x7971,0x7971,0x7971,0x7971,0x7971,0x7971,0x7971,0x7971,0x7971,0x7971,0x7971,0x7971,
   0x7971,0x7971,0x7971,0x7971,0x7971,0x7991,0x7190,0x416C,0x418D,0x314A,0x0021,0x0000,0x0000,0x0000,0x0000,0x0000,
   0x0000,0x0000,0x0000,0x0000,0x0000,0x0000,0x0000,0x0000,0x0000,0x0000,0x0000,0x0000,0x0000,0x0000,0x0000,0x0000,
   0x0000,0x0000,0x0000,0x0000,0x0000,0x0000,0x0000,0x0000,0x0000,0x0000,0x0000,0x0000,0x0000,0x0000,0x0000,0x0000,
   0x0000,0x0000,0x0000,0x0000,0x0000,0x0000,0x0000,0x0000,0x0000,0x0000,0x0000,0x0000,0x0000,0x0000,0x0000,0x0000,
   0x0000,0x0000,0x0000,0x0000,0x0000,0x0000,0x0000,0x0000,0x0000,0x0000,0x0000,0x0000,0x0000,0x0000,0x0000,0x0000,
   0x0000,0x0000,0x0000,0x0000,0x0000,0x0000,0x0000,0x0000,0x0000,0x0000,0x0000,0x0000,0x0000,0x0000,0x0000,0x0000,
   0x0000,0x0000,0x0000,0x0000,0x0000,0x0000,0x0000,0x0000,0x0000,0x0000,0x0000,0x0000,0x0000,0x0000,0x0000,0x0000,
   0x0000,0x0000,0x0000,0x0000,0x0000,0x0000,0x0000,0x0000,0x0000,0x0000,0x0000,0x0000,0x0000,0x0000,0x0000,0x0000,
   0x0000,0x0000,0x0000,0x0000,0x0000,0x0000,0x0000,0x39A8,0xA477,0xDD9F,0xC4BE,0xABDC,0xABFC,0x8B78,0x49EF,0x1066,
   0x0003,0x0004,0x0025,0x0025,0x0025,0x0004,0x0004,0x0005,0x306A,0x68D0,0x88D3,0x7892,0x6050,0x502F,0x6030,0x7871,
   0x90B4,0x90D3,0x70B0,0x80D2,0x98D6,0x8895,0x6833,0x5033,0x4853,0x6094,0x78D5,0x70F3,0x38AD,0x1026,0x0004,0x0004,
   0x0005,0x0005,0x0005,0x0004,0x0004,0x0845,0x496D,0xA2D7,0xD39C,0xDBBD,0xEC5E,0xFD5F,0xDD1B,0x6A8D,0x0841,0x0000,
   0x0000,0x0000,0x0000,0x0000,0x0000,0x0000,0x0000,0x0000,0x0000,0x0000,0x0000,0x0000,0x0000,0x0000,0x0000,0x0000,
   0x0000,0x0000,0x0000,0x0000,0x0000,0x0000,0x0000,0x0000,0x0000,0x0000,0x0000,0x0000,0x0000,0x0000,0x0000,0x0000,
   0x0000,0x0000,0x0000,0x0021,0x31AB,0x420D,0x4A0D,0x522E,0x522E,0x5A2F,0x622F,0x6230,0x6230,0x6230,0x6230,0x6230,
   0x6230,0x6230,0x6230,0x6230,0x6230,0x6230,0x6230,0x6230,0x6230,0x6230,0x6230,0x6230,0x6230,0x6230,0x6230,0x6230,
   0x6230,0x6230,0x6230,0x6230,0x6230,0x6230,0x6230,0x6230,0x6230,0x6230,0x6230,0x622F,0x622F,0x5A2F,0x5A4F,0x5A6F,
   0x5A70,0x3189,0x0000,0x0000,0x0000,0x0000,0x0000,0x0000,0x0000,0x0000,0x0000,0x0000,0x0000,0x0000,0x0000,0x0000,
   0x0000,0x0000,0x0000,0x0000,0x0000,0x0000,0x0000,0x0000,0x0000,0x0000,0x0000,0x0000,0x0000,0x0000,0x0000,0x0000,
   0x0000,0x0000,0x0000,0x0000,0x0000,0x0000,0x0000,0x0000,0x0000,0x0000,0x0000,0x0000,0x0000,0x0000,0x0000,0x0000,
   0x0000,0x0000,0x0000,0x0000,0x0000,0x0000,0x0000,0x0000,0x0000,0x0000,0x0000,0x0000,0x0000,0x0000,0x0000,0x0000,
   0x0000,0x0000,0x0000,0x0000,0x0000,0x0000,0x0000,0x0000,0x0000,0x0000,0x0000,0x0000,0x0000,0x0000,0x0000,0x0000,
   0x0000,0x0000,0x0000,0x0000,0x0000,0x0000,0x0000,0x0000,0x0000,0x0000,0x0000,0x0000,0x0000,0x0000,0x0000,0x0000,
   0x0000,0x0000,0x0000,0x0000,0x0000,0x0000,0x0000,0x0000,0x0000,0x0000,0x0000,0x0000,0x0000,0x0000,0x0000,0x0000,
   0x0000,0x0000,0x0000,0x0000,0x0000,0x0000,0x0000,0x0000,0x0000,0x0000,0x0000,0x0000,0x0000,0x0000,0x0000,0x0000,
   0x0021,0x526C,0xB4DA,0xDD5F,0xBC3D,0xA39B,0xA3BA,0x7B16,0x396C,0x0825,0x0004,0x0004,0x0025,0x0005,0x0005,0x0004,
   0x0004,0x0826,0x408C,0x78D2,0x90B3,0x7872,0x6030,0x580F,0x6810,0x8052,0x98B4,0x9094,0x7032,0x5812,0x5812,0x6054,
   0x80B6,0x88F6,0x58B0,0x2048,0x0004,0x0004,0x0005,0x0005,0x0005,0x0005,0x0004,0x0004,0x390A,0x8A94,0xCB7B,0xDB9D,
   0xE41E,0xFD3F,0xED5D,0x8330,0x18A3,0x0000,0x0000,0x0000,0x0000,0x0000,0x0000,0x0000,0x0000,0x0000,0x0000,0x0000,
   0x0000,0x0000,0x0000,0x0000,0x0000,0x0000,0x0000,0x0000,0x0000,0x0000,0x0000,0x0000,0x0000,0x0000,0x0000,0x0000,
   0x0000,0x0000,0x0000,0x0000,0x0000,0x0000,0x0000,0x0000,0x0000,0x0000,0x0000,0x10A4,0x4A4E,0x5AF1,0x6B52,0x7393,
   0x7B94,0x8394,0x8394,0x8394,0x8394,0x8394,0x8394,0x8394,0x8395,0x8395,0x8395,0x8395,0x8394,0x8395,0x8394,0x8395,
   0x8395,0x8395,0x8395,0x8394,0x8394,0x8394,0x8395,0x8394,0x8395,0x8395,0x8395,0x8395,0x8395,0x8395,0x8395,0x8395,
   0x8395,0x8395,0x8395,0x83B4,0x8394,0x8394,0x83B4,0x7B93,0x7373,0x3189,0x0000,0x0000,0x0000,0x0000,0x0000,0x0000,
   0x0000,0x0000,0x0000,0x0000,0x0000,0x0000,0x0000,0x0000,0x0000,0x0000,0x0000,0x0000,0x0000,0x0000,0x0000,0x0000,
   0x0000,0x0000,0x0000,0x0000,0x0000,0x0000,0x0000,0x0000,0x0000,0x0000,0x0000,0x0000,0x0000,0x0000,0x0000,0x0000,
   0x0000,0x0000,0x0000,0x0000,0x0000,0x0000,0x0000,0x0000,0x0000,0x0000,0x0000,0x0000,0x0000,0x0000,0x0020,0x0020,
   0x0020,0x0020,0x0020,0x0020,0x0020,0x0020,0x0020,0x0020,0x0020,0x0020,0x0020,0x0020,0x0020,0x0020,0x0020,0x0020,
   0x0020,0x0020,0x0020,0x0020,0x0020,0x0020,0x0020,0x0020,0x0020,0x0020,0x0020,0x0020,0x0020,0x0020,0x0020,0x0020,
   0x0020,0x0020,0x0020,0x0020,0x0020,0x0020,0x0020,0x0020,0x0020,0x0020,0x0020,0x0020,0x0020,0x0020,0x0020,0x0020,
   0x0020,0x0020,0x0020,0x0020,0x0020,0x0020,0x0020,0x0020,0x0020,0x0020,0x0020,0x0020,0x0020,0x0020,0x0020,0x0020,
   0x0020,0x0020,0x0020,0x0020,0x0020,0x0020,0x0000,0x0000,0x0000,0x0000,0x1083,0x6AEF,0xCD3D,0xD4FF,0xB3FC,0xABBB,
   0xA3BA,0x72B4,0x290B,0x0025,0x0004,0x0005,0x0005,0x0005,0x0004,0x0004,0x0004,0x1827,0x588E,0x90B3,0x9893,0x8051,
   0x680F,0x680F,0x7010,0x6810,0x6011,0x6832,0x8074,0x88D5,0x68D2,0x306A,0x0005,0x0003,0x0004,0x0005,0x0004,0x0025,
   0x0004,0x0004,0x20A8,0x7A32,0xC359,0xD37C,0xDBBD,0xFCDF,0xFD9F,0xA3F4,0x3126,0x0000,0x0000,0x0000,0x0000,0x0000,
   0x0020,0x0020,0x0841,0x0841,0x0841,0x1082,0x1082,0x1882,0x20C4,0x20C3,0x20C3,0x20C3,0x20C3,0x20C3,0x20C3,0x20C3,
   0x20C3,0x20C3,0x20C3,0x20C3,0x20C3,0x20C3,0x20C3,0x20C3,0x20C3,0x20C3,0x20C3,0x20C3,0x20C3,0x20C3,0x18A2,0x3125,
   0x3146,0x0000,0x0000,0x10A4,0x41EB,0x526D,0x5AAE,0x5ACF,0x62CF,0x62CF,0x62CF,0x62CF,0x62CF,0x62CF,0x62CF,0x62D0,
   0x62D0,0x62F0,0x62F0,0x62D0,0x62D0,0x62D0,0x62D0,0x62EF,0x62F0,0x62D0,0x62CF,0x62D0,0x62CF,0x62F0,0x62F0,0x62CF,
   0x62CF,0x62CF,0x62CF,0x62CF,0x62CF,0x62CF,0x62CF,0x62CF,0x62CF,0x62CF,0x62CF,0x62CF,0x62CF,0x62CF,0x62CF,0x5ACE,
   0x5AAE,0x2105,0x0000,0x0000,0x0000,0x0000,0x0000,0x0000,0x0000,0x0000,0x0000,0x0000,0x0000,0x0000,0x0000,0x0000,
   0x0000,0x0000,0x0000,0x0000,0x0000,0x0000,0x0000,0x0000,0x0000,0x0000,0x0000,0x0000,0x0000,0x0000,0x0000,0x0000,
   0x0000,0x0000,0x0000,0x0000,0x0000,0x0000,0x0000,0x0000,0x0000,0x0000,0x0000,0x0000,0x0000,0x0000,0x0000,0x0000,
   0x0000,0x0000,0x0000,0x0000,0x0000,0x0000,0x0000,0x0000,0x0000,0x0000,0x0000,0x0000,0x0000,0x0000,0x0000,0x0000,
   0x0000,0x0000,0x0000,0x0000,0x0000,0x0000,0x0000,0x0000,0x0000,0x0000,0x0000,0x0000,0x0000,0x0000,0x0000,0x0000,
   0x0000,0x0000,0x0000,0x0000,0x0000,0x0000,0x0000,0x0000,0x0000,0x0000,0x0000,0x0000,0x0000,0x0000,0x0000,0x0000,
   0x0000,0x0000,0x0000,0x0000,0x0000,0x0000,0x0000,0x0000,0x0000,0x0000,0x0000,0x0000,0x0000,0x0000,0x0000,0x0000,
   0x0000,0x0000,0x0000,0x0000,0x0000,0x0000,0x0000,0x0000,0x0000,0x0000,0x0000,0x0000,0x0000,0x0000,0x0000,0x0000,
   0x0000,0x0000,0x0000,0x0000,0x20E5,0x8BB3,0xD55E,0xD4DF,0xB3DC,0xABBC,0x9B9A,0x6232,0x20A9,0x0004,0x0004,0x0005,
   0x0024,0x0024,0x0004,0x0004,0x0004,0x3049,0x70B0,0xA0B4,0x9873,0x7831,0x6810,0x7010,0x8853,0x98D6,0x80D3,0x408C,
   0x0826,0x0003,0x0004,0x0005,0x0005,0x0005,0x0004,0x0004,0x1067,0x61AF,0xB318,0xD39C,0xDB9D,0xF47F,0xFD7F,0xC478,
   0x49C9,0x0000,0x0000,0x0000,0x0000,0x0000,0x0000,0x0000,0x0000,0x0000,0x0000,0x0000,0x0000,0x0000,0x0000,0x0000,
   0x0000,0x0000,0x0000,0x0000,0x0000,0x0000,0x0000,0x0000,0x0000,0x0000,0x0000,0x0000,0x0000,0x0000,0x0000,0x0000,
   0x0000,0x0000,0x0000,0x0000,0x0000,0x0000,0x0000,0x0000,0x0000,0x0000,0x0000,0x0000,0x0000,0x0020,0x0020,0x0020,
   0x0020,0x0020,0x0020,0x0020,0x0020,0x0020,0x0020,0x0020,0x0020,0x0020,0x0020,0x0020,0x0020,0x0020,0x0020,0x0020,
   0x0020,0x0020,0x0020,0x0020,0x0020,0x0020,0x0020,0x0020,0x0020,0x0020,0x0020,0x0020,0x0020,0x0020,0x0020,0x0020,
   0x0020,0x0020,0x0020,0x0020,0x0020,0x0020,0x0020,0x0020,0x0000,0x0000,0x0000,0x0000,0x0000,0x0000,0x0000,0x0000,
   0x0000,0x0000,0x0000,0x0000,0x0000,0x0000,0x0000,0x0000,0x0000,0x0000,0x0000,0x0000,0x0000,0x0000,0x0000,0x0000,
   0x0000,0x0000,0x0000,0x0000,0x0000,0x0000,0x0000,0x0000,0x0000,0x0000,0x0000,0x0000,0x0000,0x0000,0x0000,0x0000,
   0x0000,0x0000,0x0000,0x0000,0x0000,0x0000,0x0000,0x0000,0x0000,0x0000,0x0000,0x0000,0x0000,0x0000,0x0000,0x0000,
   0x0000,0x0000,0x0000,0x0000,0x0000,0x0000,0x0000,0x0000,0x0000,0x0000,0x0000,0x0000,0x0000,0x0000,0x0000,0x0000,
   0x0000,0x0000,0x0000,0x0000,0x0000,0x0000,0x0000,0x0000,0x0000,0x0000,0x0000,0x0000,0x0000,0x0000,0x0000,0x0000,
   0x0000,0x0000,0x0000,0x0000,0x0000,0x0000,0x0000,0x0000,0x0000,0x0000,0x0000,0x0000,0x0000,0x0000,0x0000,0x0000,
   0x0000,0x0000,0x0000,0x0000,0x0000,0x0000,0x0000,0x0000,0x0000,0x0000,0x0000,0x0000,0x0000,0x0000,0x0000,0x0000,
   0x0000,0x0000,0x0000,0x0000,0x0000,0x0000,0x0000,0x0000,0x0000,0x0000,0x0000,0x0000,0x0000,0x0000,0x3988,0x9C16,
   0xDD3F,0xCC7E,0xB39B,0xAB9B,0x9338,0x51CF,0x1067,0x0003,0x0004,0x0025,0x0025,0x0005,0x0004,0x0003,0x0805,0x406A,
   0x80D1,0x98B5,0x9073,0x9895,0x90D4,0x58AE,0x1827,0x0004,0x0004,0x0004,0x0005,0x0005,0x0005,0x0004,0x0825,0x496D,
   0x9AD6,0xCB7C,0xDB9D,0xEC1E,0xFD5F,0xDCFB,0x6A8D,0x0841,0x0000,0x0000,0x0000,0x0000,0x0000,0x0000,0x0000,0x0000,
   0x0000,0x0000,0x0000,0x0000,0x0000,0x0000,0x0000,0x0000,0x0000,0x0000,0x0000,0x0000,0x0000,0x0000,0x0000,0x0000,
   0x0000,0x0000,0x0000,0x0000,0x0000,0x0000,0x0000,0x0000,0x0000,0x0000,0x0000,0x0000,0x0000,0x0000,0x0000,0x0000,
   0x0000,0x0000,0x0000,0x0000,0x0000,0x0000,0x0000,0x0000,0x0000,0x0000,0x0000,0x0000,0x0000,0x0000,0x0000,0x0000,
   0x0000,0x0000,0x0000,0x0000,0x0000,0x0000,0x0000,0x0000,0x0000,0x0000,0x0000,0x0000,0x0000,0x0000,0x0000,0x0000,
   0x0000,0x0000,0x0000,0x0000,0x0000,0x0000,0x0000,0x0000,0x0000,0x0000,0x0000,0x0000,0x0000,0x0000,0x0000,0x0000,
   0x0000,0x0000,0x0000,0x0000,0x0000,0x0000,0x0000,0x0000,0x0000,0x0000,0x0000,0x0000,0x0000,0x0000,0x0000,0x0000,
   0x0000,0x0000,0x0000,0x0000,0x0000,0x0000,0x0000,0x0000,0x0000,0x0000,0x0000,0x0000,0x0000,0x0000,0x0000,0x0000,
   0x0000,0x0000,0x0000,0x0000,0x0000,0x0000,0x0000,0x0000,0x0000,0x0000,0x0000,0x0000,0x0000,0x0000,0x0000,0x0000,
   0x0000,0x0000,0x0000,0x0000,0x0000,0x0000,0x0000,0x0000,0x0000,0x0000,0x0000,0x0000,0x0000,0x0000,0x0000,0x0000,
   0x0000,0x0000,0x0000,0x0000,0x0000,0x0000,0x0000,0x0000,0x0000,0x0000,0x0000,0x0000,0x0000,0x0000,0x0000,0x0000,
   0x0000,0x0000,0x0000,0x0000,0x0000,0x0000,0x0000,0x0000,0x0000,0x0000,0x0000,0x0000,0x0000,0x0000,0x0000,0x0000,
   0x0000,0x0000,0x0000,0x0000,0x0000,0x0000,0x0000,0x0000,0x0000,0x0000,0x0000,0x0000,0x0000,0x0000,0x0000,0x0000,
   0x0000,0x0000,0x0000,0x0000,0x0000,0x0000,0x0000,0x0000,0x0000,0x0000,0x0000,0x0000,0x0000,0x0000,0x0000,0x0000,
   0x0000,0x0000,0x0000,0x0000,0x0000,0x0000,0x0000,0x0020,0x4A0B,0xBCBA,0xDD1F,0xC3FD,0xB37B,0xAB7B,0x8AF6,0x416D,
   0x0846,0x0004,0x0024,0x0025,0x0005,0x0005,0x0004,0x0003,0x1026,0x508D,0x88F3,0x70D1,0x2848,0x0004,0x0004,0x0004,
   0x0005,0x0004,0x0005,0x0004,0x0025,0x30EA,0x8A74,0xCB7B,0xD37C,0xE3FE,0xFCFF,0xED5D,0x8330,0x18A3,0x0000,0x0000,
   0x0000,0x0000,0x0000,0x0000,0x0000,0x0000,0x0000,0x0000,0x0000,0x0000,0x0000,0x0000,0x0000,0x0000,0x0000,0x0000,
   0x0000,0x0000,0x0000,0x0000,0x0000,0x0000,0x0000,0x0000,0x0000,0x0000,0x0000,0x0000,0x0000,0x0000,0x0000,0x0000,
   0x0000,0x0000,0x0000,0x0000,0x0000,0x0000,0x0000,0x0000,0x0000,0x0000,0x0000,0x0000,0x0000,0x0000,0x0000,0x0000,
   0x0000,0x0000,0x0000,0x0000,0x0000,0x0000,0x0000,0x0000,0x0000,0x0000,0x0000,0x0000,0x0000,0x0000,0x0000,0x0000,
   0x0000,0x0000,0x0000,0x0000,0x0000,0x0000,0x0000,0x0000,0x0000,0x0000,0x0000,0x0000,0x0000,0x0000,0x0000,0x0000,
   0x0000,0x0000,0x0000,0x0000,0x0000,0x0000,0x0000,0x0000,0x0000,0x0000,0x0000,0x0000,0x0000,0x0000,0x0000,0x0000,
   0x0000,0x0000,0x0000,0x0000,0x0000,0x0000,0x0000,0x0000,0x0000,0x0000,0x0000,0x0000,0x0000,0x0000,0x0000,0x0000,
   0x0000,0x0000,0x0000,0x0000,0x0000,0x0000,0x0000,0x0000,0x0000,0x0000,0x0000,0x0000,0x0000,0x0000,0x0000,0x0000,
   0x0000,0x0000,0x0000,0x0000,0x0000,0x0000,0x0000,0x0000,0x0000,0x0000,0x0000,0x0000,0x0000,0x0000,0x0000,0x0000,
   0x0000,0x0000,0x0000,0x0000,0x0000,0x0000,0x0000,0x0000,0x0000,0x0000,0x0000,0x0000,0x0000,0x0000,0x0000,0x0000,
   0x0000,0x0000,0x0000,0x0000,0x0000,0x0000,0x0000,0x0000,0x0000,0x0000,0x0000,0x0000,0x0000,0x0000,0x0000,0x0000,
   0x0000,0x0000,0x0000,0x0000,0x0000,0x0000,0x0000,0x0000,0x0000,0x0000,0x0000,0x0000,0x0000,0x0000,0x0000,0x0000,
   0x0000,0x0000,0x0000,0x0000,0x0000,0x0000,0x0000,0x0000,0x0000,0x0000,0x0000,0x0000,0x0000,0x0000,0x0000,0x0000,
   0x0000,0x0000,0x0000,0x0000,0x0000,0x0000,0x0000,0x0000,0x0000,0x0000,0x0000,0x0000,0x0000,0x0000,0x0000,0x0000,
   0x0000,0x1062,0x6ACF,0xCCFC,0xDCFF,0xBBDD,0xB37B,0xAB7A,0x7A94,0x310A,0x0004,0x0004,0x0005,0x0004,0x0004,0x0005,
   0x0004,0x0004,0x1827,0x0805,0x0003,0x0004,0x0005,0x0004,0x0005,0x0004,0x0004,0x20A8,0x7211,0xBB3A,0xD37C,0xDBBD,
   0xFCBF,0xFD5F,0xA3F4,0x3146,0x0000,0x0000,0x0000,0x0000,0x0000,0x0000,0x0000,0x0000,0x0000,0x0000,0x0000,0x0000,
   0x0000,0x0000,0x0000,0x0000,0x0000,0x0000,0x0000,0x0000,0x0000,0x0000,0x0000,0x0000,0x0000,0x0000,0x0000,0x0000,
   0x0000,0x0000,0x0000,0x0000,0x0000,0x0000,0x0000,0x0000,0x0000,0x0000,0x0000,0x0000,0x0000,0x0000,0x0000,0x0000,
   0x0000,0x0000,0x0000,0x0000,0x0000,0x0000,0x0000,0x0000,0x0000,0x0000,0x0000,0x0000,0x0000,0x0000,0x0000,0x0000,
   0x0000,0x0000,0x0000,0x0000,0x0000,0x0000,0x0000,0x0000,0x0000,0x0000,0x0000,0x0000,0x0000,0x0000,0x0000,0x0000,
   0x0000,0x0000,0x0000,0x0000,0x0000,0x0000,0x0000,0x0000,0x0000,0x0000,0x0000,0x0000,0x0000,0x0000,0x0000,0x0000,
   0x0000,0x0000,0x0000,0x0000,0x0000,0x0000,0x0000,0x0000,0x0000,0x0000,0x0000,0x0000,0x0000,0x0000,0x0000,0x0000,
   0x0000,0x0000,0x0000,0x0000,0x0000,0x0000,0x0000,0x0000,0x0000,0x0000,0x0000,0x0000,0x0000,0x0000,0x0000,0x0000,
   0x0000,0x0000,0x0000,0x0000,0x0000,0x0000,0x0000,0x0000,0x0000,0x0000,0x0000,0x0000,0x0000,0x0000,0x0000,0x0000,
   0x0000,0x0000,0x0000,0x0000,0x0000,0x0000,0x0000,0x0000,0x0000,0x0000,0x0000,0x0000,0x0000,0x0000,0x0000,0x0000,
   0x0000,0x0000,0x0000,0x0000,0x0000,0x0000,0x0000,0x0000,0x0000,0x0000,0x0000,0x0000,0x0000,0x0000,0x0000,0x0000,
   0x0000,0x0000,0x0000,0x0000,0x0000,0x0000,0x0000,0x0000,0x0000,0x0000,0x0000,0x0000,0x0000,0x0000,0x0000,0x0000,
   0x0000,0x0000,0x0000,0x0000,0x0000,0x0000,0x0000,0x0000,0x0000,0x0000,0x0000,0x0000,0x0000,0x0000,0x0000,0x0000,
   0x0000,0x0000,0x0000,0x0000,0x0000,0x0000,0x0000,0x0000,0x0000,0x0000,0x0000,0x0000,0x0000,0x0000,0x0000,0x0000,
   0x0000,0x0000,0x0000,0x0000,0x0000,0x0000,0x0000,0x0000,0x0000,0x0000,0x0000,0x2105,0x8B73,0xDD1E,0xDC9F,0xBB9C,
   0xB37B,0xA339,0x6A12,0x20A9,0x0004,0x0004,0x0005,0x0005,0x0005,0x0005,0x0004,0x0004,0x0005,0x0004,0x0005,0x0004,
   0x0004,0x1067,0x59AF,0xAB18,0xD37C,0xD39D,0xF47F,0xFD9F,0xC478,0x49C9,0x0000,0x0000,0x0000,0x0000,0x0000,0x0000,
   0x0000,0x0000,0x0000,0x0000,0x0000,0x0000,0x0000,0x0000,0x0000,0x0000,0x0000,0x0000,0x0000,0x0000,0x0000,0x0000,
   0x0000,0x0000,0x0000,0x0000,0x0000,0x0000,0x0000,0x0000,0x0000,0x0000,0x0000,0x0000,0x0000,0x0000,0x0000,0x0000,
   0x0000,0x0000,0x0000,0x0000,0x0000,0x0000,0x0000,0x0000,0x0000,0x0000,0x0000,0x0000,0x0000,0x0000,0x0000,0x0000,
   0x0000,0x0000,0x0000,0x0000,0x0000,0x0000,0x0000,0x0000,0x0000,0x0000,0x0000,0x0000,0x0000,0x0000,0x0000,0x0000,
   0x0000,0x0000,0x0000,0x0000,0x0000,0x0000,0x0000,0x0000,0x0000,0x0000,0x0000,0x0000,0x0000,0x0000,0x0000,0x0000,
   0x0000,0x0000,0x0000,0x0000,0x0000,0x0000,0x0000,0x0000,0x0000,0x0000,0x0000,0x0000,0x0000,0x0000,0x0000,0x0000,
   0x0000,0x0000,0x0000,0x0000,0x0000,0x0000,0x0000,0x0000,0x0000,0x0000,0x0000,0x0000,0x0000,0x0000,0x0000,0x0000,
   0x0000,0x0000,0x0000,0x0000,0x0000,0x0000,0x0000,0x0000,0x0000,0x0000,0x0000,0x0000,0x0000,0x0000,0x0000,0x0000,
   0x0000,0x0000,0x0000,0x0000,0x0000,0x0000,0x0000,0x0000,0x0000,0x0000,0x0000,0x0000,0x0000,0x0000,0x0000,0x0000,
   0x0000,0x0000,0x0000,0x0000,0x0000,0x0000,0x0000,0x0000,0x0000,0x0000,0x0000,0x0000,0x0000,0x0000,0x0000,0x0000,
   0x0000,0x0000,0x0000,0x0000,0x0000,0x0000,0x0000,0x0000,0x0000,0x0000,0x0000,0x0000,0x0000,0x0000,0x0000,0x0000,
   0x0000,0x0000,0x0000,0x0000,0x0000,0x0000,0x0000,0x0000,0x0000,0x0000,0x0000,0x0000,0x0000,0x0000,0x0000,0x0000,
   0x0000,0x0000,0x0000,0x0000,0x0000,0x0000,0x0000,0x0000,0x0000,0x0000,0x0000,0x0000,0x0000,0x0000,0x0000,0x0000,
   0x0000,0x0000,0x0000,0x0000,0x0000,0x0000,0x0000,0x0000,0x0000,0x0000,0x0000,0x0000,0x0000,0x0000,0x0000,0x0000,
   0x0000,0x0000,0x0000,0x0000,0x0000,0x3167,0xA3F6,0xE51F,0xD43E,0xBB7B,0xB35B,0xA318,0x59CF,0x1067,0x0004,0x0004,
   0x0005,0x0005,0x0005,0x0005,0x0005,0x0004,0x0003,0x0845,0x414C,0x9AD6,0xCB9C,0xD39D,0xE43F,0xFD3F,0xDCFB,0x6A8D,
   0x0861,0x0000,0x0000,0x0000,0x0000,0x0000,0x0000,0x0000,0x0000,0x0000,0x0000,0x0000,0x0000,0x0000,0x0000,0x0000,
   0x0000,0x0000,0x0000,0x0000,0x0000,0x0000,0x0000,0x0000,0x0000,0x0000,0x0000,0x0000,0x0000,0x0000,0x0000,0x0000,
   0x0000,0x0000,0x0000,0x0000,0x0000,0x0000,0x0000,0x0000,0x0000,0x0000,0x0000,0x0000,0x0000,0x0000,0x0000,0x0000,
   0x0000,0x0000,0x0000,0x0000,0x0000,0x0000,0x0000,0x0000,0x0000,0x0000,0x0000,0x0000,0x0000,0x0000,0x0000,0x0000,
   0x0000,0x0000,0x0000,0x0000,0x0000,0x0000,0x0000,0x0000,0x0000,0x0000,0x0000,0x0000,0x0000,0x0000,0x0000,0x0000,
   0x0000,0x0000,0x0000,0x0000,0x0000,0x0000,0x0000,0x0000,0x0000,0x0000,0x0000,0x0000,0x0000,0x0000,0x0000,0x0000,
   0x0000,0x0000,0x0000,0x0000,0x0000,0x0000,0x0000,0x0000,0x0000,0x0000,0x0000,0x0000,0x0000,0x0000,0x0000,0x0000,
   0x0000,0x0000,0x0000,0x0000,0x0000,0x0000,0x0000,0x0000,0x0000,0x0000,0x0000,0x0000,0x0000,0x0000,0x0000,0x0000,
   0x0000,0x0000,0x0000,0x0000,0x0000,0x0000,0x0000,0x0000,0x0000,0x0000,0x0000,0x0000,0x0000,0x0000,0x0000,0x0000,
   0x0000,0x0000,0x0000,0x0000,0x0000,0x0000,0x0000,0x0000,0x0000,0x0000,0x0000,0x0000,0x0000,0x0000,0x0000,0x0000,
   0x0000,0x0000,0x0000,0x0000,0x0000,0x0000,0x0000,0x0000,0x0000,0x0000,0x0000,0x0000,0x0000,0x0000,0x0000,0x0000,
   0x0000,0x0000,0x0000,0x0000,0x0000,0x0000,0x0000,0x0000,0x0000,0x0000,0x0000,0x0000,0x0000,0x0000,0x0000,0x0000,
   0x0000,0x0000,0x0000,0x0000,0x0000,0x0000,0x0000,0x0000,0x0000,0x0000,0x0000,0x0000,0x0000,0x0000,0x0000,0x0000,
   0x0000,0x0000,0x0000,0x0000,0x0000,0x0000,0x0000,0x0000,0x0000,0x0000,0x0000,0x0000,0x0000,0x0000,0x0000,0x0000,
   0x0000,0x0000,0x0000,0x0000,0x0000,0x0000,0x0000,0x0000,0x0000,0x0000,0x0000,0x0000,0x0000,0x0000,0x0020,0x520B,
   0xBC79,0xE4FF,0xCBDD,0xBB5B,0xB35B,0x8AB6,0x414C,0x0825,0x0004,0x0005,0x0005,0x0004,0x0004,0x0004,0x30EA,0x8273,
   0xC35B,0xD39D,0xDBFE,0xFD1F,0xED3D,0x8B51,0x18A3,0x0000,0x0000,0x0000,0x0000,0x0000,0x0000,0x0000,0x0000,0x0000,
   0x0000,0x0000,0x0000,0x0000,0x0000,0x0000,0x0000,0x0000,0x0000,0x0000,0x0000,0x0000,0x0000,0x0000,0x0000,0x0000,
   0x0000,0x0000,0x0000,0x0000,0x0000,0x0000,0x0000,0x0000,0x0000,0x0000,0x0000,0x0000,0x0000,0x0000,0x0000,0x0000,
   0x0000,0x0000,0x0000,0x0000,0x0000,0x0000,0x0000,0x0000,0x0000,0x0000,0x0000,0x0000,0x0000,0x0000,0x0000,0x0000,
   0x0000,0x0000,0x0000,0x0000,0x0000,0x0000,0x0000,0x0000,0x0000,0x0000,0x0000,0x0000,0x0000,0x0000,0x0000,0x0000,
   0x0000,0x0000,0x0000,0x0000,0x0000,0x0000,0x0000,0x0000,0x0000,0x0000,0x0000,0x0000,0x0000,0x0000,0x0000,0x0000,
   0x0000,0x0000,0x0000,0x0000,0x0000,0x0000,0x0000,0x0000,0x0000,0x0000,0x0000,0x0000,0x0000,0x0000,0x0000,0x0000,
   0x0000,0x0000,0x0000,0x0000,0x0000,0x0000,0x0000,0x0000,0x0000,0x0000,0x0000,0x0000,0x0000,0x0000,0x0000,0x0000,
   0x0000,0x0000,0x0000,0x0000,0x0000,0x0000,0x0000,0x0000,0x0000,0x0000,0x0000,0x0000,0x0000,0x0000,0x0000,0x0000,
   0x0000,0x0000,0x0000,0x0000,0x0000,0x0000,0x0000,0x0000,0x0000,0x0000,0x0000,0x0000,0x0000,0x0000,0x0000,0x0000,
   0x0000,0x0000,0x0000,0x0000,0x0000,0x0000,0x0000,0x0000,0x0000,0x0000,0x0000,0x0000,0x0000,0x0000,0x0000,0x0000,
   0x0000,0x0000,0x0000,0x0000,0x0000,0x0000,0x0000,0x0000,0x0000,0x0000,0x0000,0x0000,0x0000,0x0000,0x0000,0x0000,
   0x0000,0x0000,0x0000,0x0000,0x0000,0x0000,0x0000,0x0000,0x0000,0x0000,0x0000,0x0000,0x0000,0x0000,0x0000,0x0000,
   0x0000,0x0000,0x0000,0x0000,0x0000,0x0000,0x0000,0x0000,0x0000,0x0000,0x0000,0x0000,0x0000,0x0000,0x0000,0x0000,
   0x0000,0x0000,0x0000,0x0000,0x0000,0x0000,0x0000,0x0000,0x0000,0x0000,0x0000,0x0000,0x0000,0x0000,0x0000,0x0000,
   0x0000,0x0000,0x0000,0x0000,0x0000,0x0000,0x0000,0x0000,0x1062,0x6AAF,0xCCBC,0xE4BF,0xC39C,0xBB3B,0xAB3A,0x7A53,
   0x30EA,0x0005,0x0004,0x0004,0x1887,0x69F1,0xB339,0xCB7C,0xD3BD,0xF4BF,0xFD7F,0xA3D4,0x3126,0x0000,0x0000,0x0000,
   0x0000,0x0000,0x0000,0x0000,0x0000,0x0000,0x0000,0x0000,0x0000,0x0000,0x0000,0x0000,0x0000,0x0000,0x0000,0x0000,
   0x0000,0x0000,0x0000,0x0000,0x0000,0x0000,0x0000,0x0000,0x0000,0x0000,0x0000,0x0000,0x0000,0x0000,0x0000,0x0000,
   0x0000,0x0000,0x0000,0x0000,0x0000,0x0000,0x0000,0x0000,0x0000,0x0000,0x0000,0x0000,0x0000,0x0000,0x0000,0x0000,
   0x0000,0x0000,0x0000,0x0000,0x0000,0x0000,0x0000,0x0000,0x0000,0x0000,0x0000,0x0000,0x0000,0x0000,0x0000,0x0000,
   0x0000,0x0000,0x0000,0x0000,0x0000,0x0000,0x0000,0x0000,0x0000,0x0000,0x0000,0x0000,0x0000,0x0000,0x0000,0x0000,
   0x0000,0x0000,0x0000,0x0000,0x0000,0x0000,0x0000,0x0000,0x0000,0x0000,0x0000,0x0000,0x0000,0x0000,0x0000,0x0000,
   0x0000,0x0000,0x0000,0x0000,0x0000,0x0000,0x0000,0x0000,0x0000,0x0000,0x0000,0x0000,0x0000,0x0000,0x0000,0x0000,
   0x0000,0x0000,0x0000,0x0000,0x0000,0x0000,0x0000,0x0000,0x0000,0x0000,0x0000,0x0000,0x0000,0x0000,0x0000,0x0000,
   0x0000,0x0000,0x0000,0x0000,0x0000,0x0000,0x0000,0x0000,0x0000,0x0000,0x0000,0x0000,0x0000,0x0000,0x0000,0x0000,
   0x0000,0x0000,0x0000,0x0000,0x0000,0x0000,0x0000,0x0000,0x0000,0x0000,0x0000,0x0000,0x0000,0x0000,0x0000,0x0000,
   0x0000,0x0000,0x0000,0x0000,0x0000,0x0000,0x0000,0x0000,0x0000,0x0000,0x0000,0x0000,0x0000,0x0000,0x0000,0x0000,
   0x0000,0x0000,0x0000,0x0000,0x0000,0x0000,0x0000,0x0000,0x0000,0x0000,0x0000,0x0000,0x0000,0x0000,0x0000,0x0000,
   0x0000,0x0000,0x0000,0x0000,0x0000,0x0000,0x0000,0x0000,0x0000,0x0000,0x0000,0x0000,0x0000,0x0000,0x0000,0x0000,
   0x0000,0x0000,0x0000,0x0000,0x0000,0x0000,0x0000,0x0000,0x0000,0x0000,0x0000,0x0000,0x0000,0x0000,0x0000,0x0000,
   0x0000,0x0000,0x0000,0x0000,0x0000,0x0000,0x0000,0x0000,0x0000,0x0000,0x0000,0x0000,0x0000,0x0000,0x0000,0x0000,
   0x0000,0x0000,0x20E5,0x8B32,0xE4DE,0xDC5F,0xC37C,0xBB3A,0xAB39,0x6A32,0x290A,0x51AF,0xA317,0xCB7C,0xD39D,0xEC7F,
   0xFD7F,0xC478,0x51EA,0x0000,0x0000,0x0000,0x0000,0x0000,0x0000,0x0000,0x0000,0x0000,0x0000,0x0000,0x0000,0x0000,
   0x0000,0x0000,0x0000,0x0000,0x0000,0x0000,0x0000,0x0000,0x0000,0x0000,0x0000,0x0000,0x0000,0x0000,0x0000,0x0000,
   0x0000,0x0000,0x0000,0x0000,0x0000,0x0000,0x0000,0x0000,0x0000,0x0000,0x0000,0x0000,0x0000,0x0000,0x0000,0x0000,
   0x0000,0x0000,0x0000,0x0000,0x0000,0x0000,0x0000,0x0000,0x0000,0x0000,0x0000,0x0000,0x0000,0x0000,0x0000,0x0000,
   0x0000,0x0000,0x0000,0x0000,0x0000,0x0000,0x0000,0x0000,0x0000,0x0000,0x0000,0x0000,0x0000,0x0000,0x0000,0x0000,
   0x0000,0x0000,0x0000,0x0000,0x0000,0x0000,0x0000,0x0000,0x0000,0x0000,0x0000,0x0000,0x0000,0x0000,0x0000,0x0000,
   0x0000,0x0000,0x0000,0x0000,0x0000,0x0000,0x0000,0x0000,0x0000,0x0000,0x0000,0x0000,0x0000,0x0000,0x0000,0x0000,
   0x0000,0x0000,0x0000,0x0000,0x0000,0x0000,0x0000,0x0000,0x0000,0x0000,0x0000,0x0000,0x0000,0x0000,0x0000,0x0000,
   0x0000,0x0000,0x0000,0x0000,0x0000,0x0000,0x0000,0x0000,0x0000,0x0000,0x0000,0x0000,0x0000,0x0000,0x0000,0x0000,
   0x0000,0x0000,0x0000,0x0000,0x0000,0x0000,0x0000,0x0000,0x0000,0x0000,0x0000,0x0000,0x0000,0x0000,0x0000,0x0000,
   0x0000,0x0000,0x0000,0x0000,0x0000,0x0000,0x0000,0x0000,0x0000,0x0000,0x0000,0x0000,0x0000,0x0000,0x0000,0x0000,
   0x0000,0x0000,0x0000,0x0000,0x0000,0x0000,0x0000,0x0000,0x0000,0x0000,0x0000,0x0000,0x0000,0x0000,0x0000,0x0000,
   0x0000,0x0000,0x0000,0x0000,0x0000,0x0000,0x0000,0x0000,0x0000,0x0000,0x0000,0x0000,0x0000,0x0000,0x0000,0x0000,
   0x0000,0x0000,0x0000,0x0000,0x0000,0x0000,0x0000,0x0000,0x0000,0x0000,0x0000,0x0000,0x0000,0x0000,0x0000,0x0000,
   0x0000,0x0000,0x0000,0x0000,0x0000,0x0000,0x0000,0x0000,0x0000,0x0000,0x0000,0x0000,0x0000,0x0000,0x0000,0x0000,
   0x0000,0x0000,0x0000,0x0000,0x0000,0x0000,0x0000,0x0000,0x0000,0x0000,0x0000,0x0000,0x3968,0xABF6,0xECFF,0xDC3E,
   0xC35B,0xC39B,0xBBBB,0xCBBC,0xD3BD,0xE43E,0xFD5F,0xDD1B,0x6A8D,0x0841,0x0000,0x0000,0x0000,0x0000,0x0000,0x0000,
   0x0000,0x0000,0x0000,0x0000,0x0000,0x0000,0x0000,0x0000,0x0000,0x0000,0x0000,0x0000,0x0000,0x0000,0x0000,0x0000,
   0x0000,0x0000,0x0000,0x0000,0x0000,0x0000,0x0000,0x0000,0x0000,0x0000,0x0000,0x0000,0x0000,0x0000,0x0000,0x0000,
   0x0000,0x0000,0x0000,0x0000,0x0000,0x0000,0x0000,0x0000,0x0000,0x0000,0x0000,0x0000,0x0000,0x0000,0x0000,0x0000,
   0x0000,0x0000,0x0000,0x0000,0x0000,0x0000,0x0000,0x0000,0x0000,0x0000,0x0000,0x0000,0x0000,0x0000,0x0000,0x0000,
   0x0000,0x0000,0x0000,0x0000,0x0000,0x0000,0x0000,0x0000,0x0000,0x0000,0x0000,0x0000,0x0000,0x0000,0x0000,0x0000,
   0x0000,0x0000,0x0000,0x0000,0x0000,0x0000,0x0000,0x0000,0x0000,0x0000,0x0000,0x0000,0x0000,0x0000,0x0000,0x0000,
   0x0000,0x0000,0x0000,0x0000,0x0000,0x0000,0x0000,0x0000,0x0000,0x0000,0x0000,0x0000,0x0000,0x0000,0x0000,0x0000,
   0x0000,0x0000,0x0000,0x0000,0x0000,0x0000,0x0000,0x0000,0x0000,0x0000,0x0000,0x0000,0x0000,0x0000,0x0000,0x0000,
   0x0000,0x0000,0x0000,0x0000,0x0000,0x0000,0x0000,0x0000,0x0000,0x0000,0x0000,0x0000,0x0000,0x0000,0x0000,0x0000,
   0x0000,0x0000,0x0000,0x0000,0x0000,0x0000,0x0000,0x0000,0x0000,0x0000,0x0000,0x0000,0x0000,0x0000,0x0000,0x0000,
   0x0000,0x0000,0x0000,0x0000,0x0000,0x0000,0x0000,0x0000,0x0000,0x0000,0x0000,0x0000,0x0000,0x0000,0x0000,0x0000,
   0x0000,0x0000,0x0000,0x0000,0x0000,0x0000,0x0000,0x0000,0x0000,0x0000,0x0000,0x0000,0x0000,0x0000,0x0000,0x0000,
   0x0000,0x0000,0x0000,0x0000,0x0000,0x0000,0x0000,0x0000,0x0000,0x0000,0x0000,0x0000,0x0000,0x0000,0x0000,0x0000,
   0x0000,0x0000,0x0000,0x0000,0x0000,0x0000,0x0000,0x0000,0x0000,0x0000,0x0000,0x0000,0x0000,0x0000,0x0000,0x0000,
   0x0000,0x0000,0x0000,0x0000,0x0000,0x0000,0x0000,0x0000,0x0000,0x0000,0x0000,0x0000,0x0000,0x0000,0x0000,0x0000,
   0x0000,0x0000,0x0000,0x0000,0x0000,0x0020,0x520B,0xBC39,0xF4DF,0xE41E,0xDBFE,0xE43F,0xFD1F,0xED5E,0x8B51,0x18C4,
   0x0000,0x0000,0x0000,0x0000,0x0000,0x0000,0x0000,0x0000,0x0000,0x0000,0x0000,0x0000,0x0000,0x0000,0x0000,0x0000,
   0x0000,0x0000,0x0000,0x0000,0x0000,0x0000,0x0000,0x0000,0x0000,0x0000,0x0000,0x0000,0x0000,0x0000,0x0000,0x0000,
   0x0000,0x0000,0x0000,0x0000,0x0000,0x0000,0x0000,0x0000,0x0000,0x0000,0x0000,0x0000,0x0000,0x0000,0x0000,0x0000,
   0x0000,0x0000,0x0000,0x0000,0x0000,0x0000,0x0000,0x0000,0x0000,0x0000,0x0000,0x0000,0x0000,0x0000,0x0000,0x0000,
   0x0000,0x0000,0x0000,0x0000,0x0000,0x0000,0x0000,0x0000,0x0000,0x0000,0x0000,0x0000,0x0000,0x0000,0x0000,0x0000,
   0x0000,0x0000,0x0000,0x0000,0x0000,0x0000,0x0000,0x0000,0x0000,0x0000,0x0000,0x0000,0x0000,0x0000,0x0000,0x0000,
   0x0000,0x0000,0x0000,0x0000,0x0000,0x0000,0x0000,0x0000,0x0000,0x0000,0x0000,0x0000,0x0000,0x0000,0x0000,0x0000,
   0x0000,0x0000,0x0000,0x0000,0x0000,0x0000,0x0000,0x0000,0x0000,0x0000,0x0000,0x0000,0x0000,0x0000,0x0000,0x0000,
   0x0000,0x0000,0x0000,0x0000,0x0000,0x0000,0x0000,0x0000,0x0000,0x0000,0x0000,0x0000,0x0000,0x0000,0x0000,0x0000,
   0x0000,0x0000,0x0000,0x0000,0x0000,0x0000,0x0000,0x0000,0x0000,0x0000,0x0000,0x0000,0x0000,0x0000,0x0000,0x0000,
   0x0000,0x0000,0x0000,0x0000,0x0000,0x0000,0x0000,0x0000,0x0000,0x0000,0x0000,0x0000,0x0000,0x0000,0x0000,0x0000,
   0x0000,0x0000,0x0000,0x0000,0x0000,0x0000,0x0000,0x0000,0x0000,0x0000,0x0000,0x0000,0x0000,0x0000,0x0000,0x0000,
   0x0000,0x0000,0x0000,0x0000,0x0000,0x0000,0x0000,0x0000,0x0000,0x0000,0x0000,0x0000,0x0000,0x0000,0x0000,0x0000,
   0x0000,0x0000,0x0000,0x0000,0x0000,0x0000,0x0000,0x0000,0x0000,0x0000,0x0000,0x0000,0x0000,0x0000,0x0000,0x0000,
   0x0000,0x0000,0x0000,0x0000,0x0000,0x0000,0x0000,0x0000,0x0000,0x0000,0x0000,0x0000,0x0000,0x0000,0x0000,0x0000,
   0x0000,0x0000,0x0000,0x0000,0x0000,0x0000,0x0000,0x0000,0x0000,0x0000,0x0000,0x0000,0x0000,0x0000,0x0000,0x1062,
   0x728F,0xE4FC,0xFD7F,0xFD9F,0xABF5,0x3147,0x0000,0x0000,0x0000,0x0000,0x0000,0x0000,0x0000,0x0000,0x0000,0x0000,
   0x0000,0x0000,0x0000,0x0000,0x0000,0x0000,0x0000,0x0000,0x0000,0x0000,0x0000,0x0000,0x0000,0x0000,0x0000,0x0000,
   0x0000,0x0000,0x0000,0x0000,0x0000,0x0000,0x0000,0x0000,0x0000,0x0000,0x0000,0x0000,0x0000,0x0000,0x0000,0x0000,
   0x0000,0x0000,0x0000,0x0000,0x0000,0x0000,0x0000,0x0000,0x0000,0x0000,0x0000,0x0000,0x0000,0x0000,0x0000,0x0000,
   0x0000,0x0000,0x0000,0x0000,0x0000,0x0000,0x0000,0x0000,0x0000,0x0000,0x0000,0x0000,0x0000,0x0000,0x0000,0x0000,
   0x0000,0x0000,0x0000,0x0000,0x0000,0x0000,0x0000,0x0000,0x0000,0x0000,0x0000,0x0000,0x0000,0x0000,0x0000,0x0000,
   0x0000,0x0000,0x0000,0x0000,0x0000,0x0000,0x0000,0x0000,0x0000,0x0000,0x0000,0x0000,0x0000,0x0000,0x0000,0x0000,
   0x0000,0x0000,0x0000,0x0000,0x0000,0x0000,0x0000,0x0000,0x0000,0x0000,0x0000,0x0000,0x0000,0x0000,0x0000,0x0000,
   0x0000,0x0000,0x0000,0x0000,0x0000,0x0000,0x0000,0x0000,0x0000,0x0000,0x0000,0x0000,0x0000,0x0000,0x0000,0x0000,
   0x0000,0x0000,0x0000,0x0000,0x0000,0x0000,0x0000,0x0000,0x0000,0x0000,0x0000,0x0000,0x0000,0x0000,0x0000,0x0000,
   0x0000,0x0000,0x0000,0x0000,0x0000,0x0000,0x0000,0x0000,0x0000,0x0000,0x0000,0x0000,0x0000,0x0000,0x0000,0x0000,
   0x0000,0x0000,0x0000,0x0000,0x0000,0x0000,0x0000,0x0000,0x0000,0x0000,0x0000,0x0000,0x0000,0x0000,0x0000,0x0000,
   0x0000,0x0000,0x0000,0x0000,0x0000,0x0000,0x0000,0x0000,0x0000,0x0000,0x0000,0x0000,0x0000,0x0000,0x0000,0x0000,
   0x0000,0x0000,0x0000,0x0000,0x0000,0x0000,0x0000,0x0000,0x0000,0x0000,0x0000,0x0000,0x0000,0x0000,0x0000,0x0000,
   0x0000,0x0000,0x0000,0x0000,0x0000,0x0000,0x0000,0x0000,0x0000,0x0000,0x0000,0x0000,0x0000,0x0000,0x0000,0x0000,
   0x0000,0x0000,0x0000,0x0000,0x0000,0x0000,0x0000,0x0000,0x0000,0x0000,0x0000,0x0000,0x0000,0x0000,0x0000,0x0000,
   0x0000,0x0000,0x0000,0x0000,0x0000,0x0000,0x0000,0x0000,0x0000,0x2905,0x8B73,0x522B,0x0000,0x0000,0x0000,0x0000,
   0x0000,0x0000,0x0000,0x0000,0x0000,0x0000,0x0000,0x0000,0x0000,0x0000,0x0000,0x0000,0x0000,0x0000,0x0000,0x0000,
   0x0000,0x0000,0x0000,0x0000,0x0000,0x0000,0x0000,0x0000,0x0000,0x0000,0x0000,0x0000,0x0000,0x0000,0x0000,0x0000,
   0x0000,0x0000,0x0000,0x0000,0x0000,0x0000,0x0000,0x0000,0x0000,0x0000,0x0000,0x0000,0x0000,0x0000,0x0000,0x0000,
   0x0000,0x0000,0x0000,0x0000,0x0000,0x0000,0x0000,0x0000,0x0000,0x0000,0x0000,0x0000,0x0000,0x0000,0x0000,0x0000,
   0x0000,0x0000,0x0000,0x0000,0x0000,0x0000,0x0000,0x0000,0x0000,0x0000,0x0000,0x0000,0x0000,0x0000,0x0000,0x0000,
   0x0000,0x0000,0x0000,0x0000,0x0000,0x0000,0x0000,0x0000,0x0000,0x0000,0x0000,0x0000,0x0000,0x0000,0x0000,0x0000,
   0x0000,0x0000,0x0000,0x0000,0x0000,0x0000,0x0000,0x0000,0x0000,0x0000,0x0000,0x0000,0x0000,0x0000,0x0000,0x0000,
   0x0000,0x0000,0x0000,0x0000,0x0000,0x0000,0x0000,0x0000,0x0000,0x0000,0x0000,0x0000,0x0000,0x0000,0x0000,0x0000,
   0x0000,0x0000,0x0000,0x0000,0x0000,0x0000,0x0000,0x0000,0x0000,0x0000,0x0000,0x0000,0x0000,0x0000,0x0000,0x0000,
   0x0000,0x0000,0x0000,0x0000,0x0000,0x0000,0x0000,0x0000,0x0000,0x0000,0x0000,0x0000,0x0000,0x0000,0x0000,0x0000,
   0x0000,0x0000,0x0000,0x0000,0x0000,0x0000,0x0000,0x0000,0x0000,0x0000,0x0000,0x0000,0x0000,0x0000,0x0000,0x0000,
   0x0000,0x0000,0x0000,0x0000,0x0000,0x0000,0x0000,0x0000,0x0000,0x0000,0x0000,0x0000,0x0000,0x0000,0x0000,0x0000,
   0x0000,0x0000,0x0000,0x0000,0x0000,0x0000,0x0000,0x0000,0x0000,0x0000,0x0000,0x0000,0x0000,0x0000,0x0000,0x0000,
   0x0000,0x0000,0x0000,0x0000,0x0000,0x0000,0x0000,0x0000,0x0000,0x0000,0x0000,0x0000,0x0000,0x0000,0x0000,0x0000,
   0x0000,0x0000,0x0000,0x0000,0x0000,0x0000,0x0000,0x0000,0x0000,0x0000,0x0000,0x0000,0x0000,0x0000,0x0000,0x0000,
   0x0000,0x0000,0x0000,0x0000,0x0000,0x0000,0x0000,0x0000,0x0000,0x0000,0x0000,0x0000,0x0000,0x0000,0x0000,0x0000,
   0x0000,0x0000,0x0000,0x0000,0x0000,0x0000,0x0000,0x0000,0x0000,0x0000,0x0000,0x0000,0x0000,0x0000,0x0000,0x0000,
   0x0000,0x0000,0x0000,0x0000,0x0000,0x0000,0x0000,0x0000,0x0000,0x0000,0x0000,0x0000,0x0000,0x0000,0x0000,0x0000,
   0x0000,0x0000,0x0000,0x0000,0x0000,0x0000,0x0000,0x0000,0x0000,0x0000,0x0000,0x0000,0x0000,0x0000,0x0000,0x0000,
   0x0000,0x0000,0x0000,0x0000,0x0000,0x0000,0x0000,0x0000,0x0000,0x0000,0x0000,0x0000,0x0000,0x0000,0x0000,0x0000,
   0x0000,0x0000,0x0000,0x0000,0x0000,0x0000,0x0000,0x0000,0x0000,0x0000,0x0000,0x0000,0x0000,0x0000,0x0000,0x0000,
   0x0000,0x0000,0x0000,0x0000,0x0000,0x0000,0x0000,0x0000,0x0000,0x0000,0x0000,0x0000,0x0000,0x0000,0x0000,0x0000,
   0x0000,0x0000,0x0000,0x0000,0x0000,0x0000,0x0000,0x0000,0x0000,0x0000,0x0000,0x0000,0x0000,0x0000,0x0000,0x0000,
   0x0000,0x0000,0x0000,0x0000,0x0000,0x0000,0x0000,0x0000,0x0000,0x0000,0x0000,0x0000,0x0000,0x0000,0x0000,0x0000,
   0x0000,0x0000,0x0000,0x0000,0x0000,0x0000,0x0000,0x0000,0x0000,0x0000,0x0000,0x0000,0x0000,0x0000,0x0000,0x0000,
   0x0000,0x0000,0x0000,0x0000,0x0000,0x0000,0x0000,0x0000,0x0000,0x0000,0x0000,0x0000,0x0000,0x0000,0x0000,0x0000,
   0x0000,0x0000,0x0000,0x0000,0x0000,0x0000,0x0000,0x0000,0x0000,0x0000,0x0000,0x0000,0x0000,0x0000,0x0000,0x0000,
   0x0000,0x0000,0x0000,0x0000,0x0000,0x0000,0x0000,0x0000,0x0000,0x0000,0x0000,0x0000,0x0000,0x0000,0x0000,0x0000,
   0x0000,0x0000,0x0000,0x0000,0x0000,0x0000,0x0000,0x0000,0x0000,0x0000,0x0000,0x0000,0x0000,0x0000,0x0000,0x0000,
   0x0000,0x0000,0x0000,0x0000,0x0000,0x0000,0x0000,0x0000,0x0000,0x0000,0x0000,0x0000,0x0000,0x0000,0x0000,0x0000,
   0x0000,0x0000,0x0000,0x0000,0x0000,0x0000,0x0000,0x0000,0x0000,0x0000,0x0000,0x0000,0x0000,0x0000,0x0000,0x0000,
   0x0000,0x0000,0x0000,0x0000,0x0000,0x0000,0x0000,0x0000,0x0000,0x0000,0x0000,0x0000,0x0000,0x0000,0x0000,0x0000,
   0x0000,0x0000,0x0000,0x0000,0x0000,0x0000,0x0000,0x0000,0x0000,0x0000,0x0000,0x0000,0x0000,0x0000,0x0000,0x0000,
   0x0000,0x0000,0x0000,0x0000,0x0000,0x0000,0x0000,0x0000,0x0000,0x0000,0x0000,0x0000,0x0000,0x0000,0x0000,0x0000,
   0x0000,0x0000,0x0000,0x0000,0x0000,0x0000,0x0000,0x0000,0x0000,0x0000,0x0000,0x0000,0x0000,0x0000,0x0000,0x0000,
   0x0000,0x0000,0x0000,0x0000,0x0000,0x0000,0x0000,0x0000,0x0000,0x0000,0x0000,0x0000,0x0000,0x0000,0x0000,0x0000,
   0x0000,0x0000,0x0000,0x0000,0x0000,0x0000,0x0000,0x0000,0x0000,0x0000,0x0000,0x0000,0x0000,0x0000,0x0000,0x0000,
   0x0000,0x0000,0x0000,0x0000,0x0000,0x0000,0x0000,0x0000,0x0000,0x0000,0x0000,0x0000,0x0000,0x0000,0x0000,0x0000,
   0x0000,0x0000,0x0000,0x0000,0x0000,0x0000,0x0000,0x0000,0x0000,0x0000,0x0000,0x0000,0x0000,0x0000,0x0000,0x0000,
   0x0000,0x0000,0x0000,0x0000,0x0000,0x0000,0x0000,0x0000,0x0000,0x0000,0x0000,0x0000,0x0000,0x0000,0x0000,0x0000,
   0x0000,0x0000,0x0000,0x0000,0x0000,0x0000,0x0000,0x0000,0x0000,0x0000,0x0000,0x0000,0x0000,0x0000,0x0000,0x0000,
};

static const unsigned char credits_logo_alpha[CREDITS_LOGO_W * CREDITS_LOGO_H] = {
   0,0,0,0,0,0,0,0,0,0,0,0,0,0,0,0,0,0,0,0,0,0,0,0,0,0,0,0,0,0,0,0,
   0,0,0,0,0,0,0,0,0,0,0,0,0,0,0,0,0,0,0,0,0,0,0,0,0,0,0,0,0,0,0,0,
   0,0,0,0,0,0,0,0,0,0,0,0,0,0,0,0,0,0,0,0,0,0,0,0,0,0,0,0,0,0,0,0,
   0,0,0,0,0,0,0,0,0,0,0,0,0,0,0,0,0,0,0,0,0,0,0,0,0,1,3,7,11,19,29,40,
   50,57,56,49,38,27,17,11,6,2,1,0,0,0,0,0,0,0,0,0,0,0,0,0,0,0,0,0,0,0,0,0,
   0,0,0,0,0,0,0,0,0,0,0,0,0,0,0,0,0,0,0,0,0,0,0,0,0,0,0,0,0,0,0,0,
   0,0,0,0,0,0,0,0,0,0,0,0,0,0,0,0,0,0,0,0,0,0,0,0,0,0,0,0,0,0,0,0,
   0,0,0,0,0,0,0,0,0,0,0,0,0,0,0,0,0,0,0,0,0,0,0,0,0,0,0,0,0,0,0,0,
   0,0,0,0,0,0,0,0,0,0,0,0,0,0,0,0,0,0,0,0,0,0,0,0,0,0,0,0,0,0,0,0,
   0,0,0,0,0,0,0,0,0,0,0,0,0,0,0,0,0,0,0,0,0,0,0,0,0,0,0,0,0,0,0,0,
   0,0,0,0,0,0,0,0,0,0,0,0,0,0,0,0,0,0,0,0,0,0,0,0,0,0,0,0,0,0,0,0,
   0,0,0,0,0,0,0,0,0,0,0,0,0,0,0,0,0,0,0,0,0,0,0,0,0,0,0,0,0,0,0,1,
   3,8,14,23,33,47,63,78,90,94,90,82,71,57,44,31,21,12,7,3,1,0,0,0,0,0,0,0,0,0,0,0,
   0,0,0,0,0,0,0,0,0,0,0,0,0,0,0,0,0,0,0,0,0,0,0,0,0,0,0,0,0,0,0,0,
   0,0,0,0,0,0,0,0,0,0,0,0,0,0,0,0,0,0,0,0,0,0,0,0,0,0,0,0,0,0,0,0,
   0,0,0,0,0,0,0,0,0,0,0,0,0,0,0,0,0,0,0,0,0,0,0,0,0,0,0,0,0,0,0,0,
   0,0,0,0,0,0,0,0,0,0,0,0,0,0,0,0,0,0,0,0,0,0,0,0,0,0,0,0,0,0,0,0,
   0,0,0,0,0,0,0,0,0,0,0,0,0,0,0,0,0,0,0,0,0,0,0,0,0,0,0,0,0,0,0,0,
   0,0,0,0,0,0,0,0,0,0,0,0,0,0,0,0,0,0,0,0,0,0,0,0,0,0,0,0,0,0,0,0,
   0,0,0,0,0,0,0,0,0,0,0,0,0,0,0,0,0,0,0,0,0,0,0,0,0,0,0,0,0,0,0,0,
   0,0,0,0,1,3,6,11,18,28,40,55,72,88,102,120,140,175,195,177,130,98,79,64,52,38,25,17,9,4,2,0,
   0,0,0,0,0,0,0,0,0,0,0,0,0,0,0,0,0,0,0,0,0,0,0,0,0,0,0,0,0,0,0,0,
   0,0,0,0,0,0,0,0,0,0,0,0,0,0,0,0,0,0,0,0,0,0,0,0,0,0,0,0,0,0,0,0,
   0,0,0,0,0,0,0,0,0,0,0,0,0,0,0,0,0,0,0,0,0,0,0,0,0,0,0,0,0,0,0,0,
   0,0,0,0,0,0,0,0,0,0,0,0,0,0,0,0,0,0,0,0,0,0,0,0,0,0,0,0,0,0,0,0,
   0,0,0,0,0,0,0,0,0,0,0,0,0,0,0,0,0,0,0,0,0,0,0,0,0,0,0,0,0,0,0,0,
   0,0,0,0,0,0,0,0,0,0,0,0,0,0,0,0,0,0,0,0,0,0,0,0,0,0,0,0,0,0,0,0,
   0,0,0,0,0,0,0,0,0,0,0,0,0,0,0,0,0,0,0,0,0,0,0,0,0,0,0,0,0,0,0,0,
   0,0,0,0,0,0,0,0,0,0,1,3,8,14,22,33,46,62,79,94,106,130,159,205,239,251,255,254,241,208,149,112,
   83,69,58,43,30,19,12,6,3,1,0,0,0,0,0,0,0,0,0,0,0,0,0,0,0,0,0,0,0,0,0,0,
   0,0,0,0,0,0,0,0,0,0,0,0,0,0,0,0,0,0,0,0,0,0,0,0,0,0,0,0,0,0,0,0,
   0,0,0,0,0,0,0,0,0,0,0,0,0,0,0,0,0,0,0,0,0,0,0,0,0,0,0,0,0,0,0,0,
   0,0,0,0,0,0,0,0,0,0,0,0,0,0,0,0,0,0,0,0,0,0,0,0,0,0,0,0,0,0,0,0,
   0,0,0,0,0,0,0,0,0,0,0,0,0,0,0,0,0,0,0,0,0,0,0,0,0,0,0,0,0,0,0,0,
   0,0,0,0,0,0,0,0,0,0,0,0,0,0,0,0,0,0,0,0,0,0,0,0,0,0,0,0,0,0,0,0,
   0,0,0,0,0,0,0,0,0,0,0,0,0,0,0,0,0,0,0,0,0,0,0,0,0,0,0,0,0,0,0,0,
   0,0,0,0,0,0,0,0,0,0,0,0,0,0,0,1,3,6,10,17,27,39,54,69,86,102,114,144,182,215,250,255,
   255,255,254,255,255,255,254,220,176,133,91,76,63,49,36,23,15,9,5,2,0,0,0,0,0,0,0,0,0,0,0,0,
   0,0,0,0,0,0,0,0,0,0,0,0,0,0,0,0,0,0,0,0,0,0,0,0,0,0,0,0,0,0,0,0,
   0,0,0,0,0,0,0,0,0,0,0,0,0,0,0,0,0,0,0,0,0,0,0,0,0,0,0,0,0,0,0,0,
   0,0,0,0,0,0,0,0,0,0,0,0,0,0,0,0,0,0,0,0,0,0,0,0,0,0,0,0,0,0,0,0,
   0,0,0,0,0,0,0,0,0,0,0,0,0,0,0,0,0,0,0,0,0,0,0,0,0,0,0,0,0,0,0,0,
   0,0,0,0,0,0,0,0,0,0,0,0,0,0,0,0,0,0,0,0,0,0,0,0,0,0,0,0,0,0,0,0,
   0,0,0,0,0,0,0,0,0,0,0,0,0,0,0,0,0,0,0,0,0,0,0,0,0,0,0,0,0,0,0,0,
   0,0,0,0,0,0,0,0,0,0,0,0,0,0,0,0,0,0,0,0,0,1,4,8,14,22,32,45,61,78,92,109,
   127,154,201,233,255,255,255,254,254,255,255,255,254,254,255,255,255,238,199,146,105,85,68,56,42,29,19,12,6,3,1,0,
   0,0,0,0,0,0,0,0,0,0,0,0,0,0,0,0,0,0,0,0,0,0,0,0,0,0,0,0,0,0,0,0,
   0,0,0,0,0,0,0,0,0,0,0,0,0,0,0,0,0,0,0,0,0,0,0,0,0,0,0,0,0,0,0,0,
   0,0,0,0,0,0,0,0,0,0,0,0,0,0,0,0,0,0,0,0,0,0,0,0,0,0,0,0,0,0,0,0,
   0,0,0,0,0,0,0,0,0,0,0,0,0,0,0,0,0,0,0,0,0,0,0,0,0,0,0,0,0,0,0,0,
   0,0,0,0,0,0,0,0,0,0,0,0,0,0,0,0,0,0,0,0,0,0,0,0,0,0,0,0,0,0,0,0,
   0,0,0,0,0,0,0,0,0,0,0,0,0,0,0,0,0,0,0,0,0,0,0,0,0,0,0,0,0,0,0,0,
   0,0,0,0,0,0,0,0,0,0,0,0,0,0,0,0,0,0,0,0,0,0,0,0,0,0,1,2,5,10,17,26,
   38,52,69,86,99,114,141,175,225,243,255,255,254,254,255,255,255,255,255,255,255,255,255,254,253,255,255,245,226,170,124,91,
   73,64,49,34,24,15,8,4,2,1,0,0,0,0,0,0,0,0,0,0,0,0,0,0,0,0,0,0,0,0,0,0,
   0,0,0,0,0,0,0,0,0,0,0,0,0,0,0,0,0,0,0,0,0,0,0,0,0,0,0,0,0,0,0,0,
   0,0,0,0,0,0,0,0,0,0,0,0,0,0,0,0,0,0,0,0,0,0,0,0,0,0,0,0,0,0,0,0,
   0,0,0,0,0,0,0,0,0,0,0,0,0,0,0,0,0,0,0,0,0,0,0,0,0,0,0,0,0,0,0,0,
   0,0,0,0,0,0,0,0,0,0,0,0,0,0,0,0,0,0,0,0,0,0,0,0,0,0,0,0,0,0,0,0,
   0,0,0,0,0,0,0,0,0,0,0,0,0,0,0,0,0,0,0,0,0,0,0,0,0,0,0,0,0,0,0,0,
   0,0,0,0,0,0,0,0,0,0,0,0,0,0,0,0,0,0,0,0,0,0,0,0,0,0,0,0,0,0,0,0,
   1,3,7,13,21,31,44,60,76,93,106,122,155,191,234,255,255,255,254,254,255,255,255,255,255,255,255,255,255,255,255,255,
   255,254,253,255,255,255,238,186,143,102,81,70,55,42,29,19,11,6,2,0,0,0,0,0,0,0,0,0,0,0,0,0,
   0,0,0,0,0,0,0,0,0,0,0,0,0,0,0,0,0,0,0,0,0,0,0,0,0,0,0,0,0,0,0,0,
   0,0,0,0,0,0,0,0,0,0,0,0,0,0,0,0,0,0,0,0,0,0,0,0,0,0,0,0,0,0,0,0,
   0,0,0,0,0,0,0,0,0,0,0,0,0,0,0,0,0,0,0,0,0,0,0,0,0,0,0,0,0,0,0,0,
   0,0,0,0,0,0,0,0,0,0,0,0,0,0,0,0,0,0,0,0,0,0,0,1,1,1,1,1,1,1,1,1,
   1,1,1,1,1,1,1,1,1,1,1,1,1,1,1,1,1,1,1,1,1,1,1,1,1,1,0,1,1,1,1,1,
   1,1,1,1,1,1,2,2,2,2,2,2,2,2,2,2,2,2,2,2,2,2,2,2,2,2,2,2,2,1,1,2,
   2,2,2,2,2,3,4,6,10,16,25,37,51,68,83,98,116,133,175,214,240,255,255,255,254,254,255,255,255,255,255,255,
   255,255,255,255,255,255,255,255,255,255,255,254,254,255,255,255,244,211,170,115,92,74,61,48,34,22,15,8,5,3,2,2,
   2,1,2,2,2,2,2,2,2,2,2,2,2,2,2,2,2,2,2,2,1,1,1,1,1,1,1,1,1,1,1,1,
   1,1,1,1,1,1,1,1,0,0,0,0,0,0,1,1,1,1,1,1,1,1,1,1,1,1,1,1,1,1,1,1,
   1,1,1,1,1,1,0,0,0,0,0,0,0,0,0,0,0,0,0,0,0,0,0,0,0,0,0,0,0,0,0,0,
   0,0,0,0,0,0,0,0,2,3,6,7,8,8,9,9,9,9,9,9,9,9,9,9,10,10,10,10,10,10,10,10,
   11,11,11,11,11,11,11,11,11,11,11,11,11,11,11,11,11,11,11,11,11,11,11,11,11,11,11,11,11,12,11,11,
   11,12,12,12,13,12,12,12,13,13,13,13,13,13,14,14,13,14,14,14,14,14,14,15,15,15,15,15,15,15,15,15,
   15,15,15,15,15,16,15,16,17,16,16,16,16,17,19,23,32,43,58,74,91,103,125,152,190,231,251,255,255,254,254,255,
   255,255,255,255,255,255,255,255,255,255,255,255,255,255,255,255,255,255,255,255,255,255,254,253,255,255,254,232,188,139,106,78,
   66,54,41,29,21,18,16,16,16,15,15,15,15,15,15,15,15,15,15,15,15,15,14,14,14,14,14,14,13,13,13,13,
   13,13,13,12,12,12,12,12,12,12,12,12,12,12,13,12,12,12,12,12,12,12,11,11,11,11,11,11,11,11,11,11,
   11,11,11,11,11,11,11,11,11,11,11,11,11,10,10,10,10,10,10,10,10,10,10,9,9,9,9,9,9,9,9,9,
   8,8,8,8,8,8,8,8,8,8,7,6,5,2,1,0,6,12,20,25,30,31,31,31,31,32,32,32,33,33,33,34,
   34,34,34,34,34,35,35,35,35,36,36,36,36,36,36,36,36,36,36,36,36,36,36,36,36,36,36,36,36,36,36,36,
   36,36,36,36,36,37,37,37,37,37,37,38,38,38,39,39,39,39,40,40,40,40,40,40,41,41,41,41,42,42,42,42,
   41,42,43,43,43,43,44,44,44,44,44,44,45,45,45,45,45,45,45,45,45,47,49,57,68,83,98,110,135,170,208,247,
   255,255,255,254,254,255,255,255,255,255,255,255,255,255,255,255,255,255,255,255,255,255,255,255,255,255,255,255,255,255,255,255,
   254,253,255,255,255,250,212,161,118,86,74,64,54,48,46,45,45,45,44,44,44,44,44,43,43,43,43,43,42,42,42,42,
   42,41,41,40,40,40,40,40,39,39,39,39,39,39,39,38,39,38,38,38,38,38,38,38,38,38,38,37,37,37,37,37,
   37,36,36,36,36,36,36,36,36,36,36,36,36,36,36,36,36,36,36,36,36,35,35,35,35,35,34,34,34,34,34,34,
   33,33,33,32,32,32,31,31,31,31,31,32,31,31,31,31,30,30,27,23,17,9,4,1,12,27,44,57,66,68,68,69,
   69,70,70,70,70,71,71,72,72,72,72,72,72,73,73,74,74,74,74,74,74,74,74,74,74,74,74,74,74,74,74,74,
   74,74,74,74,74,74,75,75,75,75,75,75,75,75,75,75,75,75,75,76,77,78,78,78,78,78,79,79,79,79,79,80,
   80,80,80,80,81,81,81,81,81,81,82,82,82,82,82,83,83,83,83,84,83,83,84,84,84,84,84,84,85,87,90,97,
   109,122,147,194,223,252,255,255,255,254,255,255,255,255,255,255,255,255,255,255,255,255,255,255,255,255,255,255,255,255,255,255,
   255,255,255,255,255,255,255,255,255,255,255,254,254,255,255,255,225,192,137,103,94,88,86,84,84,83,83,83,83,82,83,82,
   82,82,82,82,81,81,81,81,81,80,80,80,79,79,79,79,78,78,78,78,77,77,78,78,78,78,77,77,77,77,76,76,
   76,76,76,75,75,75,75,75,75,75,75,74,74,74,74,74,74,74,74,74,74,74,74,74,74,74,74,74,73,74,73,72,
   73,73,72,72,72,72,72,72,71,70,70,70,70,69,69,69,68,68,68,68,67,68,68,67,67,66,61,51,37,23,10,2,
   21,36,58,85,102,109,111,112,112,112,112,113,113,114,114,115,116,116,116,117,117,117,118,118,119,120,120,120,119,120,120,120,
   120,120,120,120,120,120,120,120,120,120,120,120,120,120,121,121,121,121,121,121,121,121,121,121,121,121,121,123,124,125,126,126,
   127,127,127,128,128,128,128,128,129,129,129,130,131,131,131,132,132,132,133,134,133,133,134,134,135,135,135,135,136,136,136,136,
   137,137,137,138,138,140,142,148,164,209,240,255,255,255,254,254,255,255,255,255,255,255,255,255,255,255,255,255,255,255,255,255,
   255,255,255,255,255,255,255,255,255,255,255,255,255,255,255,255,255,255,255,255,255,255,254,254,255,255,242,211,162,141,138,137,
   136,136,136,135,135,135,134,134,133,134,133,134,132,132,132,132,131,130,130,129,128,128,127,127,127,127,127,127,126,126,126,126,
   125,125,125,125,125,124,124,123,123,123,122,122,121,121,121,121,121,121,120,120,120,120,120,120,120,120,120,120,120,120,119,120,
   120,120,120,120,119,118,118,118,118,118,117,117,117,116,116,115,114,115,113,113,112,112,112,112,111,110,110,109,109,109,109,108,
   108,105,94,74,45,14,3,4,17,66,146,172,184,192,194,194,194,195,195,196,197,197,198,199,200,200,201,202,202,203,203,203,
   205,205,206,206,206,206,206,206,206,206,206,206,206,206,206,206,206,206,206,206,206,206,206,207,207,206,207,207,207,207,207,207,
   208,208,208,210,214,214,214,215,217,217,217,218,218,218,219,219,219,220,220,221,222,223,223,224,224,224,225,226,226,227,228,227,
   228,228,229,229,229,229,230,231,231,232,232,232,233,234,233,239,251,255,255,254,254,255,255,255,255,255,255,255,255,255,255,255,
   255,255,255,255,255,255,255,255,255,255,255,255,255,255,255,255,255,255,255,255,255,255,255,255,255,255,255,255,255,255,255,255,
   254,254,255,255,253,240,232,232,231,231,229,229,229,228,228,228,227,226,226,226,225,224,224,224,223,222,221,220,219,219,218,218,
   217,217,217,216,216,216,216,215,215,214,214,214,214,213,213,212,212,211,211,210,209,209,209,208,208,207,206,206,206,206,206,206,
   206,206,206,206,206,206,206,206,206,206,205,205,205,205,205,204,203,203,203,203,202,202,201,199,199,199,197,196,196,195,195,195,
   194,193,193,193,191,191,191,191,190,187,178,163,142,118,46,0,48,201,255,255,255,255,255,255,255,255,255,255,255,255,255,255,
   255,255,255,255,255,255,255,255,255,255,255,255,255,255,255,255,255,255,255,255,255,255,255,255,255,255,255,255,255,255,255,255,
   255,255,255,255,255,255,255,255,255,255,255,255,255,255,255,255,255,255,255,255,255,255,255,255,255,255,255,255,255,255,255,255,
   255,255,255,255,255,255,255,255,255,255,255,255,255,255,255,255,255,255,255,255,255,255,255,255,255,254,254,255,255,255,255,255,
   255,255,255,255,255,255,255,255,255,255,255,255,255,255,255,255,255,255,255,255,255,255,255,255,255,255,255,255,255,255,255,255,
   255,255,255,255,255,255,255,255,255,255,254,254,255,255,255,255,255,255,255,255,255,255,255,255,255,255,255,255,255,255,255,255,
   255,255,255,255,255,255,255,255,255,255,255,255,255,255,255,255,255,255,255,255,255,255,255,255,255,255,255,255,255,255,255,255,
   255,255,255,255,255,255,255,255,255,255,255,255,255,255,255,255,255,255,255,255,255,255,255,255,255,255,255,255,255,255,255,255,
   255,255,255,255,255,255,255,255,255,255,255,255,255,255,255,255,255,255,255,255,255,255,210,38,146,255,253,253,254,254,254,254,
   254,254,254,254,254,254,254,254,254,254,254,254,254,254,254,254,254,254,254,254,254,254,254,254,254,254,254,254,254,254,254,254,
   254,254,254,254,254,254,254,254,254,254,254,254,254,254,254,254,254,254,254,254,254,254,254,254,254,254,254,254,254,254,254,254,
   254,254,254,254,254,254,254,254,254,254,254,254,254,254,254,254,254,254,254,254,254,254,254,254,254,254,254,254,254,254,254,254,
   255,255,255,255,255,255,255,255,255,255,255,255,255,255,255,255,255,255,255,255,255,255,255,255,255,255,255,255,255,255,255,255,
   255,255,255,255,255,255,255,255,255,255,255,255,255,255,255,255,255,255,255,255,255,254,254,254,254,254,254,254,254,254,254,254,
   254,254,254,254,254,254,254,254,254,254,254,254,254,254,254,254,254,254,254,254,254,254,254,254,254,254,254,254,254,254,254,254,
   254,254,254,254,254,254,254,254,254,254,254,254,254,254,254,254,254,254,254,254,254,254,254,254,254,254,254,254,254,254,254,254,
   254,254,254,254,254,254,254,254,254,254,254,254,254,254,254,254,254,254,254,254,254,254,254,254,254,254,254,253,253,252,255,157,
   186,255,253,255,255,255,255,255,255,255,255,255,255,255,255,255,255,255,255,255,255,255,255,255,255,255,255,255,255,255,255,255,
   255,255,255,255,255,255,255,255,255,255,255,255,255,255,255,255,255,255,255,255,255,255,255,255,255,255,255,255,255,255,255,255,
   255,255,255,255,255,255,255,255,255,255,255,255,255,255,255,255,255,255,255,255,255,255,255,255,255,255,255,255,255,255,255,255,
   255,255,255,255,255,255,255,255,255,255,255,255,255,255,255,255,255,255,255,255,255,255,255,255,255,255,255,255,255,255,255,255,
   255,255,255,255,255,255,255,255,255,255,255,255,255,255,255,255,255,255,255,255,255,255,255,255,255,255,255,255,255,255,255,255,
   255,255,255,255,255,255,255,255,255,255,255,255,255,255,255,255,255,255,255,255,255,255,255,255,255,255,255,255,255,255,255,255,
   255,255,255,255,255,255,255,255,255,255,255,255,255,255,255,255,255,255,255,255,255,255,255,255,255,255,255,255,255,255,255,255,
   255,255,255,255,255,255,255,255,255,255,255,255,255,255,255,255,255,255,255,255,255,255,255,255,255,255,255,255,255,255,255,255,
   255,255,255,255,255,255,255,203,133,252,255,255,255,255,255,255,255,255,255,255,255,255,255,255,255,255,255,255,255,255,255,255,
   255,255,255,255,255,255,255,255,255,255,255,255,255,255,255,255,255,255,255,255,255,255,255,255,255,255,255,255,255,255,255,255,
   255,255,255,255,255,255,255,255,255,255,255,255,255,255,255,255,255,255,255,255,255,255,255,255,255,255,255,255,255,255,255,255,
   255,255,255,255,255,255,255,255,255,255,255,255,255,255,255,255,255,255,255,255,255,255,255,255,255,255,255,255,255,255,255,255,
   255,255,255,255,255,255,255,255,255,255,255,255,255,255,255,255,255,255,255,255,255,255,255,255,255,255,255,255,255,255,255,255,
   255,255,255,255,255,255,255,255,255,255,255,255,255,255,255,255,255,255,255,255,255,255,255,255,255,255,255,255,255,255,255,255,
   255,255,255,255,255,255,255,255,255,255,255,255,255,255,255,255,255,255,255,255,255,255,255,255,255,255,255,255,255,255,255,255,
   255,255,255,255,255,255,255,255,255,255,255,255,255,255,255,255,255,255,255,255,255,255,255,255,255,255,255,255,255,255,255,255,
   255,255,255,255,255,255,255,255,255,255,255,255,255,255,255,143,61,239,255,254,255,255,255,255,255,255,255,255,255,255,255,255,
   255,255,255,255,255,255,255,255,255,255,255,255,255,255,255,255,255,255,255,255,255,255,255,255,255,255,255,255,255,255,255,255,
   255,255,255,255,255,255,255,255,255,255,255,255,255,255,255,255,255,255,255,255,255,255,255,255,255,255,255,255,255,255,255,255,
   255,255,255,255,255,255,255,255,255,255,255,255,255,255,255,255,255,255,255,255,255,255,255,255,255,255,255,255,255,255,255,255,
   255,255,255,255,255,255,255,255,255,255,255,255,255,255,255,255,255,255,255,255,255,255,255,255,255,255,255,255,255,255,255,255,
   255,255,255,255,255,255,255,255,255,255,255,255,255,255,255,255,255,255,255,255,255,255,255,255,255,255,255,255,255,255,255,255,
   255,255,255,255,255,255,255,255,255,255,255,255,255,255,255,255,255,255,255,255,255,255,255,255,255,255,255,255,255,255,255,255,
   255,255,255,255,255,255,255,255,255,255,255,255,255,255,255,255,255,255,255,255,255,255,255,255,255,255,255,255,255,255,255,255,
   255,255,255,255,255,255,255,255,255,255,255,255,255,255,255,255,255,255,255,255,255,255,255,87,29,230,255,254,255,255,255,255,
   255,255,255,255,255,255,255,255,255,255,255,255,255,255,255,255,255,255,255,255,255,255,255,255,255,255,255,255,255,255,255,255,
   255,255,255,255,255,255,255,255,255,255,255,255,255,255,255,255,255,255,255,255,255,255,255,255,255,255,255,255,255,255,255,255,
   255,255,255,255,255,255,255,255,255,255,255,255,255,255,255,255,255,255,255,255,255,255,255,255,255,255,255,255,255,255,255,255,
   255,255,255,255,255,255,255,255,255,255,255,255,255,255,255,255,255,255,255,255,255,255,255,255,255,255,255,255,255,255,255,255,
   255,255,255,255,255,255,255,255,255,255,255,255,255,255,255,255,255,255,255,255,255,255,255,255,255,255,255,255,255,255,255,255,
   255,255,255,255,255,255,255,255,255,255,255,255,255,255,255,255,255,255,255,255,255,255,255,255,255,255,255,255,255,255,255,255,
   255,255,255,255,255,255,255,255,255,255,255,255,255,255,255,255,255,255,255,255,255,255,255,255,255,255,255,255,255,255,255,255,
   255,255,255,255,255,255,255,255,255,255,255,255,255,255,255,255,255,255,255,255,255,255,255,255,255,255,255,255,254,255,221,44,
   6,158,255,254,255,255,255,255,255,255,255,255,255,255,255,255,255,255,255,255,255,255,255,255,255,255,255,255,255,255,255,255,
   255,255,255,255,255,255,255,255,255,255,255,255,255,255,255,255,255,255,255,255,255,255,255,255,255,255,255,255,255,255,255,255,
   255,255,255,255,255,255,255,255,255,255,255,255,255,255,255,255,255,255,255,255,255,255,255,255,255,255,255,255,255,255,255,255,
   255,255,255,255,255,255,255,255,255,255,255,255,255,255,255,255,255,255,255,255,255,255,255,255,255,255,255,255,255,255,255,255,
   255,255,255,255,255,255,255,255,255,255,255,255,255,255,255,255,255,255,255,255,255,255,255,255,255,255,255,255,255,255,255,255,
   255,255,255,255,255,255,255,255,255,255,255,255,255,255,255,255,255,255,255,255,255,255,255,255,255,255,255,255,255,255,255,255,
   255,255,255,255,255,255,255,255,255,255,255,255,255,255,255,255,255,255,255,255,255,255,255,255,255,255,255,255,255,255,255,255,
   255,255,255,255,255,255,255,255,255,255,255,255,255,255,255,255,255,255,255,255,255,255,255,255,255,255,255,255,255,255,255,255,
   255,255,255,255,252,255,148,0,0,86,255,254,255,255,255,255,255,255,255,255,255,255,255,255,255,255,255,255,255,255,255,255,
   255,255,255,255,255,255,255,255,255,255,255,255,255,255,255,255,255,255,255,255,255,255,255,255,255,255,255,255,255,255,255,255,
   255,255,255,255,255,255,255,255,255,255,255,255,255,255,255,255,255,255,255,255,255,255,255,255,255,255,255,255,255,255,255,255,
   255,255,255,255,255,255,255,255,255,255,255,255,255,255,255,255,255,255,255,255,255,255,255,255,255,255,255,255,255,255,255,255,
   255,255,255,255,255,255,255,255,255,255,255,255,255,255,255,255,255,255,255,255,255,255,255,255,255,255,255,255,255,255,255,255,
   255,255,255,255,255,255,255,255,255,255,255,255,255,255,255,255,255,255,255,255,255,255,255,255,255,255,255,255,255,255,255,255,
   255,255,255,255,255,255,255,255,255,255,255,255,255,255,255,255,255,255,255,255,255,255,255,255,255,255,255,255,255,255,255,255,
   255,255,255,255,255,255,255,255,255,255,255,255,255,255,255,255,255,255,255,255,255,255,255,255,255,255,255,255,255,255,255,255,
   255,255,255,255,255,255,255,255,255,255,255,255,253,255,109,0,0,52,234,255,254,255,255,255,255,255,255,255,255,255,255,255,
   255,255,255,255,255,255,255,255,255,255,255,255,255,255,255,255,255,255,255,255,255,255,255,255,255,255,255,255,255,255,255,255,
   255,255,255,255,255,255,255,255,255,255,255,255,255,255,255,255,255,255,255,255,255,255,255,255,255,255,255,255,255,255,255,255,
   255,255,255,255,255,255,255,255,255,255,255,255,255,255,255,255,255,255,255,255,255,255,255,255,255,255,255,255,255,255,255,255,
   255,255,255,255,255,255,255,255,255,255,255,255,255,255,255,255,255,255,255,255,255,255,255,255,255,255,255,255,255,255,255,255,
   255,255,255,255,255,255,255,255,255,255,255,255,255,255,255,255,255,255,255,255,255,255,255,255,255,255,255,255,255,255,255,255,
   255,255,255,255,255,255,255,255,255,255,255,255,255,255,255,255,255,255,255,255,255,255,255,255,255,255,255,255,255,255,255,255,
   255,255,255,255,255,255,255,255,255,255,255,255,255,255,255,255,255,255,255,255,255,255,255,255,255,255,255,255,255,255,255,255,
   255,255,255,255,255,255,255,255,255,255,255,255,255,255,255,255,255,255,255,254,255,224,48,0,1,0,168,255,252,255,255,255,
   255,255,255,255,255,255,255,255,255,255,255,255,255,255,255,255,255,255,255,255,255,255,255,255,255,255,255,255,255,255,255,255,
   255,255,255,255,255,255,255,255,255,255,255,255,255,255,255,255,255,255,255,255,255,255,255,255,255,255,255,255,255,255,255,255,
   255,255,255,255,255,255,255,255,255,255,255,255,255,255,255,255,255,255,255,255,255,255,255,255,255,255,255,255,255,255,255,255,
   255,255,255,255,255,255,255,255,255,255,255,255,255,255,255,255,255,255,255,255,255,255,255,255,255,255,255,255,255,255,255,255,
   255,255,255,255,255,255,255,255,255,255,255,255,255,255,255,255,255,255,255,255,255,255,255,255,255,255,255,255,255,255,255,255,
   255,255,255,255,255,255,255,255,255,255,255,255,255,255,255,255,255,255,255,255,255,255,255,255,255,255,255,255,255,255,255,255,
   255,255,255,255,255,255,255,255,255,255,255,255,255,255,255,255,255,255,255,255,255,255,255,255,255,255,255,255,255,255,255,255,
   255,255,255,255,255,255,255,255,255,255,255,255,255,255,255,255,255,255,255,255,255,255,255,255,255,255,255,252,255,191,3,0,
   3,0,126,255,253,255,255,255,255,255,255,255,255,255,255,255,255,255,255,255,255,255,255,255,255,255,255,255,255,255,255,255,
   255,255,255,255,255,255,255,255,255,255,255,255,255,255,255,255,255,255,255,255,255,255,255,255,255,255,255,255,255,255,255,255,
   255,255,255,255,255,255,255,255,255,255,255,255,255,255,255,255,255,255,255,255,255,255,255,255,255,255,255,255,255,255,255,255,
   255,255,255,255,255,255,255,255,255,255,255,255,255,255,255,255,255,255,255,255,255,255,255,255,255,255,255,255,255,255,255,255,
   255,255,255,255,255,255,255,255,255,255,255,255,255,255,255,255,255,255,255,255,255,255,255,255,255,255,255,255,255,255,255,255,
   255,255,255,255,255,255,255,255,255,255,255,255,255,255,255,255,255,255,255,255,255,255,255,255,255,255,255,255,255,255,255,255,
   255,255,255,255,255,255,255,255,255,255,255,255,255,255,255,255,255,255,255,255,255,255,255,255,255,255,255,255,255,255,255,255,
   255,255,255,255,255,255,255,255,255,255,255,255,255,255,255,255,255,255,255,255,255,255,255,255,255,255,255,255,255,255,255,255,
   255,255,255,253,255,155,0,2,2,0,63,233,255,254,255,255,255,255,255,255,255,255,255,255,255,255,255,255,255,255,255,255,
   255,255,255,255,255,255,255,255,255,255,255,255,255,255,255,255,255,255,255,255,255,255,255,255,255,255,255,255,255,255,255,255,
   255,255,255,255,255,255,255,255,255,255,255,255,255,255,255,255,255,255,255,255,255,255,255,255,255,255,255,255,255,255,255,255,
   255,255,255,255,255,255,255,255,255,255,255,255,255,255,255,255,255,255,255,255,255,255,255,255,255,255,255,255,255,255,255,255,
   255,255,255,255,255,255,255,255,255,255,255,255,255,255,255,255,255,255,255,255,255,255,255,255,255,255,255,255,255,255,255,255,
   255,255,255,255,255,255,255,255,255,255,255,255,255,255,255,255,255,255,255,255,255,255,255,255,255,255,255,255,255,255,255,255,
   255,255,255,255,255,255,255,255,255,255,255,255,255,255,255,255,255,255,255,255,255,255,255,255,255,255,255,255,255,255,255,255,
   255,255,255,255,255,255,255,255,255,255,255,255,255,255,255,255,255,255,255,255,255,255,255,255,255,255,255,255,255,255,255,255,
   255,255,255,255,255,255,255,255,255,255,254,255,243,67,0,2,1,0,8,202,255,252,255,255,255,255,255,255,255,255,255,255,
   255,255,255,255,255,255,255,255,255,255,255,255,255,255,255,255,255,255,255,255,255,255,255,255,255,255,255,255,255,255,255,255,
   255,255,255,255,255,255,255,255,255,255,255,255,255,255,255,255,255,255,255,255,255,255,255,255,255,255,255,255,255,255,255,255,
   255,255,255,255,255,255,255,255,255,255,255,255,255,255,255,255,255,255,255,255,255,255,255,255,255,255,255,255,255,255,255,255,
   255,255,255,255,255,255,255,255,255,255,255,255,255,255,255,255,255,255,255,255,255,255,255,255,255,255,255,255,255,255,255,255,
   255,255,255,255,255,255,255,255,255,255,255,255,255,255,255,255,255,255,255,255,255,255,255,255,255,255,255,255,255,255,255,255,
   255,255,255,255,255,255,255,255,255,255,255,255,255,255,255,255,255,255,255,255,255,255,255,255,255,255,255,255,255,255,255,255,
   255,255,255,255,255,255,255,255,255,255,255,255,255,255,255,255,255,255,255,255,255,255,255,255,255,255,255,255,255,255,255,255,
   255,255,255,255,255,255,255,255,255,255,255,255,255,255,255,255,255,255,253,255,224,22,0,2,0,1,0,166,255,253,255,255,
   255,255,255,255,255,255,255,255,255,255,255,255,255,255,255,255,255,255,255,255,255,255,255,255,255,255,255,255,255,255,255,255,
   255,255,255,255,255,255,255,255,255,255,255,255,255,255,255,255,255,255,255,255,255,255,255,255,255,255,255,255,255,255,255,255,
   255,255,255,255,255,255,255,255,255,255,255,255,255,255,255,255,255,255,255,255,255,255,255,255,255,255,255,255,255,255,255,255,
   255,255,255,255,255,255,255,255,255,255,255,255,255,255,255,255,255,255,255,255,255,255,255,255,255,255,255,255,255,255,255,255,
   255,255,255,255,255,255,255,255,255,255,255,255,255,255,255,255,255,255,255,255,255,255,255,255,255,255,255,255,255,255,255,255,
   255,255,255,255,255,255,255,255,255,255,255,255,255,255,255,255,255,255,255,255,255,255,255,255,255,255,255,255,255,255,255,255,
   255,255,255,255,255,255,255,255,255,255,255,255,255,255,255,255,255,255,255,255,255,255,255,255,255,255,255,255,255,255,255,255,
   255,255,255,255,255,255,255,255,255,255,255,255,255,255,255,255,255,255,255,255,255,255,255,255,255,255,253,255,154,3,0,1,
   0,2,0,77,246,255,254,255,255,255,255,255,255,255,255,255,255,255,255,255,255,255,255,255,255,255,255,255,255,255,255,255,
   255,255,255,255,255,255,255,255,255,255,255,255,255,255,255,255,255,255,255,255,255,255,255,255,255,255,255,255,255,255,255,255,
   255,255,255,255,255,255,255,255,255,255,255,255,255,255,255,255,255,255,255,255,255,255,255,255,255,255,255,255,255,255,255,255,
   255,255,255,255,255,255,255,255,255,255,255,255,255,255,255,255,255,255,255,255,255,255,255,255,255,255,255,255,255,255,255,255,
   255,255,255,255,255,255,255,255,255,255,255,255,255,255,255,255,255,255,255,255,255,255,255,255,255,255,255,255,255,255,255,255,
   255,255,255,255,255,255,255,255,255,255,255,255,255,255,255,255,255,255,255,255,255,255,255,255,255,255,255,255,255,255,255,255,
   255,255,255,255,255,255,255,255,255,255,255,255,255,255,255,255,255,255,255,255,255,255,255,255,255,255,255,255,255,255,255,255,
   255,255,255,255,255,255,255,255,255,255,255,255,255,255,255,255,255,255,255,255,255,255,255,255,255,255,255,255,255,255,255,255,
   255,255,253,255,87,0,3,0,0,2,0,26,230,255,254,255,255,255,255,255,255,255,255,255,255,255,255,255,255,255,255,255,
   255,255,255,255,255,255,255,255,255,255,255,255,255,255,255,255,255,255,255,255,255,255,255,255,255,255,255,255,255,255,255,255,
   255,255,255,255,255,255,255,255,255,255,255,255,255,255,255,255,255,255,255,255,255,255,255,255,255,255,255,255,255,255,255,255,
   255,255,255,255,255,255,255,255,255,255,255,255,255,255,255,255,255,255,255,255,255,255,255,255,255,255,255,255,255,255,255,255,
   255,255,255,255,255,255,255,255,255,255,255,255,255,255,255,255,255,255,255,255,255,255,255,255,255,255,255,255,255,255,255,255,
   255,255,255,255,255,255,255,255,255,255,255,255,255,255,255,255,255,255,255,255,255,255,255,255,255,255,255,255,255,255,255,255,
   255,255,255,255,255,255,255,255,255,255,255,255,255,255,255,255,255,255,255,255,255,255,255,255,255,255,255,255,255,255,255,255,
   255,255,255,255,255,255,255,255,255,255,255,255,255,255,255,255,255,255,255,255,255,255,255,255,255,255,255,255,255,255,255,255,
   255,255,255,255,255,255,255,255,255,254,255,252,61,0,3,0,0,1,0,8,169,255,254,255,255,255,255,255,255,255,255,255,
   255,255,255,255,255,255,255,255,255,255,255,255,255,255,255,255,255,255,255,255,255,255,255,255,255,255,255,255,255,255,255,255,
   255,255,255,255,255,255,255,255,255,255,255,255,255,255,255,255,255,255,255,255,255,255,255,255,255,255,255,255,255,255,255,255,
   255,255,255,255,255,255,255,255,255,255,255,255,255,255,255,255,255,255,255,255,255,255,255,255,255,255,255,255,255,255,255,255,
   255,255,255,255,255,255,255,255,255,255,255,255,255,255,255,255,255,255,255,255,255,255,255,255,255,255,255,255,255,255,255,255,
   255,255,255,255,255,255,255,255,255,255,255,255,255,255,255,255,255,255,255,255,255,255,255,255,255,255,255,255,255,255,255,255,
   255,255,255,255,255,255,255,255,255,255,255,255,255,255,255,255,255,255,255,255,255,255,255,255,255,255,255,255,255,255,255,255,
   255,255,255,255,255,255,255,255,255,255,255,255,255,255,255,255,255,255,255,255,255,255,255,255,255,255,255,255,255,255,255,255,
   255,255,255,255,255,255,255,255,255,255,255,255,255,255,255,255,255,253,255,179,14,0,1,0,0,0,2,0,101,255,254,255,
   255,255,255,255,255,255,255,255,255,255,255,255,255,255,255,255,255,255,255,255,255,255,255,255,255,255,255,255,255,255,255,255,
   255,255,255,255,255,255,255,255,255,255,255,255,255,255,255,255,255,255,255,255,255,255,255,255,255,255,255,255,255,255,255,255,
   255,255,255,255,255,255,255,255,255,255,255,255,255,255,255,255,255,255,255,255,255,255,255,255,255,255,255,255,255,255,255,255,
   255,255,255,255,255,255,255,255,255,255,255,255,255,255,255,255,255,255,255,255,255,255,255,255,255,255,255,255,255,255,255,255,
   255,255,255,255,255,255,255,255,255,255,255,255,255,255,255,255,255,255,255,255,255,255,255,255,255,255,255,255,255,255,255,255,
   255,255,255,255,255,255,255,255,255,255,255,255,255,255,255,255,255,255,255,255,255,255,255,255,255,255,255,255,255,255,255,255,
   255,255,255,255,255,255,255,255,255,255,255,255,255,255,255,255,255,255,255,255,255,255,255,255,255,255,255,255,255,255,255,255,
   255,255,255,255,255,255,255,255,255,255,255,255,255,255,255,255,255,255,255,255,255,255,255,255,255,252,255,124,0,3,0,0,
   0,0,3,0,69,255,255,254,255,255,255,255,255,255,255,255,255,255,255,255,255,255,255,255,255,255,255,255,255,255,255,255,
   255,255,255,255,255,255,255,255,255,255,255,255,255,255,255,255,255,255,255,255,255,255,255,255,255,255,255,255,255,255,255,255,
   255,255,255,255,255,255,255,255,255,255,255,255,255,255,255,255,255,255,255,255,255,255,255,255,255,255,255,255,255,255,255,255,
   255,255,255,255,255,255,255,255,255,255,255,255,255,255,255,255,255,255,255,255,255,255,255,255,255,255,255,255,255,255,255,255,
   255,255,255,255,255,255,255,255,255,255,255,255,255,255,255,255,255,255,255,255,255,255,255,255,255,255,255,255,255,255,255,255,
   255,255,255,255,255,255,255,255,255,255,255,255,255,255,255,255,255,255,255,255,255,255,255,255,255,255,255,255,255,255,255,255,
   255,255,255,255,255,255,255,255,255,255,255,255,255,255,255,255,255,255,255,255,255,255,255,255,255,255,255,255,255,255,255,255,
   255,255,255,255,255,255,255,255,255,255,255,255,255,255,255,255,255,255,255,255,255,255,255,255,255,255,255,255,255,255,255,255,
   254,255,246,79,0,3,0,0,0,0,1,0,20,193,255,253,255,255,255,255,255,255,255,255,255,255,255,255,255,255,255,255,
   255,255,255,255,255,255,255,255,255,255,255,255,255,255,255,255,255,255,255,255,255,255,255,255,255,255,255,255,255,255,255,255,
   255,255,255,255,255,255,255,255,255,255,255,255,255,255,255,255,255,255,255,255,255,255,255,255,255,255,255,255,255,255,255,255,
   255,255,255,255,255,255,255,255,255,255,255,255,255,255,255,255,255,255,255,255,255,255,255,255,255,255,255,255,255,255,255,255,
   255,255,255,255,255,255,255,255,255,255,255,255,255,255,255,255,255,255,255,255,255,255,255,255,255,255,255,255,255,255,255,255,
   255,255,255,255,255,255,255,255,255,255,255,255,255,255,255,255,255,255,255,255,255,255,255,255,255,255,255,255,255,255,255,255,
   255,255,255,255,255,255,255,255,255,255,255,255,255,255,255,255,255,255,255,255,255,255,255,255,255,255,255,255,255,255,255,255,
   255,255,255,255,255,255,255,255,255,255,255,255,255,255,255,255,255,255,255,255,255,255,255,255,255,255,255,255,255,255,255,255,
   255,255,255,255,255,255,255,255,253,255,199,16,0,1,0,0,0,0,0,3,0,137,255,252,255,255,255,255,255,255,255,255,
   255,255,255,255,255,255,255,255,255,255,255,255,255,255,255,255,255,255,255,255,255,255,255,255,255,255,255,255,255,255,255,255,
   255,255,255,255,255,255,255,255,255,255,255,255,255,255,255,255,255,255,255,255,255,255,255,255,255,255,255,255,255,255,255,255,
   255,255,255,255,255,255,255,255,255,255,255,255,255,255,255,255,255,255,255,255,255,255,255,255,255,255,255,255,255,255,255,255,
   255,255,255,255,255,255,255,255,255,255,255,255,255,255,255,255,255,255,255,255,255,255,255,255,255,255,255,255,255,255,255,255,
   255,255,255,255,255,255,255,255,255,255,255,255,255,255,255,255,255,255,255,255,255,255,255,255,255,255,255,255,255,255,255,255,
   255,255,255,255,255,255,255,255,255,255,255,255,255,255,255,255,255,255,255,255,255,255,255,255,255,255,255,255,255,255,255,255,
   255,255,255,255,255,255,255,255,255,255,255,255,255,255,255,255,255,255,255,255,255,255,255,255,255,255,255,255,255,255,255,255,
   255,255,255,255,255,255,255,255,255,255,255,255,255,255,255,255,252,255,178,0,1,0,0,0,0,0,0,2,0,86,247,255,
   254,255,255,255,255,255,255,255,255,255,255,255,255,255,255,255,255,255,255,255,255,255,255,255,255,255,255,255,255,255,255,255,
   255,255,255,255,255,255,255,255,255,255,255,255,255,255,255,255,255,255,255,255,255,255,255,255,255,255,255,255,255,255,255,255,
   255,255,255,255,255,255,255,255,255,255,255,255,255,255,255,255,255,255,255,255,255,255,255,255,255,255,255,255,255,255,255,255,
   255,255,255,255,255,255,255,255,255,255,255,255,255,255,255,255,255,255,255,255,255,255,255,255,255,255,255,255,255,255,255,255,
   255,255,255,255,255,255,255,255,255,255,255,255,255,255,255,255,255,255,255,255,255,255,255,255,255,255,255,255,255,255,255,255,
   255,255,255,255,255,255,255,255,255,255,255,255,255,255,255,255,255,255,255,255,255,255,255,255,255,255,255,255,255,255,255,255,
   255,255,255,255,255,255,255,255,255,255,255,255,255,255,255,255,255,255,255,255,255,255,255,255,255,255,255,255,255,255,255,255,
   255,255,255,255,255,255,255,255,255,255,255,255,255,255,255,255,255,255,255,255,255,255,255,254,255,253,109,0,2,0,0,0,
   0,0,0,1,0,16,206,255,253,255,255,255,255,255,255,255,255,255,255,255,255,255,255,255,255,255,255,255,255,255,255,255,
   255,255,255,255,255,255,255,255,255,255,255,255,255,255,255,255,255,255,255,255,255,255,255,255,255,255,255,255,255,255,255,255,
   255,255,255,255,255,255,255,255,255,255,255,255,255,255,255,255,255,255,255,255,255,255,255,255,255,255,255,255,255,255,255,255,
   255,255,255,255,255,255,255,255,255,255,255,255,255,255,255,255,255,255,255,255,255,255,255,255,255,255,255,255,255,255,255,255,
   255,255,255,255,255,255,255,255,255,255,255,255,255,255,255,255,255,255,255,255,255,255,255,255,255,255,255,255,255,255,255,255,
   255,255,255,255,255,255,255,255,255,255,255,255,255,255,255,255,255,255,255,255,255,255,255,255,255,255,255,255,255,255,255,255,
   255,255,255,255,255,255,255,255,255,255,255,255,255,255,255,255,255,255,255,255,255,255,255,255,255,255,255,255,255,255,255,255,
   255,255,255,255,255,255,255,255,255,255,255,255,255,255,255,255,255,255,255,255,255,255,255,255,255,255,255,255,255,255,255,254,
   255,233,32,0,2,0,0,0,0,0,0,0,1,0,167,255,253,255,255,255,255,255,255,255,255,255,255,255,255,255,255,255,
   255,255,255,255,255,255,255,255,255,255,255,255,255,255,255,255,255,255,255,255,255,255,255,255,255,255,255,255,255,255,255,255,
   255,255,255,255,255,255,255,255,255,255,255,255,255,255,255,255,255,255,255,255,255,255,255,255,255,255,255,255,255,255,255,255,
   255,255,255,255,255,255,255,255,255,255,255,255,255,255,255,255,255,255,255,255,255,255,255,255,255,255,255,255,255,255,255,255,
   255,255,255,255,255,255,255,255,255,255,255,255,255,255,255,255,255,255,255,255,255,255,255,255,255,255,255,255,255,255,255,255,
   255,255,255,255,255,255,255,255,255,255,255,255,255,255,255,255,255,255,255,255,255,255,255,255,255,255,255,255,255,255,255,255,
   255,255,255,255,255,255,255,255,255,255,255,255,255,255,255,255,255,255,255,255,255,255,255,255,255,255,255,255,255,255,255,255,
   255,255,255,255,255,255,255,255,255,255,255,255,255,255,255,255,255,255,255,255,255,255,255,255,255,255,255,255,255,255,255,255,
   255,255,255,255,255,255,255,253,255,199,15,0,1,0,0,0,0,0,0,0,2,0,93,249,255,254,255,255,255,255,255,255,
   255,255,255,255,255,255,255,255,255,255,255,255,255,255,255,255,255,255,255,255,255,255,255,255,255,255,255,255,255,255,255,255,
   255,255,255,255,255,255,255,255,255,255,255,255,255,255,255,255,255,255,255,255,255,255,255,255,255,255,255,255,255,255,255,255,
   255,255,255,255,255,255,255,255,255,255,255,255,255,255,255,255,255,255,255,255,255,255,255,255,255,255,255,255,255,255,255,255,
   255,255,255,255,255,255,255,255,255,255,255,255,255,255,255,255,255,255,255,255,255,255,255,255,255,255,255,255,255,255,255,255,
   255,255,255,255,255,255,255,255,255,255,255,255,255,255,255,255,255,255,255,255,255,255,255,255,255,255,255,255,255,255,255,255,
   255,255,255,255,255,255,255,255,255,255,255,255,255,255,255,255,255,255,255,255,255,255,255,255,255,255,255,255,255,255,255,255,
   255,255,255,255,255,255,255,255,255,255,255,255,255,255,255,255,255,255,255,255,255,255,255,255,255,255,255,255,255,255,255,255,
   255,255,255,255,255,255,255,255,255,255,255,255,255,255,255,254,255,126,7,4,0,0,0,0,0,0,0,0,2,0,38,236,
   255,254,255,255,255,255,255,255,255,255,255,255,255,255,255,255,255,255,255,255,255,255,255,255,255,255,255,255,255,255,255,255,
   255,255,255,255,255,255,255,255,255,255,255,255,255,255,255,255,255,255,255,255,255,255,255,255,255,255,255,255,255,255,255,255,
   255,255,255,255,255,255,255,255,255,255,255,255,255,255,255,255,255,255,255,255,255,255,255,255,255,255,255,255,255,255,255,255,
   255,255,255,255,255,255,255,255,255,255,255,255,255,255,255,255,255,255,255,255,255,255,255,255,255,255,255,255,255,255,255,255,
   255,255,255,255,255,255,255,255,255,255,255,255,255,255,255,255,255,255,255,255,255,255,255,255,255,255,255,255,255,255,255,255,
   255,255,255,255,255,255,255,255,255,255,255,255,255,255,255,255,255,255,255,255,255,255,255,255,255,255,255,255,255,255,255,255,
   255,255,255,255,255,255,255,255,255,255,255,255,255,255,255,255,255,255,255,255,255,255,255,255,255,255,255,255,255,255,255,255,
   255,255,255,255,255,255,255,255,255,255,255,255,255,255,255,255,255,255,255,255,255,255,255,254,255,84,0,6,0,0,0,0,
   0,0,0,0,1,0,15,199,255,253,255,255,255,255,255,255,255,255,255,255,255,255,255,255,255,255,255,255,255,255,255,255,
   255,255,255,255,255,255,255,255,255,255,255,255,255,255,255,255,255,255,255,255,255,255,255,255,255,255,255,255,255,255,255,255,
   255,255,255,255,255,255,255,255,255,255,255,255,255,255,255,255,255,255,255,255,255,255,255,255,255,255,255,255,255,255,255,255,
   255,255,255,255,255,255,255,255,255,255,255,255,255,255,255,255,255,255,255,255,255,255,255,255,255,255,255,255,255,255,255,255,
   255,255,255,255,255,255,255,255,255,255,255,255,255,255,255,255,255,255,255,255,255,255,255,255,255,255,255,255,255,255,255,255,
   255,255,255,255,255,255,255,255,255,255,255,255,255,255,255,255,255,255,255,255,255,255,255,255,255,255,255,255,255,255,255,255,
   255,255,255,255,255,255,255,255,255,255,255,255,255,255,255,255,255,255,255,255,255,255,255,255,255,255,255,255,255,255,255,255,
   255,255,255,255,255,255,255,255,255,255,255,255,255,255,255,255,255,255,255,255,255,255,255,255,255,255,255,255,255,255,255,254,
   255,156,52,8,0,0,0,0,0,0,0,0,0,2,0,114,255,254,255,255,255,255,255,255,255,255,255,255,255,255,255,255,
   255,255,255,255,255,255,255,255,255,255,255,255,255,255,255,255,255,255,255,255,255,255,255,255,255,255,255,255,255,255,255,255,
   255,255,255,255,255,255,255,255,255,255,255,255,255,255,255,255,255,255,255,255,255,255,255,255,255,255,255,255,255,255,255,255,
   255,255,255,255,255,255,255,255,255,255,255,255,255,255,255,255,255,255,255,255,255,255,255,255,255,255,255,255,255,255,255,255,
   255,255,255,255,255,255,255,255,255,255,255,255,255,255,255,255,255,255,255,255,255,255,255,255,255,255,255,255,255,255,255,255,
   255,255,255,255,255,255,255,255,255,255,255,255,255,255,255,255,255,255,255,255,255,255,255,255,255,255,255,255,255,255,255,255,
   255,255,255,255,255,255,255,255,255,255,255,255,255,255,255,255,255,255,255,255,255,255,255,255,255,255,255,255,255,255,255,255,
   255,255,255,255,255,255,255,255,255,255,255,255,255,255,255,255,255,255,255,255,255,255,255,255,255,255,255,255,255,255,255,255,
   255,255,255,255,255,255,255,255,254,255,246,77,0,3,0,0,0,0,0,0,0,3,0,67,253,255,254,255,255,255,255,255,
   255,255,255,255,255,255,255,255,255,255,255,255,255,255,255,255,255,255,255,255,255,255,255,255,255,255,255,255,255,255,255,255,
   255,255,255,255,255,255,255,255,255,255,255,255,255,255,255,255,255,255,255,255,255,255,255,255,255,255,255,255,255,255,255,255,
   255,255,255,255,255,255,255,255,255,255,255,255,255,255,255,255,255,255,255,255,255,255,255,255,255,255,255,255,255,255,255,255,
   255,255,255,255,255,255,255,255,255,255,255,255,255,255,255,255,255,255,255,255,255,255,255,255,255,255,255,255,255,255,255,255,
   255,255,255,255,255,255,255,255,255,255,255,255,255,255,255,255,255,255,255,255,255,255,255,255,255,255,255,255,255,255,255,255,
   255,255,255,255,255,255,255,255,255,255,255,255,255,255,255,255,255,255,255,255,255,255,255,255,255,255,255,255,255,255,255,255,
   255,255,255,255,255,255,255,255,255,255,255,255,255,255,255,255,255,255,255,255,255,255,255,255,255,255,255,255,255,255,255,255,
   255,255,255,255,255,255,255,255,255,255,255,255,255,255,255,255,255,252,255,155,0,1,0,0,0,0,0,0,0,1,0,27,
   200,255,253,255,255,255,255,255,255,255,255,255,255,255,255,255,255,255,255,255,255,255,255,255,255,255,255,255,255,255,255,255,
   255,255,255,255,255,255,255,255,255,255,255,255,255,255,255,255,255,255,255,255,255,255,255,255,255,255,255,255,255,255,255,255,
   255,255,255,255,255,255,255,255,255,255,255,255,255,255,255,255,255,255,255,255,255,255,255,255,255,255,255,255,255,255,255,255,
   255,255,255,255,255,255,255,255,255,255,255,255,255,255,255,255,255,255,255,255,255,255,255,255,255,255,255,255,255,255,255,255,
   255,255,255,255,255,255,255,255,255,255,255,255,255,255,255,255,255,255,255,255,255,255,255,255,255,255,255,255,255,255,255,255,
   255,255,255,255,255,255,255,255,255,255,255,255,255,255,255,255,255,255,255,255,255,255,255,255,255,255,255,255,255,255,255,255,
   255,255,255,255,255,255,255,255,255,255,255,255,255,255,255,255,255,255,255,255,255,255,255,255,255,255,255,255,255,255,255,255,
   255,255,255,255,255,255,255,255,255,255,255,255,255,255,255,255,255,255,255,255,255,255,255,255,255,253,255,192,22,0,1,0,
   0,0,0,0,0,0,2,0,150,255,252,255,255,255,255,255,255,255,255,255,255,255,255,255,255,255,255,255,255,255,255,255,
   255,255,255,255,255,255,255,255,255,255,255,255,255,255,255,255,255,255,255,255,255,255,255,255,255,255,255,255,255,255,255,255,
   255,255,255,255,255,255,255,255,255,255,255,255,255,255,255,255,255,255,255,255,255,255,255,255,255,255,255,255,255,255,255,255,
   255,255,255,255,255,255,255,255,255,255,255,255,255,255,255,255,255,255,255,255,255,255,255,255,255,255,255,255,255,255,255,255,
   255,255,255,255,255,255,255,255,255,255,255,255,255,255,255,255,255,255,255,255,255,255,255,255,255,255,255,255,255,255,255,255,
   255,255,255,255,255,255,255,255,255,255,255,255,255,255,255,255,255,255,255,255,255,255,255,255,255,255,255,255,255,255,255,255,
   255,255,255,255,255,255,255,255,255,255,255,255,255,255,255,255,255,255,255,255,255,255,255,255,255,255,255,255,255,255,255,255,
   255,255,255,255,255,255,255,255,255,255,255,255,255,255,255,255,255,255,255,255,255,255,255,255,255,255,255,255,255,255,255,255,
   255,253,255,190,21,0,1,0,0,0,0,0,0,0,3,0,113,255,253,255,255,255,255,255,255,255,255,255,255,255,255,255,
   255,255,255,255,255,255,255,255,255,255,255,255,255,255,255,255,255,255,255,255,255,255,255,255,255,255,255,255,255,255,255,255,
   255,255,255,255,255,255,255,255,255,255,255,255,255,255,255,255,255,255,255,255,255,255,255,255,255,255,255,255,255,255,255,255,
   255,255,255,255,255,255,255,255,255,255,255,255,255,255,255,255,255,255,255,255,255,255,255,255,255,255,255,255,255,255,255,255,
   255,255,255,255,255,255,255,255,255,255,255,255,255,255,255,255,255,255,255,255,255,255,255,255,255,255,255,255,255,255,255,255,
   255,255,255,255,255,255,255,255,255,255,255,255,255,255,255,255,255,255,255,255,255,255,255,255,255,255,255,255,255,255,255,255,
   255,255,255,255,255,255,255,255,255,255,255,255,255,255,255,255,255,255,255,255,255,255,255,255,255,255,255,255,255,255,255,255,
   255,255,255,255,255,255,255,255,255,255,255,255,255,255,255,255,255,255,255,255,255,255,255,255,255,255,255,255,255,255,255,255,
   255,255,255,255,255,255,255,255,255,253,255,189,20,0,1,0,0,0,0,0,0,0,1,0,37,216,255,253,255,255,255,255,
   255,255,255,255,255,255,255,255,255,255,255,255,255,255,255,255,255,255,255,255,255,255,255,255,255,255,255,255,255,255,255,255,
   255,255,255,255,255,255,255,255,255,255,255,255,255,255,255,255,255,255,255,255,255,255,255,255,255,255,255,255,255,255,255,255,
   255,255,255,255,255,255,255,255,255,255,255,255,255,255,255,255,255,255,255,255,255,255,255,255,255,255,255,255,255,255,255,255,
   255,255,255,255,255,255,255,255,255,255,255,255,255,255,255,255,255,255,255,255,255,255,255,255,255,255,255,255,255,255,255,255,
   255,255,255,255,255,255,255,255,255,255,255,255,255,255,255,255,255,255,255,255,255,255,255,255,255,255,255,255,255,255,255,255,
   255,255,255,255,255,255,255,255,255,255,255,255,255,255,255,255,255,255,255,255,255,255,255,255,255,255,255,255,255,255,255,255,
   255,255,255,255,255,255,255,255,255,255,255,255,255,255,255,255,255,255,255,255,255,255,255,255,255,255,255,255,255,255,255,255,
   255,255,255,255,255,255,255,255,255,255,255,255,255,255,255,255,255,253,255,188,20,0,1,0,0,0,0,0,0,0,0,1,
   0,180,255,252,255,255,255,255,255,255,255,255,255,255,255,255,255,255,255,255,255,255,255,255,255,255,255,255,255,255,255,255,
   255,255,255,255,255,255,255,255,255,255,255,255,255,255,255,255,255,255,255,255,255,255,255,255,255,255,255,255,255,255,255,255,
   255,255,255,255,255,255,255,255,255,255,255,255,255,255,255,255,255,255,255,255,255,255,255,255,255,255,255,255,255,255,255,255,
   255,255,255,255,255,255,255,255,255,255,255,255,255,255,255,255,255,255,255,255,255,255,255,255,255,255,255,255,255,255,255,255,
   255,255,255,255,255,255,255,255,255,255,255,255,255,255,255,255,255,255,255,255,255,255,255,255,255,255,255,255,255,255,255,255,
   255,255,255,255,255,255,255,255,255,255,255,255,255,255,255,255,255,255,255,255,255,255,255,255,255,255,255,255,255,255,255,255,
   255,255,255,255,255,255,255,255,255,255,255,255,255,255,255,255,255,255,255,255,255,255,255,255,255,255,255,255,255,255,255,255,
   255,255,255,255,255,255,255,255,255,255,255,255,255,255,255,255,255,255,255,255,255,255,255,255,255,253,255,188,20,0,1,0,
   0,0,0,0,0,0,0,2,0,114,254,255,254,255,255,255,255,255,255,255,255,255,255,255,255,255,255,255,255,255,255,255,
   255,255,255,255,255,255,255,255,255,255,255,255,255,255,255,255,255,255,255,255,255,255,255,255,255,255,255,255,255,255,255,255,
   255,255,255,255,255,255,255,255,255,255,255,255,255,255,255,255,255,255,255,255,255,255,255,255,255,255,255,255,255,255,255,255,
   255,255,255,255,255,255,255,255,255,255,255,255,255,255,255,255,255,255,255,255,255,255,255,255,255,255,255,255,255,255,255,255,
   255,255,255,255,255,255,255,255,255,255,255,255,255,255,255,255,255,255,255,255,255,255,255,255,255,255,255,255,255,255,255,255,
   255,255,255,255,255,255,255,255,255,255,255,255,255,255,255,255,255,255,255,255,255,255,255,255,255,255,255,255,255,255,255,255,
   255,255,255,255,255,255,255,255,255,255,255,255,255,255,255,255,255,255,255,255,255,255,255,255,255,255,255,255,255,255,255,255,
   255,255,255,255,255,255,255,255,255,255,255,255,255,255,255,255,255,255,255,255,255,255,255,255,255,255,255,255,255,255,255,255,
   255,253,255,188,20,0,1,0,0,0,0,0,0,0,0,2,0,41,237,255,254,255,255,255,255,255,255,255,255,255,255,255,
   255,255,255,255,255,255,255,255,255,255,255,255,255,255,255,255,255,255,255,255,255,255,255,255,255,255,255,255,255,255,255,255,
   255,255,255,255,255,255,255,255,255,255,255,255,255,255,255,255,255,255,255,255,255,255,255,255,255,255,255,255,255,255,255,255,
   255,255,255,255,255,255,255,255,255,255,255,255,255,255,255,255,255,255,255,255,255,255,255,255,255,255,255,255,255,255,255,255,
   255,255,255,255,255,255,255,255,255,255,255,255,255,255,255,255,255,255,255,255,255,255,255,255,255,255,255,255,255,255,255,255,
   255,255,255,255,255,255,255,255,255,255,255,255,255,255,255,255,255,255,255,255,255,255,255,255,255,255,255,255,255,255,255,255,
   255,255,255,255,255,255,255,255,255,255,255,255,255,255,255,255,255,255,255,255,255,255,255,255,255,255,255,255,255,255,255,255,
   255,255,255,255,255,255,255,255,255,255,255,255,255,255,255,255,255,255,255,255,255,255,255,255,255,255,255,255,255,255,255,255,
   255,255,255,255,255,255,255,255,255,253,255,188,20,0,1,0,0,0,0,0,0,0,0,1,0,14,201,255,253,255,255,255,
   255,255,255,255,255,255,255,255,255,255,255,255,255,255,255,255,255,255,255,255,255,255,255,255,255,255,255,255,255,255,255,255,
   255,255,255,255,255,255,255,255,255,255,255,255,255,255,255,255,255,255,255,255,255,255,255,255,255,255,255,255,255,255,255,255,
   255,255,255,255,255,255,255,255,255,255,255,255,255,255,255,255,255,255,255,255,255,255,255,255,255,255,255,255,255,255,255,255,
   255,255,255,255,255,255,255,255,255,255,255,255,255,255,255,255,255,255,255,255,255,255,255,255,255,255,255,255,255,255,255,255,
   255,255,255,255,255,255,255,255,255,255,255,255,255,255,255,255,255,255,255,255,255,255,255,255,255,255,255,255,255,255,255,255,
   255,255,255,255,255,255,255,255,255,255,255,255,255,255,255,255,255,255,255,255,255,255,255,255,255,255,255,255,255,255,255,255,
   255,255,255,255,255,255,255,255,255,255,255,255,255,255,255,255,255,255,255,255,255,255,255,255,255,255,255,255,255,255,255,255,
   255,255,255,255,255,255,255,255,255,255,255,255,255,255,255,255,255,253,255,189,20,0,1,0,0,0,0,0,0,0,0,0,
   1,0,126,255,254,255,255,255,255,255,255,255,255,255,255,255,255,255,255,255,255,255,255,255,255,255,255,255,255,255,255,255,
   255,255,255,255,255,255,255,255,255,255,255,255,255,255,255,255,255,255,255,255,255,255,255,255,255,255,255,255,255,255,255,255,
   255,255,255,255,255,255,255,255,255,255,255,255,255,255,255,255,255,255,255,255,255,255,255,255,255,255,255,255,255,255,255,255,
   255,255,255,255,255,255,255,255,255,255,255,255,255,255,255,255,255,255,255,255,255,255,255,255,255,255,255,255,255,255,255,255,
   255,255,255,255,255,255,255,255,255,255,255,255,255,255,255,255,255,255,255,255,255,255,255,255,255,255,255,255,255,255,255,255,
   255,255,255,255,255,255,255,255,255,255,255,255,255,255,255,255,255,255,255,255,255,255,255,255,255,255,255,255,255,255,255,255,
   255,255,255,255,255,255,255,255,255,255,255,255,255,255,255,255,255,255,255,255,255,255,255,255,255,255,255,255,255,255,255,255,
   255,255,255,255,255,255,255,255,255,255,255,255,255,255,255,255,255,255,255,255,255,255,255,255,255,253,255,189,20,0,1,0,
   0,0,0,0,0,0,0,0,3,0,77,255,254,255,255,255,255,255,255,255,255,255,255,255,255,255,255,255,255,255,255,255,
   255,255,255,255,255,255,255,255,255,255,255,255,255,255,255,255,255,255,255,255,255,255,255,255,255,255,255,255,255,255,255,255,
   255,255,255,255,255,255,255,255,255,255,255,255,255,255,255,255,255,255,255,255,255,255,255,255,255,255,255,255,255,255,255,255,
   255,255,255,255,255,255,255,255,255,255,255,255,255,255,255,255,255,255,255,255,255,255,255,255,255,255,255,255,255,255,255,255,
   255,255,255,255,255,255,255,255,255,255,255,255,255,255,255,255,255,255,255,255,255,255,255,255,255,255,255,255,255,255,255,255,
   255,255,255,255,255,255,255,255,255,255,255,255,255,255,255,255,255,255,255,255,255,255,255,255,255,255,255,255,255,255,255,255,
   255,255,255,255,255,255,255,255,255,255,255,255,255,255,255,255,255,255,255,255,255,255,255,255,255,255,255,255,255,255,255,255,
   255,255,255,255,255,255,255,255,255,255,255,255,255,255,255,255,255,255,255,255,255,255,255,255,255,255,255,255,255,255,255,255,
   255,253,255,189,20,0,1,0,0,0,0,0,0,0,0,0,2,0,40,221,255,254,255,255,255,255,255,255,255,255,255,255,
   255,255,255,255,255,255,255,255,255,255,255,255,255,255,255,255,255,255,255,255,255,255,255,255,255,255,255,255,255,255,255,255,
   255,255,255,255,255,255,255,255,255,255,255,255,255,255,255,255,255,255,255,255,255,255,255,255,255,255,255,255,255,255,255,255,
   255,255,255,255,255,255,255,255,255,255,255,255,255,255,255,255,255,255,255,255,255,255,255,255,255,255,255,255,255,255,255,255,
   255,255,255,255,255,255,255,255,255,255,255,255,255,255,255,255,255,255,255,255,255,255,255,255,255,255,255,255,255,255,255,255,
   255,255,255,255,255,255,255,255,255,255,255,255,255,255,255,255,255,255,255,255,255,255,255,255,255,255,255,255,255,255,255,255,
   255,255,255,255,255,255,255,255,255,255,255,255,255,255,255,255,255,255,255,255,255,255,255,255,255,255,255,255,255,255,255,255,
   255,255,255,255,255,255,255,255,255,255,255,255,255,255,255,255,255,255,255,255,255,255,255,255,255,255,255,255,255,255,255,255,
   255,255,255,255,255,255,255,255,255,253,255,189,20,0,1,0,0,0,0,0,0,0,0,0,0,2,0,150,255,252,255,255,
   255,255,255,255,255,255,255,255,255,255,255,255,255,255,255,255,255,255,255,255,255,255,255,255,255,255,255,255,255,255,255,255,
   255,255,255,255,255,255,255,255,255,255,255,255,255,255,255,255,255,255,255,255,255,255,255,255,255,255,255,255,255,255,255,255,
   255,255,255,255,255,255,255,255,255,255,255,255,255,255,255,255,255,255,255,255,255,255,255,255,255,255,255,255,255,255,255,255,
   255,255,255,255,255,255,255,255,255,255,255,255,255,255,255,255,255,255,255,255,255,255,255,255,255,255,255,255,255,255,255,255,
   255,255,255,255,255,255,255,255,255,255,255,255,255,255,255,255,255,255,255,255,255,255,255,255,255,255,255,255,255,255,255,255,
   255,255,255,255,255,255,255,255,255,255,255,255,255,255,255,255,255,255,255,255,255,255,255,255,255,255,255,255,255,255,255,255,
   255,255,255,255,255,255,255,255,255,255,255,255,255,255,255,255,255,255,255,255,255,255,255,255,255,255,255,255,255,255,255,255,
   255,255,255,255,255,255,255,255,255,255,255,255,255,255,255,255,255,253,255,188,20,0,1,0,0,0,0,0,0,0,0,0,
   0,3,0,107,255,253,255,255,255,255,255,255,255,255,255,255,255,255,255,255,255,255,255,255,255,255,255,255,255,255,255,255,
   255,255,255,255,255,255,255,255,255,255,255,255,255,255,255,255,255,255,255,255,255,255,255,255,255,255,255,255,255,255,255,255,
   255,255,255,255,255,255,255,255,255,255,255,255,255,255,255,255,255,255,255,255,255,255,255,255,255,255,255,255,255,255,255,255,
   255,255,255,255,255,255,255,255,255,255,255,255,255,255,255,255,255,255,255,255,255,255,255,255,255,255,255,255,255,255,255,255,
   255,255,255,255,255,255,255,255,255,255,255,255,255,255,255,255,255,255,255,255,255,255,255,255,255,255,255,255,255,255,255,255,
   255,255,255,255,255,255,255,255,255,255,255,255,255,255,255,255,255,255,255,255,255,255,255,255,255,255,255,255,255,255,255,255,
   255,255,255,255,255,255,255,255,255,255,255,255,255,255,255,255,255,255,255,255,255,255,255,255,255,255,255,255,255,255,255,255,
   255,255,255,255,255,255,255,255,255,255,255,255,255,255,255,255,255,255,255,255,255,255,255,255,255,253,255,188,20,0,1,0,
   0,0,0,0,0,0,0,0,0,1,0,42,218,255,253,255,255,255,255,255,255,255,255,255,255,255,255,255,255,255,255,255,
   255,255,255,255,255,255,255,255,255,255,255,255,255,255,255,255,255,255,255,255,255,255,255,255,255,255,255,255,255,255,255,255,
   255,255,255,255,255,255,255,255,255,255,255,255,255,255,255,255,255,255,255,255,255,255,255,255,255,255,255,255,255,255,255,255,
   255,255,255,255,255,255,255,255,255,255,255,255,255,255,255,255,255,255,255,255,255,255,255,255,255,255,255,255,255,255,255,255,
   255,255,255,255,255,255,255,255,255,255,255,255,255,255,255,255,255,255,255,255,255,255,255,255,255,255,255,255,255,255,255,255,
   255,255,255,255,255,255,255,255,255,255,255,255,255,255,255,255,255,255,255,255,255,255,255,255,255,255,255,255,255,255,255,255,
   255,255,255,255,255,255,255,255,255,255,255,255,255,255,255,255,255,255,255,255,255,255,255,255,255,255,255,255,255,255,255,255,
   255,255,255,255,255,255,255,255,255,255,255,255,255,255,255,255,255,255,255,255,255,255,255,255,255,255,255,255,255,255,255,255,
   255,253,255,188,20,0,1,0,0,0,0,0,0,0,0,0,0,0,0,0,188,255,252,255,255,255,255,255,255,255,255,255,
   255,255,255,255,255,255,255,255,255,255,255,255,255,255,255,255,255,255,255,255,255,255,255,255,255,255,255,255,255,255,255,255,
   255,255,255,255,255,255,255,255,255,255,255,255,255,255,255,255,255,255,255,255,255,255,255,255,255,255,255,255,255,255,255,255,
   255,255,255,255,255,255,255,255,255,255,255,255,255,255,255,255,255,255,255,255,255,255,255,255,255,255,255,255,255,255,255,255,
   255,255,255,255,255,255,255,255,255,255,255,255,255,255,255,255,255,255,255,255,255,255,255,255,255,255,255,255,255,255,255,255,
   255,255,255,255,255,255,255,255,255,255,255,255,255,255,255,255,255,255,255,255,255,255,255,255,255,255,255,255,255,255,255,255,
   255,255,255,255,255,255,255,255,255,255,255,255,255,255,255,255,255,255,255,255,255,255,255,255,255,255,255,255,255,255,255,255,
   255,255,255,255,255,255,255,255,255,255,255,255,255,255,255,255,255,255,255,255,255,255,255,255,255,255,255,255,255,255,255,255,
   255,255,255,255,255,255,255,255,255,253,255,189,20,0,1,0,0,0,0,0,0,0,0,0,0,0,2,0,145,255,253,255,
   255,255,255,255,255,255,255,255,255,255,255,255,255,255,255,255,255,255,255,255,255,255,255,255,255,255,255,255,255,255,255,255,
   255,255,255,255,255,255,255,255,255,255,255,255,255,255,255,255,255,255,255,255,255,255,255,255,255,255,255,255,255,255,255,255,
   255,255,255,255,255,255,255,255,255,255,255,255,255,255,255,255,255,255,255,255,255,255,255,255,255,255,255,255,255,255,255,255,
   255,255,255,255,255,255,255,255,255,255,255,255,255,255,255,255,255,255,255,255,255,255,255,255,255,255,255,255,255,255,255,255,
   255,255,255,255,255,255,255,255,255,255,255,255,255,255,255,255,255,255,255,255,255,255,255,255,255,255,255,255,255,255,255,255,
   255,255,255,255,255,255,255,255,255,255,255,255,255,255,255,255,255,255,255,255,255,255,255,255,255,255,255,255,255,255,255,255,
   255,255,255,255,255,255,255,255,255,255,255,255,255,255,255,255,255,255,255,255,255,255,255,255,255,255,255,255,255,255,255,255,
   255,255,255,255,255,255,255,255,255,255,255,255,255,255,255,255,255,253,255,188,20,0,1,0,0,0,0,0,0,0,0,0,
   0,0,2,0,54,239,255,254,255,255,255,255,255,255,255,255,255,255,255,255,255,255,255,255,255,255,255,255,255,255,255,255,
   255,255,255,255,255,255,255,255,255,255,255,255,255,255,255,255,255,255,255,255,255,255,255,255,255,255,255,255,255,255,255,255,
   255,255,255,255,255,255,255,255,255,255,255,255,255,255,255,255,255,255,255,255,255,255,255,255,255,255,255,255,255,255,255,255,
   255,255,255,255,255,255,255,255,255,255,255,255,255,255,255,255,255,255,255,255,255,255,255,255,255,255,255,255,255,255,255,255,
   255,255,255,255,255,255,255,255,255,255,255,255,255,255,255,255,255,255,255,255,255,255,255,255,255,255,255,255,255,255,255,255,
   255,255,255,255,255,255,255,255,255,255,255,255,255,255,255,255,255,255,255,255,255,255,255,255,255,255,255,255,255,255,255,255,
   255,255,255,255,255,255,255,255,255,255,255,255,255,255,255,255,255,255,255,255,255,255,255,255,255,255,255,255,255,255,255,255,
   255,255,255,255,255,255,255,255,255,255,255,255,255,255,255,255,255,255,255,255,255,255,255,255,255,253,255,188,20,0,1,0,
   0,0,0,0,0,0,0,0,0,0,1,0,18,217,255,253,255,255,255,255,255,255,255,255,255,255,255,255,255,255,255,255,
   255,255,255,255,255,255,255,255,255,255,255,255,255,255,255,255,255,255,255,255,255,255,255,255,255,255,255,255,255,255,255,255,
   255,255,255,255,255,255,255,255,255,255,255,255,255,255,255,255,255,255,255,255,255,255,255,255,255,255,255,255,255,255,255,255,
   255,255,255,255,255,255,255,255,255,255,255,255,255,255,255,255,255,255,255,255,255,255,255,255,255,255,255,255,255,255,255,255,
   255,255,255,255,255,255,255,255,255,255,255,255,255,255,255,255,255,255,255,255,255,255,255,255,255,255,255,255,255,255,255,255,
   255,255,255,255,255,255,255,255,255,255,255,255,255,255,255,255,255,255,255,255,255,255,255,255,255,255,255,255,255,255,255,255,
   255,255,255,255,255,255,255,255,255,255,255,255,255,255,255,255,255,255,255,255,255,255,255,255,255,255,255,255,255,255,255,255,
   255,255,255,255,255,255,255,255,255,255,255,255,255,255,255,255,255,255,255,255,255,255,255,255,255,255,255,255,255,255,255,255,
   255,253,255,189,20,0,1,0,0,0,0,0,0,0,0,0,0,0,1,0,1,142,255,254,255,255,255,255,255,255,255,255,
   255,255,255,255,255,255,255,255,255,255,255,255,255,255,255,255,255,255,255,255,255,255,255,255,255,255,255,255,255,255,255,255,
   255,255,255,255,255,255,255,255,255,255,255,255,255,255,255,255,255,255,255,255,255,255,255,255,255,255,255,255,255,255,255,255,
   255,255,255,255,255,255,255,255,255,255,255,255,255,255,255,255,255,255,255,255,255,255,255,255,255,255,255,255,255,255,255,255,
   255,255,255,255,255,255,255,255,255,255,255,255,255,255,255,255,255,255,255,255,255,255,255,255,255,255,255,255,255,255,255,255,
   255,255,255,255,255,255,255,255,255,255,255,255,255,255,255,255,255,255,255,255,255,255,255,255,255,255,255,255,255,255,255,255,
   255,255,255,255,255,255,255,255,255,255,255,255,255,255,255,255,255,255,255,255,255,255,255,255,255,255,255,255,255,255,255,255,
   255,255,255,255,255,255,255,255,255,255,255,255,255,255,255,255,255,255,255,255,255,255,255,255,255,255,255,255,255,255,255,255,
   255,255,255,255,255,255,255,255,255,253,255,189,20,0,1,0,0,0,0,0,0,0,0,0,0,0,0,3,0,76,255,254,
   255,255,255,255,255,255,255,255,255,255,255,255,255,255,255,255,255,255,255,255,255,255,255,255,255,255,255,255,255,255,255,255,
   255,255,255,255,255,255,255,255,255,255,255,255,255,255,255,255,255,255,255,255,255,255,255,255,255,255,255,255,255,255,255,255,
   255,255,255,255,255,255,255,255,255,255,255,255,255,255,255,255,255,255,255,255,255,255,255,255,255,255,255,255,255,255,255,255,
   255,255,255,255,255,255,255,255,255,255,255,255,255,255,255,255,255,255,255,255,255,255,255,255,255,255,255,255,255,255,255,255,
   255,255,255,255,255,255,255,255,255,255,255,255,255,255,255,255,255,255,255,255,255,255,255,255,255,255,255,255,255,255,255,255,
   255,255,255,255,255,255,255,255,255,255,255,255,255,255,255,255,255,255,255,255,255,255,255,255,255,255,255,255,255,255,255,255,
   255,255,255,255,255,255,255,255,255,255,255,255,255,255,255,255,255,255,255,255,255,255,255,255,255,255,255,255,255,255,255,255,
   255,255,255,255,255,255,255,255,255,255,255,255,255,255,255,255,255,253,255,188,20,0,1,0,0,0,0,0,0,0,0,0,
   0,0,0,2,0,38,219,255,254,255,255,255,255,255,255,255,255,255,255,255,255,255,255,255,255,255,255,255,255,255,255,255,
   255,255,255,255,255,255,255,255,255,255,255,255,255,255,255,255,255,255,255,255,255,255,255,255,255,255,255,255,255,255,255,255,
   255,255,255,255,255,255,255,255,255,255,255,255,255,255,255,255,255,255,255,255,255,255,255,255,255,255,255,255,255,255,255,255,
   255,255,255,255,255,255,255,255,255,255,255,255,255,255,255,255,255,255,255,255,255,255,255,255,255,255,255,255,255,255,255,255,
   255,255,255,255,255,255,255,255,255,255,255,255,255,255,255,255,255,255,255,255,255,255,255,255,255,255,255,255,255,255,255,255,
   255,255,255,255,255,255,255,255,255,255,255,255,255,255,255,255,255,255,255,255,255,255,255,255,255,255,255,255,255,255,255,255,
   255,255,255,255,255,255,255,255,255,255,255,255,255,255,255,255,255,255,255,255,255,255,255,255,255,255,255,255,255,255,255,255,
   255,255,255,255,255,255,255,255,255,255,255,255,255,255,255,255,255,255,255,255,255,255,255,255,255,253,255,189,20,0,1,0,
   0,0,0,0,0,0,0,0,0,0,0,0,1,0,156,255,252,255,255,255,255,255,255,255,255,255,255,255,255,255,255,255,
   255,255,255,255,255,255,255,255,255,255,255,255,255,255,255,255,255,255,255,255,255,255,255,255,255,255,255,255,255,255,255,255,
   255,255,255,255,255,255,255,255,255,255,255,255,255,255,255,255,255,255,255,255,255,255,255,255,255,255,255,255,255,255,255,255,
   255,255,255,255,255,255,255,255,255,255,255,255,255,255,255,255,255,255,255,255,255,255,255,255,255,255,255,255,255,255,255,255,
   255,255,255,255,255,255,255,255,255,255,255,255,255,255,255,255,255,255,255,255,255,255,255,255,255,255,255,255,255,255,255,255,
   255,255,255,255,255,255,255,255,255,255,255,255,255,255,255,255,255,255,255,255,255,255,255,255,255,255,255,255,255,255,255,255,
   255,255,255,255,255,255,255,255,255,255,255,255,255,255,255,255,255,255,255,255,255,255,255,255,255,255,255,255,255,255,255,255,
   255,255,255,255,255,255,255,255,255,255,255,255,255,255,255,255,255,255,255,255,255,255,255,255,255,255,255,255,255,255,255,255,
   255,253,255,187,19,0,1,0,0,0,0,0,0,0,0,0,0,0,0,0,3,0,120,255,252,255,255,255,255,254,254,255,
   255,255,255,255,255,255,255,255,255,255,255,255,255,255,255,255,255,255,255,255,255,255,255,255,255,255,255,255,255,255,255,255,
   255,255,255,255,255,255,255,255,255,255,255,255,255,255,255,255,255,255,255,255,255,255,255,255,255,255,255,255,255,255,255,255,
   255,255,255,255,255,255,255,255,255,255,255,255,255,255,255,255,255,255,255,255,255,255,255,255,255,255,255,255,255,255,255,255,
   255,255,255,255,255,255,255,255,255,255,255,255,255,255,255,255,255,255,255,255,255,255,255,255,255,255,255,255,255,255,255,255,
   255,255,255,255,255,255,255,255,255,255,255,255,255,255,255,255,255,255,255,255,255,255,255,255,255,255,255,255,255,255,255,255,
   255,255,255,255,255,255,255,255,255,255,255,255,255,255,255,255,255,255,255,255,255,255,255,255,255,255,255,255,255,255,255,255,
   255,255,255,255,255,255,255,255,255,255,255,255,255,255,255,255,255,255,255,255,255,255,255,255,255,255,255,255,255,255,255,255,
   255,255,255,255,255,255,255,255,255,253,255,193,23,0,1,0,0,0,0,0,0,0,0,0,0,0,0,0,2,0,62,236,
   255,251,253,252,253,255,255,254,255,255,255,255,255,255,255,255,255,255,255,255,255,255,255,255,255,255,255,255,255,255,255,255,
   255,255,255,255,255,255,255,255,255,255,255,255,255,255,255,255,255,255,255,255,255,255,255,255,255,255,255,255,255,255,255,255,
   255,255,255,255,255,255,255,255,255,255,255,255,255,255,255,255,255,255,255,255,255,255,255,255,255,255,255,255,255,255,255,255,
   255,255,255,255,255,255,255,255,255,255,255,255,255,255,255,255,255,255,255,255,255,255,255,255,255,255,255,255,255,255,255,255,
   255,255,255,255,255,255,255,255,255,255,255,255,255,255,255,255,255,255,255,255,255,255,255,255,255,255,255,255,255,255,255,255,
   255,255,255,255,255,255,255,255,255,255,255,255,255,255,255,255,255,255,255,255,255,255,255,255,255,255,255,255,255,255,255,255,
   255,255,255,255,255,255,255,255,255,255,255,255,255,255,255,255,255,255,255,255,255,255,255,255,255,255,255,255,255,255,255,255,
   255,255,255,255,255,255,255,255,253,252,252,253,253,253,253,253,253,250,255,176,11,0,1,0,0,0,0,0,0,0,0,0,
   0,0,0,0,0,1,0,161,255,255,255,255,255,254,250,255,254,255,255,255,255,255,255,255,255,255,255,255,255,255,255,255,
   255,255,255,255,255,255,255,255,255,255,255,255,255,255,255,255,255,255,255,255,255,255,255,255,255,255,255,255,255,255,255,255,
   255,255,255,255,255,255,255,255,255,255,255,255,255,255,255,255,255,255,255,255,255,255,255,255,255,255,255,255,255,255,255,255,
   255,255,255,255,255,255,255,255,255,255,255,255,255,255,255,255,255,255,255,255,255,255,255,255,255,255,255,255,255,255,255,255,
   255,255,255,255,255,255,255,255,255,255,255,255,255,255,255,255,255,255,255,255,255,255,255,255,255,255,255,255,255,255,255,255,
   255,255,255,255,255,255,255,255,255,255,255,255,255,255,255,255,255,255,255,255,255,255,255,255,255,255,255,255,255,255,255,255,
   255,255,255,255,255,255,255,255,255,255,255,255,255,255,255,255,255,255,255,255,255,255,255,255,255,255,255,255,255,255,255,255,
   255,255,255,255,255,255,255,255,255,255,255,255,255,255,255,255,255,255,255,255,255,255,255,255,255,255,255,117,0,3,0,0,
   0,0,0,0,0,0,0,0,0,0,0,0,0,1,0,38,154,191,188,168,140,112,93,207,255,253,255,255,255,255,255,255,
   255,255,255,255,255,255,255,255,255,255,255,255,255,255,255,255,255,255,255,255,255,255,255,255,255,255,255,255,255,255,255,255,
   255,255,255,255,255,255,255,255,255,255,255,255,255,255,255,255,255,255,255,255,255,255,255,255,255,255,255,255,255,255,255,255,
   255,255,255,255,255,255,255,255,255,255,255,255,255,255,255,255,255,255,255,255,255,255,255,255,255,255,255,255,255,255,255,255,
   255,255,255,255,255,255,255,255,255,255,255,255,255,255,255,255,255,255,255,255,255,255,255,255,255,255,255,255,255,255,255,255,
   255,255,255,255,255,255,255,255,255,255,255,255,255,255,255,255,255,255,255,255,255,255,255,255,255,255,255,255,255,255,255,255,
   255,255,255,255,255,255,255,255,255,255,255,255,255,255,255,255,255,255,255,255,255,255,255,255,255,255,255,255,255,255,255,255,
   255,255,255,255,255,255,255,255,255,255,255,255,255,255,255,255,255,255,255,255,255,255,255,255,188,168,185,205,202,191,200,201,
   204,198,145,27,0,1,0,0,0,0,0,0,0,0,0,0,0,0,0,0,0,0,1,0,0,9,8,0,0,0,0,68,
   238,255,254,255,255,255,255,255,255,255,255,255,255,255,255,255,255,255,255,255,255,255,255,255,255,255,255,255,255,255,255,255,
   255,255,255,255,255,255,255,255,255,255,255,255,255,255,255,255,255,255,255,255,255,255,255,255,255,255,255,255,255,255,255,255,
   255,255,255,255,255,255,255,255,255,255,255,255,255,255,255,255,255,255,255,255,255,255,255,255,255,255,255,255,255,255,255,255,
   255,255,255,255,255,255,255,255,255,255,255,255,255,255,255,255,255,255,255,255,255,255,255,255,255,255,255,255,255,255,255,255,
   255,255,255,255,255,255,255,255,255,255,255,255,255,255,255,255,255,255,255,255,255,255,255,255,255,255,255,255,255,255,255,255,
   255,255,255,255,255,255,255,255,255,255,255,255,255,255,255,255,255,255,255,255,255,255,255,255,255,255,255,255,255,255,255,255,
   255,255,255,255,255,255,255,255,255,255,255,255,255,255,255,255,255,255,255,255,255,255,255,255,255,255,255,255,255,254,255,255,
   71,0,5,28,24,11,21,22,28,15,0,0,1,0,0,0,0,0,0,0,0,0,0,0,0,0,0,0,0,0,0,1,
   2,0,0,1,2,2,3,0,119,255,255,254,255,255,255,255,255,255,255,255,255,255,255,255,255,255,255,255,255,255,255,255,
   255,255,255,255,255,255,255,255,255,255,255,255,255,255,255,255,255,255,255,255,255,255,255,255,255,255,255,255,255,255,255,255,
   255,255,255,255,255,255,255,255,255,255,255,255,255,255,255,255,255,255,255,255,255,255,255,255,255,255,255,255,255,255,255,255,
   255,255,255,255,255,255,255,255,255,255,255,255,255,255,255,255,255,255,255,255,255,255,255,255,255,255,255,255,255,255,255,255,
   255,255,255,255,255,255,255,255,255,255,255,255,255,255,255,255,255,255,255,255,255,255,255,255,255,255,255,255,255,255,255,255,
   255,255,255,255,255,255,255,255,255,255,255,255,255,255,255,255,255,255,255,255,255,255,255,255,255,255,255,255,255,255,255,255,
   255,255,255,255,255,255,255,255,255,255,255,255,255,255,255,255,255,255,255,255,255,255,255,255,255,255,255,255,255,255,255,255,
   255,255,255,255,255,255,254,255,139,1,0,0,0,0,0,0,0,0,2,1,0,0,0,0,0,0,0,0,0,0,0,0,
   0,0,0,0,0,0,0,0,0,1,1,0,0,0,1,2,22,187,255,254,255,255,255,255,255,255,255,255,255,255,255,255,
   255,255,255,255,255,255,255,255,255,255,255,255,255,255,255,255,255,255,255,255,255,255,255,255,255,255,255,255,255,255,255,255,
   255,255,255,255,255,255,255,255,255,255,255,255,255,255,255,255,255,255,255,255,255,255,255,255,255,255,255,255,255,255,255,255,
   255,255,255,255,255,255,255,255,255,255,255,255,255,255,255,255,255,255,255,255,255,255,255,255,255,255,255,255,255,255,255,255,
   255,255,255,255,255,255,255,255,255,255,255,255,255,255,255,255,255,255,255,255,255,255,255,255,255,255,255,255,255,255,255,255,
   255,255,255,255,255,255,255,255,255,255,255,255,255,255,255,255,255,255,255,255,255,255,255,255,255,255,255,255,255,255,255,255,
   255,255,255,255,255,255,255,255,255,255,255,255,255,255,255,255,255,255,255,255,255,255,255,255,255,255,255,255,255,255,255,255,
   255,255,255,255,255,255,255,255,255,255,255,255,255,255,253,255,204,13,0,2,1,1,1,1,1,1,0,0,0,0,0,0,
   0,0,0,0,0,0,0,0,0,0,0,0,0,0,0,0,0,0,0,0,0,0,0,8,19,128,255,254,255,255,255,255,
   255,255,255,255,255,255,255,255,255,255,255,255,255,255,255,255,255,255,255,255,255,255,255,255,255,255,255,255,255,255,255,255,
   255,255,255,255,255,255,255,255,255,255,255,255,255,255,255,255,255,255,255,255,255,255,255,255,255,255,255,255,255,255,255,255,
   255,255,255,255,255,255,255,255,255,255,255,255,255,255,255,255,255,255,255,255,255,255,255,255,255,255,255,255,255,255,255,255,
   255,255,255,255,255,255,255,255,255,255,255,255,255,255,255,255,255,255,255,255,255,255,255,255,255,255,255,255,255,255,255,255,
   255,255,255,255,255,255,255,255,255,255,255,255,255,255,255,255,255,255,255,255,255,255,255,255,255,255,255,255,255,255,255,255,
   255,255,255,255,255,255,255,255,255,255,255,255,255,255,255,255,255,255,255,255,255,255,255,255,255,255,255,255,255,255,255,255,
   255,255,255,255,255,255,255,255,255,255,255,255,255,255,255,255,255,255,255,255,255,255,253,255,228,23,0,1,0,0,0,0,
   0,0,0,0,0,0,0,0,0,0,0,0,0,0,0,0,0,0,0,0,0,0,0,0,0,0,0,0,0,0,1,9,
   33,195,255,253,255,255,255,255,255,255,255,255,255,255,255,255,255,255,255,255,255,255,255,255,255,255,255,255,255,255,255,255,
   255,255,255,255,255,255,255,255,255,255,255,255,255,255,255,255,255,255,255,255,255,255,255,255,255,255,255,255,255,255,255,255,
   255,255,255,255,255,255,255,255,255,255,255,255,255,255,255,255,255,255,255,255,255,255,255,255,255,255,255,255,255,255,255,255,
   255,255,255,255,255,255,255,255,255,255,255,255,255,255,255,255,255,255,255,255,255,255,255,255,255,255,255,255,255,255,255,255,
   255,255,255,255,255,255,255,255,255,255,255,255,255,255,255,255,255,255,255,255,255,255,255,255,255,255,255,255,255,255,255,255,
   255,255,255,255,255,255,255,255,255,255,255,255,255,255,255,255,255,255,255,255,255,255,255,255,255,255,255,255,255,255,255,255,
   255,255,255,255,255,255,255,255,255,255,255,255,255,255,255,255,255,255,255,255,255,255,255,255,255,255,255,255,255,255,254,255,
   230,36,0,1,0,0,0,0,0,0,0,0,0,0,0,0,0,0,0,0,0,0,0,0,0,0,0,0,0,0,0,0,
   0,0,0,0,0,0,3,12,49,230,255,253,255,255,255,255,255,255,255,255,255,255,255,255,255,255,255,255,255,255,255,255,
   255,255,255,255,255,255,255,255,255,255,255,255,255,255,255,255,255,255,255,255,255,255,255,255,255,255,255,255,255,255,255,255,
   255,255,255,255,255,255,255,255,255,255,255,255,255,255,255,255,255,255,255,255,255,255,255,255,255,255,255,255,255,255,255,255,
   255,255,255,255,255,255,255,255,255,255,255,255,255,255,255,255,255,255,255,255,255,255,255,255,255,255,255,255,255,255,255,255,
   255,255,255,255,255,255,255,255,255,255,255,255,255,255,255,255,255,255,255,255,255,255,255,255,255,255,255,255,255,255,255,255,
   255,255,255,255,255,255,255,255,255,255,255,255,255,255,255,255,255,255,255,255,255,255,255,255,255,255,255,255,255,255,255,255,
   255,255,255,255,255,255,255,255,255,255,255,255,255,255,255,255,255,255,255,255,255,255,255,255,255,255,255,255,255,255,255,255,
   255,255,255,255,255,255,254,255,235,49,0,1,0,0,0,0,0,0,0,0,0,0,0,0,0,0,0,0,0,0,0,0,
   0,0,0,0,0,0,0,0,0,0,0,0,0,0,5,15,82,237,255,254,255,255,255,255,255,255,255,255,255,255,255,255,
   255,255,255,255,255,255,255,255,255,255,255,255,255,255,255,255,255,255,255,255,255,255,255,255,255,255,255,255,255,255,255,255,
   255,255,255,255,255,255,255,255,255,255,255,255,255,255,255,255,255,255,255,255,255,255,255,255,255,255,255,255,255,255,255,255,
   255,255,255,255,255,255,255,255,255,255,255,255,255,255,255,255,255,255,255,255,255,255,255,255,255,255,255,255,255,255,255,255,
   255,255,255,255,255,255,255,255,255,255,255,255,255,255,255,255,255,255,255,255,255,255,255,255,255,255,255,255,255,255,255,255,
   255,255,255,255,255,255,255,255,255,255,255,255,255,255,255,255,255,255,255,255,255,255,255,255,255,255,255,255,255,255,255,255,
   255,255,255,255,255,255,255,255,255,255,255,255,255,255,255,255,255,255,255,255,255,255,255,255,255,255,255,255,255,255,255,255,
   255,255,255,255,255,255,255,255,255,255,255,255,255,255,254,255,237,57,0,1,0,0,0,0,0,0,0,0,0,0,0,0,
   0,0,0,0,0,0,0,0,0,0,0,0,0,0,0,0,0,0,0,0,0,0,8,16,128,252,255,254,255,255,255,255,
   255,255,255,255,255,255,255,255,255,255,255,255,255,255,255,255,255,255,255,255,255,255,255,255,255,255,255,255,255,255,255,255,
   255,255,255,255,255,255,255,255,255,255,255,255,255,255,255,255,255,255,255,255,255,255,255,255,255,255,255,255,255,255,255,255,
   255,255,255,255,255,255,255,255,255,255,255,255,255,255,255,255,255,255,255,255,255,255,255,255,255,255,255,255,255,255,255,255,
   255,255,255,255,255,255,255,255,255,255,255,255,255,255,255,255,255,255,255,255,255,255,255,255,255,255,255,255,255,255,255,255,
   255,255,255,255,255,255,255,255,255,255,255,255,255,255,255,255,255,255,255,255,255,255,255,255,255,255,255,255,255,255,255,255,
   255,255,255,255,255,255,255,255,255,255,255,255,255,255,255,255,255,255,255,255,255,255,255,255,255,255,255,255,255,255,255,255,
   255,255,255,255,255,255,255,255,255,255,255,255,255,255,255,255,255,255,255,255,255,255,254,255,248,91,0,2,0,0,0,0,
   0,0,0,0,0,0,0,0,0,0,0,0,0,0,0,0,0,0,0,0,0,0,0,0,0,0,0,0,0,1,12,21,
   176,255,253,255,255,255,255,255,255,255,255,255,255,255,255,255,255,255,255,255,255,255,255,255,255,255,255,255,255,255,255,255,
   255,255,255,255,255,255,255,255,255,255,255,255,255,255,255,255,255,255,255,255,255,255,255,255,255,255,255,255,255,255,255,255,
   255,255,255,255,255,255,255,255,255,255,255,255,255,255,255,255,255,255,255,255,255,255,255,255,255,255,255,255,255,255,255,255,
   255,255,255,255,255,255,255,255,255,255,255,255,255,255,255,255,255,255,255,255,255,255,255,255,255,255,255,255,255,255,255,255,
   255,255,255,255,255,255,255,255,255,255,255,255,255,255,255,255,255,255,255,255,255,255,255,255,255,255,255,255,255,255,255,255,
   255,255,255,255,255,255,255,255,255,255,255,255,255,255,255,255,255,255,255,255,255,255,255,255,255,255,255,255,255,255,255,255,
   255,255,255,255,255,255,255,255,255,255,255,255,255,255,255,255,255,255,255,255,255,255,255,255,255,255,255,255,255,255,254,255,
   253,105,0,2,0,0,0,0,0,0,0,0,0,0,0,0,0,0,0,0,0,0,0,0,0,0,0,0,0,0,0,0,
   0,0,0,0,0,2,12,44,202,255,253,255,255,255,255,255,255,255,255,255,255,255,255,255,255,255,255,255,255,255,255,255,
   255,255,255,255,255,255,255,255,255,255,255,255,255,255,255,255,255,255,255,255,255,255,255,255,255,255,255,255,255,255,255,255,
   255,255,255,255,255,255,255,255,255,255,255,255,255,255,255,255,255,255,255,255,255,255,255,255,255,255,255,255,255,255,255,255,
   255,255,255,255,255,255,255,255,255,255,255,255,255,255,255,255,255,255,255,255,255,255,255,255,255,255,255,255,255,255,255,255,
   255,255,255,255,255,255,255,255,255,255,255,255,255,255,255,255,255,255,255,255,255,255,255,255,255,255,255,255,255,255,255,255,
   255,255,255,255,255,255,255,255,255,255,255,255,255,255,255,255,255,255,255,255,255,255,255,255,255,255,255,255,255,255,255,255,
   255,255,255,255,255,255,255,255,255,255,255,255,255,255,255,255,255,255,255,255,255,255,255,255,255,255,255,255,255,255,255,255,
   255,255,255,255,255,255,254,255,249,95,0,2,0,0,0,0,0,0,0,0,0,0,0,0,0,0,0,0,0,0,0,0,
   0,0,0,0,0,0,0,0,0,0,0,0,0,5,11,81,230,255,254,255,255,255,255,255,255,255,255,255,255,255,255,255,
   255,255,255,255,255,255,255,255,255,255,255,255,255,255,255,255,255,255,255,255,255,255,255,255,255,255,255,255,255,255,255,255,
   255,255,255,255,255,255,255,255,255,255,255,255,255,255,255,255,255,255,255,255,255,255,255,255,255,255,255,255,255,255,255,255,
   255,255,255,255,255,255,255,255,255,255,255,255,255,255,255,255,255,255,255,255,255,255,255,255,255,255,255,255,255,255,255,255,
   255,255,255,255,255,255,255,255,255,255,255,255,255,255,255,255,255,255,255,255,255,255,255,255,255,255,255,255,255,255,255,255,
   255,255,255,255,255,255,255,255,255,255,255,255,255,255,255,255,255,255,255,255,255,255,255,255,255,255,255,255,255,255,255,255,
   255,255,255,255,255,255,255,255,255,255,255,255,255,255,255,255,255,255,255,255,255,255,255,255,255,255,255,255,255,255,255,255,
   255,255,255,255,255,255,255,255,255,255,255,255,255,255,254,255,235,50,0,1,0,0,0,0,0,0,0,0,0,0,0,0,
   0,0,0,0,0,0,0,0,0,0,0,0,0,0,0,0,0,0,0,0,0,9,10,123,255,253,255,255,255,255,255,255,
   255,255,255,255,255,255,255,255,255,255,255,255,255,255,255,255,255,255,255,255,255,255,255,255,255,255,255,255,255,255,255,255,
   255,255,255,255,255,255,255,255,255,255,255,255,255,255,255,255,255,255,255,255,255,255,255,255,255,255,255,255,255,255,255,255,
   255,255,255,255,255,255,255,255,255,255,255,255,255,255,255,255,255,255,255,255,255,255,255,255,255,255,255,255,255,255,255,255,
   255,255,255,255,255,255,255,255,255,255,255,255,255,255,255,255,255,255,255,255,255,255,255,255,255,255,255,255,255,255,255,255,
   255,255,255,255,255,255,255,255,255,255,255,255,255,255,255,255,255,255,255,255,255,255,255,255,255,255,255,255,255,255,255,255,
   255,255,255,255,255,255,255,255,255,255,255,255,255,255,255,255,255,255,255,255,255,255,255,255,255,255,255,255,255,255,255,255,
   255,255,255,255,255,255,255,255,255,255,255,255,255,255,255,255,255,255,255,255,255,255,253,255,221,16,0,1,0,0,0,0,
   0,0,0,0,0,0,0,0,0,0,0,0,0,0,0,0,0,0,0,0,0,0,0,0,0,0,0,0,1,10,22,156,
   255,253,255,255,255,255,255,255,255,255,255,255,255,255,255,255,255,255,255,255,255,255,255,255,255,255,255,255,255,255,255,255,
   255,255,255,255,255,255,255,255,255,255,255,255,255,255,255,255,255,255,255,255,255,255,255,255,255,255,255,255,255,255,255,255,
   255,255,255,255,255,255,255,255,255,255,255,255,255,255,255,255,255,255,255,255,255,255,255,255,255,255,255,255,255,255,255,255,
   255,255,255,255,255,255,255,255,255,255,255,255,255,255,255,255,255,255,255,255,255,255,255,255,255,255,255,255,255,255,255,255,
   255,255,255,255,255,255,255,255,255,255,255,255,255,255,255,255,255,255,255,255,255,255,255,255,255,255,255,255,255,255,255,255,
   255,255,255,255,255,255,255,255,255,255,255,255,255,255,255,255,255,255,255,255,255,255,255,255,255,255,255,255,255,255,255,255,
   255,255,255,255,255,255,255,255,255,255,255,255,255,255,255,255,255,255,255,255,255,255,255,255,255,255,255,255,255,255,253,255,
   144,0,0,0,0,0,0,0,0,0,0,0,0,0,0,0,0,0,0,0,0,0,0,0,0,0,0,0,0,0,0,0,
   0,0,0,0,3,10,46,196,255,253,255,255,255,255,255,255,255,255,255,255,255,255,255,255,255,255,255,255,255,255,255,255,
   255,255,255,255,255,255,255,255,255,255,255,255,255,255,255,255,255,255,255,255,255,255,255,255,255,255,255,255,255,255,255,255,
   255,255,255,255,255,255,255,255,255,255,255,255,255,255,255,255,255,255,255,255,255,255,255,255,255,255,255,255,255,255,255,255,
   255,255,255,255,255,255,255,255,255,255,255,255,255,255,255,255,255,255,255,255,255,255,255,255,255,255,255,255,255,255,255,255,
   255,255,255,255,255,255,255,255,255,255,255,255,255,255,255,255,255,255,255,255,255,255,255,255,255,255,255,255,255,255,255,255,
   255,255,255,255,255,255,255,255,255,255,255,255,255,255,255,255,255,255,255,255,255,255,255,255,255,255,255,255,255,255,255,255,
   255,255,255,255,255,255,255,255,255,255,255,255,255,255,255,255,255,255,255,255,255,255,255,255,255,255,255,255,255,255,255,255,
   255,255,255,255,255,254,255,248,53,0,2,0,0,0,0,0,0,0,0,0,0,0,0,0,0,0,0,0,0,0,0,0,
   0,0,0,0,0,0,0,0,0,0,0,0,5,9,74,244,255,254,255,255,255,255,255,255,255,255,255,255,255,255,255,255,
   255,255,255,255,255,255,255,255,255,255,255,255,255,255,255,255,255,255,255,255,255,255,255,255,255,255,255,255,255,255,255,255,
   255,255,255,255,255,255,255,255,255,255,255,255,255,255,255,255,255,255,255,255,255,255,255,255,255,255,255,255,255,255,255,255,
   255,255,255,255,255,255,255,255,255,255,255,255,255,255,255,255,255,255,255,255,255,255,255,255,255,255,255,255,255,255,255,255,
   255,255,255,255,255,255,255,255,255,255,255,255,255,255,255,255,255,255,255,255,255,255,255,255,255,255,255,255,255,255,255,255,
   255,255,255,255,255,255,255,255,255,255,255,255,255,255,255,255,255,255,255,255,255,255,255,255,255,255,255,255,255,255,255,255,
   255,255,255,255,255,255,255,255,255,255,255,255,255,255,255,255,255,255,255,255,255,255,255,255,255,255,255,255,255,255,255,255,
   255,255,255,255,255,255,255,255,255,255,255,255,255,252,255,151,0,0,1,0,0,0,0,0,0,0,0,0,0,0,0,0,
   0,0,0,0,0,0,0,0,0,0,0,0,0,0,0,0,0,0,0,0,7,13,103,255,254,255,255,255,255,255,255,255,
   255,255,255,255,255,255,255,255,255,255,255,255,255,255,255,255,255,255,255,255,255,255,255,255,255,255,255,255,255,255,255,255,
   255,255,255,255,255,255,255,255,255,255,255,255,255,255,255,255,255,255,255,255,255,255,255,255,255,255,255,255,255,255,255,255,
   255,255,255,255,255,255,255,255,255,255,255,255,255,255,255,255,255,255,255,255,255,255,255,255,255,255,255,255,255,255,255,255,
   255,255,255,255,255,255,255,255,255,255,255,255,255,255,255,255,255,255,255,255,255,255,255,255,255,255,255,255,255,255,255,255,
   255,255,255,255,255,255,255,255,255,255,255,255,255,255,255,255,255,255,255,255,255,255,255,255,255,255,255,255,255,255,255,255,
   255,255,255,255,255,255,255,255,255,255,255,255,255,255,255,255,255,255,255,255,255,255,255,255,255,255,255,255,255,255,255,255,
   255,255,255,255,255,255,255,255,255,255,255,255,255,255,255,255,255,255,255,255,254,255,232,47,0,2,0,0,0,0,0,0,
   0,0,0,0,0,0,0,0,0,0,0,0,0,0,0,0,0,0,0,0,0,0,0,0,0,0,0,1,9,24,145,255,
   254,255,255,255,255,255,255,255,255,255,255,255,255,255,255,255,255,255,255,255,255,255,255,255,255,255,255,255,255,255,255,255,
   255,255,255,255,255,255,255,255,255,255,255,255,255,255,255,255,255,255,255,255,255,255,255,255,255,255,255,255,255,255,255,255,
   255,255,255,255,255,255,255,255,255,255,255,255,255,255,255,255,255,255,255,255,255,255,255,255,255,255,255,255,255,255,255,255,
   255,255,255,255,255,255,255,255,255,255,255,255,255,255,255,255,255,255,255,255,255,255,255,255,255,255,255,255,255,255,255,255,
   255,255,255,255,255,255,255,255,255,255,255,255,255,255,255,255,255,255,255,255,255,255,255,255,255,255,255,255,255,255,255,255,
   255,255,255,255,255,255,255,255,255,255,255,255,255,255,255,255,255,255,255,255,255,255,255,255,255,255,255,255,255,255,255,255,
   255,255,255,255,255,255,255,255,255,255,255,255,255,255,255,255,255,255,255,255,255,255,255,255,255,255,255,255,252,255,145,0,
   2,0,0,0,0,0,0,0,0,0,0,0,0,0,0,0,0,0,0,0,0,0,0,0,0,0,0,0,0,0,0,0,
   0,0,0,2,10,38,209,255,253,255,255,255,255,255,255,255,255,255,255,255,255,255,255,255,255,255,255,255,255,255,255,255,
   255,255,255,255,255,255,255,255,255,255,255,255,255,255,255,255,255,255,255,255,255,255,255,255,255,255,255,255,255,255,255,255,
   255,255,255,255,255,255,255,255,255,255,255,255,255,255,255,255,255,255,255,255,255,255,255,255,255,255,255,255,255,255,255,255,
   255,255,255,255,255,255,255,255,255,255,255,255,255,255,255,255,255,255,255,255,255,255,255,255,255,255,255,255,255,255,255,255,
   255,255,255,255,255,255,255,255,255,255,255,255,255,255,255,255,255,255,255,255,255,255,255,255,255,255,255,255,255,255,255,255,
   255,255,255,255,255,255,255,255,255,255,255,255,255,255,255,255,255,255,255,255,255,255,255,255,255,255,255,255,255,255,255,255,
   255,255,255,255,255,255,255,255,255,255,255,255,255,255,255,255,255,255,255,255,255,255,255,255,255,255,255,255,255,255,255,255,
   255,255,255,254,255,213,32,0,1,0,0,0,0,0,0,0,0,0,0,0,0,0,0,0,0,0,0,0,0,0,0,0,
   0,0,0,0,0,0,0,0,0,0,0,3,13,57,233,255,254,255,255,255,255,255,255,255,255,255,255,255,255,255,255,255,
   255,255,255,255,255,255,255,255,255,255,255,255,255,255,255,255,255,255,255,255,255,255,255,255,255,255,255,255,255,255,255,255,
   255,255,255,255,255,255,255,255,255,255,255,255,255,255,255,255,255,255,255,255,255,255,255,255,255,255,255,255,255,255,255,255,
   255,255,255,255,255,255,255,255,255,255,255,255,255,255,255,255,255,255,255,255,255,255,255,255,255,255,255,255,255,255,255,255,
   255,255,255,255,255,255,255,255,255,255,255,255,255,255,255,255,255,255,255,255,255,255,255,255,255,255,255,255,255,255,255,255,
   255,255,255,255,255,255,255,255,255,255,255,255,255,255,255,255,255,255,255,255,255,255,255,255,255,255,255,255,255,255,255,255,
   255,255,255,255,255,255,255,255,255,255,255,255,255,255,255,255,255,255,255,255,255,255,255,255,255,255,255,255,255,255,255,255,
   255,255,255,255,255,255,255,255,255,255,255,254,255,81,0,2,0,0,0,0,0,0,0,0,0,0,0,0,0,0,0,0,
   0,0,0,0,0,0,0,0,0,0,0,0,0,0,0,0,0,0,0,6,15,96,242,255,254,255,255,255,255,255,255,255,
   255,255,255,255,255,255,255,255,255,255,255,255,255,255,255,255,255,255,255,255,255,255,255,255,255,255,255,255,255,255,255,255,
   255,255,255,255,255,255,255,255,255,255,255,255,255,255,255,255,255,255,255,255,255,255,255,255,255,255,255,255,255,255,255,255,
   255,255,255,255,255,255,255,255,255,255,255,255,255,255,255,255,255,255,255,255,255,255,255,255,255,255,255,255,255,255,255,255,
   255,255,255,255,255,255,255,255,255,255,255,255,255,255,255,255,255,255,255,255,255,255,255,255,255,255,255,255,255,255,255,255,
   255,255,255,255,255,255,255,255,255,255,255,255,255,255,255,255,255,255,255,255,255,255,255,255,255,255,255,255,255,255,255,255,
   255,255,255,255,255,255,255,255,255,255,255,255,255,255,255,255,255,255,255,255,255,255,255,255,255,255,255,255,255,255,255,255,
   255,255,255,255,255,255,255,255,255,255,255,255,255,255,255,255,255,255,252,255,172,4,0,1,0,0,0,0,0,0,0,0,
   0,0,0,0,0,0,0,0,0,0,0,0,0,0,0,0,0,0,0,0,0,0,0,0,0,0,0,9,17,145,255,254,
   255,255,255,255,255,255,255,255,255,255,255,255,255,255,255,255,255,255,255,255,255,255,255,255,255,255,255,255,255,255,255,255,
   255,255,255,255,255,255,255,255,255,255,255,255,255,255,255,255,255,255,255,255,255,255,255,255,255,255,255,255,255,255,255,255,
   255,255,255,255,255,255,255,255,255,255,255,255,255,255,255,255,255,255,255,255,255,255,255,255,255,255,255,255,255,255,255,255,
   255,255,255,255,255,255,255,255,255,255,255,255,255,255,255,255,255,255,255,255,255,255,255,255,255,255,255,255,255,255,255,255,
   255,255,255,255,255,255,255,255,255,255,255,255,255,255,255,255,255,255,255,255,255,255,255,255,255,255,255,255,255,255,255,255,
   255,255,255,255,255,255,255,255,255,255,255,255,255,255,255,255,255,255,255,255,255,255,255,255,255,255,255,255,255,255,255,255,
   255,255,255,255,255,255,255,255,255,255,255,255,255,255,255,255,255,255,255,255,255,255,255,255,255,253,255,248,64,0,3,0,
   0,0,0,0,0,0,0,0,0,0,0,0,0,0,0,0,0,0,0,0,0,0,0,0,0,0,0,0,0,0,0,0,
   0,0,1,12,26,187,255,253,255,255,255,255,255,255,255,255,255,255,255,255,255,255,255,255,255,255,255,255,255,255,255,255,
   255,255,255,255,255,255,255,255,255,255,255,255,255,255,255,255,255,255,255,255,255,255,255,255,255,255,255,255,255,255,255,255,
   255,255,255,255,255,255,255,255,255,255,255,255,255,255,255,255,255,255,255,255,255,255,255,255,255,255,255,255,255,255,255,255,
   255,255,255,255,255,255,255,255,255,255,255,255,255,255,255,255,255,255,255,255,255,255,255,255,255,255,255,255,255,255,255,255,
   255,255,255,255,255,255,255,255,255,255,255,255,255,255,255,255,255,255,255,255,255,255,255,255,255,255,255,255,255,255,255,255,
   255,255,255,255,255,255,255,255,255,255,255,255,255,255,255,255,255,255,255,255,255,255,255,255,255,255,255,255,255,255,255,255,
   255,255,255,255,255,255,255,255,255,255,255,255,255,255,255,255,255,255,255,255,255,255,255,255,255,255,255,255,255,255,255,255,
   254,255,255,108,0,1,0,0,0,0,0,0,0,0,0,0,0,0,0,0,0,0,0,0,0,0,0,0,0,0,0,0,
   0,0,0,0,0,0,0,0,0,0,3,13,54,210,255,253,255,255,255,255,255,255,255,255,255,255,255,255,255,255,255,255,
   255,255,255,255,255,255,255,255,255,255,255,255,255,255,255,255,255,255,255,255,255,255,255,255,255,255,255,255,255,255,255,255,
   255,255,255,255,255,255,255,255,255,255,255,255,255,255,255,255,255,255,255,255,255,255,255,255,255,255,255,255,255,255,255,255,
   255,255,255,255,255,255,255,255,255,255,255,255,255,255,255,255,255,255,255,255,255,255,255,255,255,255,255,255,255,255,255,255,
   255,255,255,255,255,255,255,255,255,255,255,255,255,255,255,255,255,255,255,255,255,255,255,255,255,255,255,255,255,255,255,255,
   255,255,255,255,255,255,255,255,255,255,255,255,255,255,255,255,255,255,255,255,255,255,255,255,255,255,255,255,255,255,255,255,
   255,255,255,255,255,255,255,255,255,255,255,255,255,255,255,255,255,255,255,255,255,255,255,255,255,255,255,255,255,255,255,255,
   255,255,255,255,255,255,255,254,255,255,128,0,0,1,0,0,0,0,0,0,0,0,0,0,0,0,0,0,0,0,0,0,
   0,0,0,0,0,0,0,0,0,0,0,0,0,0,0,0,0,0,6,11,93,239,255,254,255,255,255,255,255,255,255,255,
   255,255,255,255,255,255,255,255,255,255,255,255,255,255,255,255,255,255,255,255,255,255,255,255,255,255,255,255,255,255,255,255,
   255,255,255,255,255,255,255,255,255,255,255,255,255,255,255,255,255,255,255,255,255,255,255,255,255,255,255,255,255,255,255,255,
   255,255,255,255,255,255,255,255,255,255,255,255,255,255,255,255,255,255,255,255,255,255,255,255,255,255,255,255,255,255,255,255,
   255,255,255,255,255,255,255,255,255,255,255,255,255,255,255,255,255,255,255,255,255,255,255,255,255,255,255,255,255,255,255,255,
   255,255,255,255,255,255,255,255,255,255,255,255,255,255,255,255,255,255,255,255,255,255,255,255,255,255,255,255,255,255,255,255,
   255,255,255,255,255,255,255,255,255,255,255,255,255,255,255,255,255,255,255,255,255,255,255,255,255,255,255,255,255,255,255,255,
   255,255,255,255,255,255,255,255,255,255,255,255,255,255,254,255,255,138,4,6,6,2,0,0,0,0,0,0,0,0,0,0,
   0,0,0,0,0,0,0,0,0,0,0,0,0,0,0,0,0,0,0,0,0,0,0,0,0,0,9,11,133,255,253,255,
   255,255,255,255,255,255,255,255,255,255,255,255,255,255,255,255,255,255,255,255,255,255,255,255,255,255,255,255,255,255,255,255,
   255,255,255,255,255,255,255,255,255,255,255,255,255,255,255,255,255,255,255,255,255,255,255,255,255,255,255,255,255,255,255,255,
   255,255,255,255,255,255,255,255,255,255,255,255,255,255,255,255,255,255,255,255,255,255,255,255,255,255,255,255,255,255,255,255,
   255,255,255,255,255,255,255,255,255,255,255,255,255,255,255,255,255,255,255,255,255,255,255,255,255,255,255,255,255,255,255,255,
   255,255,255,255,255,255,255,255,255,255,255,255,255,255,255,255,255,255,255,255,255,255,255,255,255,255,255,255,255,255,255,255,
   255,255,255,255,255,255,255,255,255,255,255,255,255,255,255,255,255,255,255,255,255,255,255,255,255,255,255,255,255,255,255,255,
   255,255,255,255,255,255,255,255,255,255,255,255,255,255,255,255,255,255,255,255,255,254,255,255,167,33,29,25,12,5,1,0,
   0,0,0,0,0,0,0,0,0,0,0,0,0,0,0,0,0,0,0,0,0,0,0,0,0,0,0,0,0,0,0,0,
   0,1,11,27,165,255,253,255,255,255,255,255,255,255,255,255,255,255,255,255,255,255,255,255,255,255,255,255,255,255,255,255,
   255,255,255,255,255,255,255,255,255,255,255,255,255,255,255,255,255,255,255,255,255,255,255,255,255,255,255,255,255,255,255,255,
   255,255,255,255,255,255,255,255,255,255,255,255,255,255,255,255,255,255,255,255,255,255,255,255,255,255,255,255,255,255,255,255,
   255,255,255,255,255,255,255,255,255,255,255,255,255,255,255,255,255,255,255,255,255,255,255,255,255,255,255,255,255,255,255,255,
   255,255,255,255,255,255,255,255,255,255,255,255,255,255,255,255,255,255,255,255,255,255,255,255,255,255,255,255,255,255,255,255,
   255,255,255,255,255,255,255,255,255,255,255,255,255,255,255,255,255,255,255,255,255,255,255,255,255,255,255,255,255,255,255,255,
   255,255,255,255,255,255,255,255,255,255,255,255,255,255,255,255,255,255,255,255,255,255,255,255,255,255,255,255,255,255,255,189,
   83,68,62,40,23,13,2,0,0,0,0,0,0,0,0,0,0,0,0,0,0,0,0,0,0,0,0,0,0,0,0,0,
   0,0,0,0,0,0,0,0,0,4,10,54,209,255,254,255,255,255,255,255,255,255,255,255,255,255,255,255,255,255,255,255,
   255,255,255,255,255,255,255,255,255,255,255,255,255,255,255,255,255,255,255,255,255,255,255,255,255,255,255,255,255,255,255,255,
   255,255,255,255,255,255,255,255,255,255,255,255,255,255,255,255,255,255,255,255,255,255,255,255,255,255,255,255,255,255,255,255,
   255,255,255,255,255,255,255,255,255,255,255,255,255,255,255,255,255,255,255,255,255,255,255,255,255,255,255,255,255,255,255,255,
   255,255,255,255,255,255,255,255,255,255,255,255,255,255,255,255,255,255,255,255,255,255,255,255,255,255,255,255,255,255,255,255,
   255,255,255,255,255,255,255,255,255,255,255,255,255,255,255,255,255,255,255,255,255,255,255,255,255,255,255,255,255,255,255,255,
   255,255,255,255,255,255,255,255,255,255,255,255,255,255,255,255,255,255,255,255,255,255,255,255,255,255,255,255,255,255,255,255,
   255,255,255,255,255,251,201,131,125,120,96,68,27,0,0,0,0,0,0,0,0,0,0,0,0,0,0,0,0,0,0,0,
   0,0,0,0,0,0,0,0,0,0,0,0,0,0,0,0,0,6,9,84,252,255,254,255,255,255,255,255,255,255,255,255,
   255,255,255,255,255,255,255,255,255,255,255,255,255,255,255,255,255,255,255,255,255,255,255,255,255,255,255,255,255,255,255,255,
   255,255,255,255,255,255,255,255,255,255,255,255,255,255,255,255,255,255,255,255,255,255,255,255,255,255,255,255,255,255,255,255,
   255,255,255,255,255,255,255,255,255,255,255,255,255,255,255,255,255,255,255,255,255,255,255,255,255,255,255,255,255,255,255,255,
   255,255,255,255,255,255,255,255,255,255,255,255,255,255,255,255,255,255,255,255,255,255,255,255,255,255,255,255,255,255,255,255,
   255,255,255,255,255,255,255,255,255,255,255,255,255,255,255,255,255,255,255,255,255,255,255,255,255,255,255,255,255,255,255,255,
   255,255,255,255,255,255,255,255,255,255,255,255,255,255,255,255,255,255,255,255,255,255,255,255,255,255,255,255,255,255,255,255,
   255,255,255,255,255,255,255,255,255,255,255,255,255,239,212,221,222,215,204,193,161,92,9,0,1,0,0,0,0,0,0,0,
   0,0,0,0,0,0,0,0,0,0,0,0,0,0,0,0,0,0,0,0,0,0,0,0,0,7,16,115,255,254,255,255,
   255,255,255,255,255,255,255,255,255,255,255,255,255,255,255,255,255,255,255,255,255,255,255,255,255,255,255,255,255,255,255,255,
   255,255,255,255,255,255,255,255,255,255,255,255,255,255,255,255,255,255,255,255,255,255,255,255,255,255,255,255,255,255,255,255,
   255,255,255,255,255,255,255,255,255,255,255,255,255,255,255,255,255,255,255,255,255,255,255,255,255,255,255,255,255,255,255,255,
   255,255,255,255,255,255,255,255,255,255,255,255,255,255,255,255,255,255,255,255,255,255,255,255,255,255,255,255,255,255,255,255,
   255,255,255,255,255,255,255,255,255,255,255,255,255,255,255,255,255,255,255,255,255,255,255,255,255,255,255,255,255,255,255,255,
   255,255,255,255,255,255,255,255,255,255,255,255,255,255,255,255,255,255,255,255,255,255,255,255,255,255,255,255,255,255,255,255,
   255,255,255,255,255,255,255,255,255,255,255,255,255,255,255,255,255,255,255,255,255,255,255,255,255,255,255,255,255,255,111,0,
   2,0,0,0,0,0,0,0,0,0,0,0,0,0,0,0,0,0,0,0,0,0,0,0,0,0,0,0,0,0,0,0,
   1,7,25,162,255,254,255,255,255,255,255,255,255,255,255,255,255,255,255,255,255,255,255,255,255,255,255,255,255,255,255,255,
   255,255,255,255,255,255,255,255,255,255,255,255,255,255,255,255,255,255,255,255,255,255,255,255,255,255,255,255,255,255,255,255,
   255,255,255,255,255,255,255,255,255,255,255,255,255,255,255,255,255,255,255,255,255,255,255,255,255,255,255,255,255,255,255,255,
   255,255,255,255,255,255,255,255,255,255,255,255,255,255,255,255,255,255,255,255,255,255,255,255,255,255,255,255,255,255,255,255,
   255,255,255,255,255,255,255,255,255,255,255,255,255,255,255,255,255,255,255,255,255,255,255,255,255,255,255,255,255,255,255,255,
   255,255,255,255,255,255,255,255,255,255,255,255,255,255,255,255,255,255,255,255,255,255,255,255,255,255,255,255,255,255,255,255,
   255,255,255,255,255,255,255,255,255,255,255,255,255,255,255,255,255,255,255,255,255,255,255,255,255,255,255,255,255,255,254,254,
   254,254,254,254,250,255,177,0,1,0,0,0,0,0,0,0,0,0,0,0,0,0,0,0,0,0,0,0,0,0,0,0,
   0,0,0,0,0,0,0,0,1,4,33,218,255,253,255,255,255,255,255,255,255,255,255,255,255,255,255,255,255,255,255,255,
   255,255,255,255,255,255,255,255,255,255,255,255,255,255,255,255,255,255,255,255,255,255,255,255,255,255,255,255,255,255,255,255,
   255,255,255,255,255,255,255,255,255,255,255,255,255,255,255,255,255,255,255,255,255,255,255,255,255,255,255,255,255,255,255,255,
   255,255,255,255,255,255,255,255,255,255,255,255,255,255,255,255,255,255,255,255,255,255,255,255,255,255,255,255,255,255,255,255,
   255,255,255,255,255,255,255,255,255,255,255,255,255,255,255,255,255,255,255,255,255,255,255,255,255,255,255,255,255,255,255,255,
   255,255,255,255,255,255,255,255,255,255,255,255,255,255,255,255,255,255,255,255,255,255,255,255,255,255,255,255,255,255,255,255,
   255,255,255,255,255,255,255,255,255,255,255,255,255,255,255,255,255,255,255,255,255,255,255,255,255,255,255,255,255,255,255,255,
   255,255,255,255,255,255,255,255,255,255,255,255,252,255,163,0,1,0,0,0,0,0,0,0,0,0,0,0,0,0,0,0,
   0,0,0,0,0,0,0,0,0,0,0,0,0,0,0,0,2,1,47,233,255,254,255,255,255,255,255,255,255,255,255,255,
   255,255,255,255,255,255,255,255,255,255,255,255,255,255,255,255,255,255,255,255,255,255,255,255,255,255,255,255,255,255,255,255,
   255,255,255,255,255,255,255,255,255,255,255,255,255,255,255,255,255,255,255,255,255,255,255,255,255,255,255,255,255,255,255,255,
   255,255,255,255,255,255,255,255,255,255,255,255,255,255,255,255,255,255,255,255,255,255,255,255,255,255,255,255,255,255,255,255,
   255,255,255,255,255,255,255,255,255,255,255,255,255,255,255,255,255,255,255,255,255,255,255,255,255,255,255,255,255,255,255,255,
   255,255,255,255,255,255,255,255,255,255,255,255,255,255,255,255,255,255,255,255,255,255,255,255,255,255,255,255,255,255,255,255,
   255,255,255,255,255,255,255,255,255,255,255,255,255,255,255,255,255,255,255,255,255,255,255,255,255,255,255,255,255,255,255,255,
   255,255,255,255,255,255,255,255,255,255,255,255,255,255,255,255,255,255,255,255,254,255,119,0,2,0,0,0,0,0,0,0,
   0,0,0,0,0,0,0,0,0,0,0,0,0,0,0,0,0,0,0,0,0,0,0,0,2,0,89,245,255,254,255,255,
   255,255,255,255,255,255,255,255,255,255,255,255,255,255,255,255,255,255,255,255,255,255,255,255,255,255,255,255,255,255,255,255,
   255,255,255,255,255,255,255,255,255,255,255,255,255,255,255,255,255,255,255,255,255,255,255,255,255,255,255,255,255,255,255,255,
   255,255,255,255,255,255,255,255,255,255,255,255,255,255,255,255,255,255,255,255,255,255,255,255,255,255,255,255,255,255,255,255,
   255,255,255,255,255,255,255,255,255,255,255,255,255,255,255,255,255,255,255,255,255,255,255,255,255,255,255,255,255,255,255,255,
   255,255,255,255,255,255,255,255,255,255,255,255,255,255,255,255,255,255,255,255,255,255,255,255,255,255,255,255,255,255,255,255,
   255,255,255,255,255,255,255,255,255,255,255,255,255,255,255,255,255,255,255,255,255,255,255,255,255,255,255,255,255,255,255,255,
   255,255,255,255,255,255,255,255,255,255,255,255,255,255,255,255,255,255,255,255,255,255,255,255,255,255,255,254,255,244,78,0,
   2,0,0,0,0,0,0,0,0,0,0,0,0,0,0,0,0,0,0,0,0,0,0,0,0,0,0,0,0,0,0,0,
   2,0,157,255,252,255,255,255,255,255,255,255,255,255,255,255,255,255,255,255,255,255,255,255,255,255,255,255,255,255,255,255,
   255,255,255,255,255,255,255,255,255,255,255,255,255,255,255,255,255,255,255,255,255,255,255,255,255,255,255,255,255,255,255,255,
   255,255,255,255,255,255,255,255,255,255,255,255,255,255,255,255,255,255,255,255,255,255,255,255,255,255,255,255,255,255,255,255,
   255,255,255,255,255,255,255,255,255,255,255,255,255,255,255,255,255,255,255,255,255,255,255,255,255,255,255,255,255,255,255,255,
   255,255,255,255,255,255,255,255,255,255,255,255,255,255,255,255,255,255,255,255,255,255,255,255,255,255,255,255,255,255,255,255,
   255,255,255,255,255,255,255,255,255,255,255,255,255,255,255,255,255,255,255,255,255,255,255,255,255,255,255,255,255,255,255,255,
   255,255,255,255,255,255,255,255,255,255,255,255,255,255,255,255,255,255,255,255,255,255,255,255,255,255,255,255,255,255,255,255,
   255,255,255,254,255,232,42,0,1,0,0,0,0,0,0,0,0,0,0,0,0,0,0,0,0,0,0,0,0,0,0,0,
   0,0,0,0,0,0,0,0,0,0,181,255,252,255,255,255,255,255,255,255,255,255,255,255,255,255,255,255,255,255,255,255,
   255,255,255,255,255,255,255,255,255,255,255,255,255,255,255,255,255,255,255,255,255,255,255,255,255,255,255,255,255,255,255,255,
   255,255,255,255,255,255,255,255,255,255,255,255,255,255,255,255,255,255,255,255,255,255,255,255,255,255,255,255,255,255,255,255,
   255,255,255,255,255,255,255,255,255,255,255,255,255,255,255,255,255,255,255,255,255,255,255,255,255,255,255,255,255,255,255,255,
   255,255,255,255,255,255,255,255,255,255,255,255,255,255,255,255,255,255,255,255,255,255,255,255,255,255,255,255,255,255,255,255,
   255,255,255,255,255,255,255,255,255,255,255,255,255,255,255,255,255,255,255,255,255,255,255,255,255,255,255,255,255,255,255,255,
   255,255,255,255,255,255,255,255,255,255,255,255,255,255,255,255,255,255,255,255,255,255,255,255,255,255,255,255,255,255,255,255,
   255,255,255,255,255,255,255,255,255,255,255,253,255,224,19,0,1,0,0,0,0,0,0,0,0,0,0,0,0,0,0,0,
   0,0,0,0,0,0,0,0,0,0,0,0,0,0,0,0,1,0,181,255,251,255,255,255,255,255,255,255,255,255,255,255,
   255,255,255,255,255,255,255,255,255,255,255,255,255,255,255,255,255,255,255,255,255,255,255,255,255,255,255,255,255,255,255,255,
   255,255,255,255,255,255,255,255,255,255,255,255,255,255,255,255,255,255,255,255,255,255,255,255,255,255,255,255,255,255,255,255,
   255,255,255,255,255,255,255,255,255,255,255,255,255,255,255,255,255,255,255,255,255,255,255,255,255,255,255,255,255,255,255,255,
   255,255,255,255,255,255,255,255,255,255,255,255,255,255,255,255,255,255,255,255,255,255,255,255,255,255,255,255,255,255,255,255,
   255,255,255,255,255,255,255,255,255,255,255,255,255,255,255,255,255,255,255,255,255,255,255,255,255,255,255,255,255,255,255,255,
   255,255,255,255,255,255,255,255,255,255,255,255,255,255,255,255,255,255,255,255,255,255,255,255,255,255,255,255,255,255,255,255,
   255,255,255,255,255,255,255,255,255,255,255,255,255,255,255,255,255,255,255,253,255,191,8,0,1,0,0,0,0,0,0,0,
   0,0,0,0,0,0,0,0,0,0,0,0,0,0,0,0,0,0,0,0,0,0,0,0,2,0,112,255,255,253,255,255,
   255,255,255,255,255,255,255,255,255,255,255,255,255,255,255,255,255,255,255,255,255,255,255,255,255,255,255,255,255,255,255,255,
   255,255,255,255,255,255,255,255,255,255,255,255,255,255,255,255,255,255,255,255,255,255,255,255,255,255,255,255,255,255,255,255,
   255,255,255,255,255,255,255,255,255,255,255,255,255,255,255,255,255,255,255,255,255,255,255,255,255,255,255,255,255,255,255,255,
   255,255,255,255,255,255,255,255,255,255,255,255,255,255,255,255,255,255,255,255,255,255,255,255,255,255,255,255,255,255,255,255,
   255,255,255,255,255,255,255,255,255,255,255,255,255,255,255,255,255,255,255,255,255,255,255,255,255,255,255,255,255,255,255,255,
   255,255,255,255,255,255,255,255,255,255,255,255,255,255,255,255,255,255,255,255,255,255,255,255,255,255,255,255,255,255,255,255,
   255,255,255,255,255,255,255,255,255,255,255,255,255,255,255,255,255,255,255,255,255,255,255,255,255,255,255,254,255,142,0,0,
   0,0,0,0,0,0,0,0,0,0,0,0,0,0,0,0,0,0,0,0,0,0,0,0,0,0,0,0,0,0,0,0,
   1,0,3,135,255,255,253,255,255,255,255,255,255,255,255,255,255,255,255,255,255,255,255,255,255,255,255,255,255,255,255,255,
   255,255,255,255,255,255,255,255,255,255,255,255,255,255,255,255,255,255,255,255,255,255,255,255,255,255,255,255,255,255,255,255,
   255,255,255,255,255,255,255,255,255,255,255,255,255,255,255,255,255,255,255,255,255,255,255,255,255,255,255,255,255,255,255,255,
   255,255,255,255,255,255,255,255,255,255,255,255,255,255,255,255,255,255,255,255,255,255,255,255,255,255,255,255,255,255,255,255,
   255,255,255,255,255,255,255,255,255,255,255,255,255,255,255,255,255,255,255,255,255,255,255,255,255,255,255,255,255,255,255,255,
   255,255,255,255,255,255,255,255,255,255,255,255,255,255,255,255,255,255,255,255,255,255,255,255,255,255,255,255,255,255,255,255,
   255,255,255,255,255,255,255,255,255,255,255,255,255,255,255,255,255,255,255,255,255,255,255,255,255,255,255,255,255,255,255,255,
   255,255,255,255,255,102,0,1,0,0,0,0,0,0,0,0,0,0,0,0,0,0,0,0,0,0,0,0,0,0,0,0,
   0,0,0,0,0,0,0,0,0,1,0,0,128,255,255,253,255,255,255,255,255,255,255,255,255,255,255,255,255,255,255,255,
   255,255,255,255,255,255,255,255,255,255,255,255,255,255,255,255,255,255,255,255,255,255,255,255,255,255,255,255,255,255,255,255,
   255,255,255,255,255,255,255,255,255,255,255,255,255,255,255,255,255,255,255,255,255,255,255,255,255,255,255,255,255,255,255,255,
   255,255,255,255,255,255,255,255,255,255,255,255,255,255,255,255,255,255,255,255,255,255,255,255,255,255,255,255,255,255,255,255,
   255,255,255,255,255,255,255,255,255,255,255,255,255,255,255,255,255,255,255,255,255,255,255,255,255,255,255,255,255,255,255,255,
   255,255,255,255,255,255,255,255,255,255,255,255,255,255,255,255,255,255,255,255,255,255,255,255,255,255,255,255,255,255,255,255,
   255,255,255,255,255,255,255,255,255,255,255,255,255,255,255,255,255,255,255,255,255,255,255,255,255,255,255,255,255,255,255,255,
   255,255,255,255,255,255,255,255,255,255,254,255,255,68,0,2,0,0,0,0,0,0,0,0,0,0,0,0,0,0,0,0,
   0,0,0,0,0,0,0,0,0,0,0,0,0,0,0,0,0,0,2,0,0,121,254,255,253,255,255,255,255,255,255,255,
   255,255,255,255,255,255,255,255,255,255,255,255,255,255,255,255,255,255,255,255,255,255,255,255,255,255,255,255,255,255,255,255,
   255,255,255,255,255,255,255,255,255,255,255,255,255,255,255,255,255,255,255,255,255,255,255,255,255,255,255,255,255,255,255,255,
   255,255,255,255,255,255,255,255,255,255,255,255,255,255,255,255,255,255,255,255,255,255,255,255,255,255,255,255,255,255,255,255,
   255,255,255,255,255,255,255,255,255,255,255,255,255,255,255,255,255,255,255,255,255,255,255,255,255,255,255,255,255,255,255,255,
   255,255,255,255,255,255,255,255,255,255,255,255,255,255,255,255,255,255,255,255,255,255,255,255,255,255,255,255,255,255,255,255,
   255,255,255,255,255,255,255,255,255,255,255,255,255,255,255,255,255,255,255,255,255,255,255,255,255,255,255,255,255,255,255,255,
   255,255,255,255,255,255,255,255,255,255,255,255,255,255,255,255,255,255,254,255,248,48,0,2,0,0,0,0,0,0,0,0,
   0,0,0,0,0,0,0,0,0,0,0,0,0,0,0,0,0,0,0,0,0,0,0,0,0,0,0,1,0,0,124,255,
   255,253,255,255,255,255,255,255,255,255,255,255,255,255,255,255,255,255,255,255,255,255,255,255,255,255,255,255,255,255,255,255,
   255,255,255,255,255,255,255,255,255,255,255,255,255,255,255,255,255,255,255,255,255,255,255,255,255,255,255,255,255,255,255,255,
   255,255,255,255,255,255,255,255,255,255,255,255,255,255,255,255,255,255,255,255,255,255,255,255,255,255,255,255,255,255,255,255,
   255,255,255,255,255,255,255,255,255,255,255,255,255,255,255,255,255,255,255,255,255,255,255,255,255,255,255,255,255,255,255,255,
   255,255,255,255,255,255,255,255,255,255,255,255,255,255,255,255,255,255,255,255,255,255,255,255,255,255,255,255,255,255,255,255,
   255,255,255,255,255,255,255,255,255,255,255,255,255,255,255,255,255,255,255,255,255,255,255,255,255,255,255,255,255,255,255,255,
   255,255,255,255,255,255,255,255,255,255,255,255,255,255,255,255,255,255,255,255,255,255,255,255,255,255,253,255,207,26,0,1,
   0,0,0,0,0,0,0,0,0,0,0,0,0,0,0,0,0,0,0,0,0,0,0,0,0,0,0,0,0,0,0,0,
   0,0,0,0,1,0,0,125,254,255,253,255,255,255,255,255,255,255,255,255,255,255,255,255,255,255,255,255,255,255,255,255,
   255,255,255,255,255,255,255,255,255,255,255,255,255,255,255,255,255,255,255,255,255,255,255,255,255,255,255,255,255,255,255,255,
   255,255,255,255,255,255,255,255,255,255,255,255,255,255,255,255,255,255,255,255,255,255,255,255,255,255,255,255,255,255,255,255,
   255,255,255,255,255,255,255,255,255,255,255,255,255,255,255,255,255,255,255,255,255,255,255,255,255,255,255,255,255,255,255,255,
   255,255,255,255,255,255,255,255,255,255,255,255,255,255,255,255,255,255,255,255,255,255,255,255,255,255,255,255,255,255,255,255,
   255,255,255,255,255,255,255,255,255,255,255,255,255,255,255,255,255,255,255,255,255,255,255,255,255,255,255,255,255,255,255,255,
   255,255,255,255,255,255,255,255,255,255,255,255,255,255,255,255,255,255,255,255,255,255,255,255,255,255,255,255,255,255,255,255,
   255,255,253,255,165,8,0,1,0,0,0,0,0,0,0,0,0,0,0,0,0,0,0,0,0,0,0,0,0,0,0,0,
   0,0,0,0,0,0,0,0,0,0,0,0,0,1,0,0,119,252,255,253,255,255,255,255,255,255,255,255,255,255,255,255,
   255,255,255,255,255,255,255,255,255,255,255,255,255,255,255,255,255,255,255,255,255,255,255,255,255,255,255,255,255,255,255,255,
   255,255,255,255,255,255,255,255,255,255,255,255,255,255,255,255,255,255,255,255,255,255,255,255,255,255,255,255,255,255,255,255,
   255,255,255,255,255,255,255,255,255,255,255,255,255,255,255,255,255,255,255,255,255,255,255,255,255,255,255,255,255,255,255,255,
   255,255,255,255,255,255,255,255,255,255,255,255,255,255,255,255,255,255,255,255,255,255,255,255,255,255,255,255,255,255,255,255,
   255,255,255,255,255,255,255,255,255,255,255,255,255,255,255,255,255,255,255,255,255,255,255,255,255,255,255,255,255,255,255,255,
   255,255,255,255,255,255,255,255,255,255,255,255,255,255,255,255,255,255,255,255,255,255,255,255,255,255,255,255,255,255,255,255,
   255,255,255,255,255,255,255,255,255,255,253,255,131,0,2,0,0,0,0,0,0,0,0,0,0,0,0,0,0,0,0,0,
   0,0,0,0,0,0,0,0,0,0,0,0,0,0,0,0,0,0,0,0,0,0,1,0,0,117,252,255,253,255,255,255,
   255,255,255,255,255,255,255,255,255,255,255,255,255,255,255,255,255,255,255,255,255,255,255,255,255,255,255,255,255,255,255,255,
   255,255,255,255,255,255,255,255,255,255,255,255,255,255,255,255,255,255,255,255,255,255,255,255,255,255,255,255,255,255,255,255,
   255,255,255,255,255,255,255,255,255,255,255,255,255,255,255,255,255,255,255,255,255,255,255,255,255,255,255,255,255,255,255,255,
   255,255,255,255,255,255,255,255,255,255,255,255,255,255,255,255,255,255,255,255,255,255,255,255,255,255,255,255,255,255,255,255,
   255,255,255,255,255,255,255,255,255,255,255,255,255,255,255,255,255,255,255,255,255,255,255,255,255,255,255,255,255,255,255,255,
   255,255,255,255,255,255,255,255,255,255,255,255,255,255,255,255,255,255,255,255,255,255,255,255,255,255,255,255,255,255,255,255,
   255,255,255,255,255,255,255,255,255,255,255,255,255,255,255,255,255,255,252,255,107,0,3,0,0,0,0,0,0,0,0,0,
   0,0,0,0,0,0,0,0,0,0,0,0,0,0,0,0,0,0,0,0,0,0,0,0,0,0,0,0,0,0,0,1,
   0,0,115,251,255,251,253,253,253,253,253,253,253,253,253,253,253,253,253,253,253,253,253,253,253,253,253,253,253,253,253,253,
   253,253,253,253,253,253,253,253,253,253,253,253,253,253,253,253,253,253,253,253,253,253,253,253,253,253,253,253,253,253,253,253,
   253,253,253,253,253,253,253,253,253,253,253,253,253,253,254,255,255,255,255,255,255,255,255,255,255,255,255,255,255,255,255,255,
   255,255,255,255,255,255,255,255,255,255,255,255,255,255,255,255,255,255,255,255,255,255,255,255,255,255,255,255,255,255,255,255,
   255,255,255,255,255,255,255,253,253,253,253,253,253,253,253,253,253,253,253,253,253,253,253,253,253,253,253,253,253,253,253,253,
   253,253,253,253,253,253,253,253,253,254,255,255,255,255,255,255,255,255,255,255,255,255,255,255,255,255,255,255,255,255,255,255,
   255,255,255,255,255,255,255,255,255,255,255,255,255,255,255,255,255,255,255,255,255,255,255,255,255,254,255,252,79,0,3,0,
   0,0,0,0,0,0,0,0,0,0,0,0,0,0,0,0,0,0,0,0,0,0,0,0,0,0,0,0,0,0,0,0,
   0,0,0,0,0,0,0,0,1,0,0,115,252,255,255,255,255,255,255,255,255,255,255,255,255,255,255,255,255,255,255,255,
   255,255,255,255,255,255,255,255,255,255,255,255,255,255,255,255,255,255,255,255,255,255,255,255,255,255,255,255,255,255,255,255,
   255,255,255,255,255,255,255,255,255,255,255,255,255,255,255,255,255,255,255,255,255,255,255,253,255,255,255,255,255,255,255,255,
   255,255,255,255,255,255,255,255,255,255,255,255,255,255,255,255,255,255,255,255,255,255,255,255,255,255,255,255,255,255,255,255,
   255,255,255,255,255,255,255,255,255,255,255,255,255,253,254,255,255,255,255,255,255,255,255,255,255,255,255,255,255,255,255,255,
   255,255,255,255,255,255,255,255,255,255,255,255,255,255,255,255,255,255,255,255,255,255,255,255,255,255,255,255,255,255,255,255,
   255,255,255,255,255,255,255,255,255,255,255,255,255,255,255,255,255,255,255,255,255,255,255,255,255,255,255,255,255,255,255,255,
   255,254,255,219,43,0,2,0,0,0,0,0,0,0,0,0,0,0,0,0,0,0,0,0,0,0,0,0,0,0,0,0,
   0,0,0,0,0,0,0,0,0,0,0,0,0,0,0,0,0,1,0,1,76,140,172,174,174,175,175,176,176,176,175,175,
   175,175,175,175,175,175,175,175,174,175,175,174,174,174,174,173,174,174,174,173,173,173,173,173,173,173,173,173,173,174,175,173,
   174,174,173,173,174,175,172,173,172,173,173,172,172,173,173,172,173,173,173,173,173,173,173,172,173,173,172,173,169,177,252,255,
   254,253,255,255,255,255,255,255,255,255,255,255,255,255,255,255,255,255,255,255,255,255,255,255,255,255,255,255,255,255,255,255,
   255,255,255,255,255,255,255,255,255,255,255,255,255,255,255,255,255,255,255,254,253,255,255,193,163,166,160,161,159,156,155,154,
   153,153,153,153,153,153,153,153,153,153,153,153,153,153,153,153,153,153,153,153,153,153,153,153,149,211,255,255,255,255,255,255,
   255,255,255,255,255,255,255,255,255,255,255,255,255,255,255,255,255,255,255,255,255,255,255,255,255,255,255,255,255,255,255,255,
   255,255,255,255,255,255,255,255,255,253,255,193,17,0,1,0,0,0,0,0,0,0,0,0,0,0,0,0,0,0,0,0,
   0,0,0,0,0,0,0,0,0,0,0,0,0,0,0,0,0,0,0,0,0,0,0,0,0,0,1,0,0,0,11,12,
   12,12,12,13,12,13,12,12,12,12,12,12,12,12,12,12,12,12,12,12,12,12,12,11,12,12,12,11,11,11,11,11,
   11,11,11,11,11,12,12,11,12,12,11,11,12,12,11,11,11,11,12,11,11,11,11,11,11,11,11,11,11,11,11,11,
   11,11,11,12,10,11,69,194,255,255,252,254,255,255,255,255,255,255,255,255,255,255,255,255,255,255,255,255,255,255,255,255,
   255,255,255,255,255,255,255,255,255,255,255,255,255,255,255,255,255,255,255,255,255,255,255,255,255,255,252,255,255,231,129,17,
   8,8,5,6,5,3,3,2,2,2,2,2,2,2,2,2,2,2,2,2,2,2,2,2,2,2,2,2,2,2,2,1,
   1,198,255,250,254,254,254,254,254,254,254,254,254,254,254,254,254,254,254,254,254,254,254,254,254,254,254,254,254,254,254,254,
   254,254,254,254,254,254,254,254,254,254,254,254,254,254,254,254,254,250,255,176,0,1,0,0,0,0,0,0,0,0,0,0,
   0,0,0,0,0,0,0,0,0,0,0,0,0,0,0,0,0,0,0,0,0,0,0,0,0,0,0,0,0,0,0,0,
   0,0,0,0,3,1,0,0,0,0,0,0,0,0,0,0,0,0,0,0,0,0,0,0,0,0,0,0,0,0,0,0,
   0,0,0,0,0,0,0,0,0,0,0,0,0,0,0,0,0,0,0,0,0,0,0,0,0,0,0,0,0,0,0,0,
   0,0,0,0,0,0,0,0,0,0,0,0,0,0,0,16,122,217,255,255,253,254,255,255,255,255,255,255,255,255,255,255,
   255,255,255,255,255,255,255,255,255,255,255,255,255,255,255,255,255,255,255,255,255,255,255,255,255,255,255,255,255,255,255,255,
   253,254,255,236,148,38,0,0,0,0,0,0,0,0,0,0,0,0,0,0,0,0,0,0,0,0,0,0,0,0,0,0,
   0,0,0,0,0,0,0,1,0,140,255,255,255,255,255,255,255,255,255,255,255,255,255,255,255,255,255,255,255,255,255,255,
   255,255,255,255,255,255,255,255,255,255,255,255,255,255,255,255,255,255,255,255,255,255,255,255,255,255,255,114,0,2,0,0,
   0,0,0,0,0,0,0,0,0,0,0,0,0,0,0,0,0,0,0,0,0,0,0,0,0,0,0,0,0,0,0,0,
   0,0,0,0,0,0,0,0,0,0,0,0,0,0,1,1,1,1,1,1,1,1,1,1,1,1,1,1,1,1,1,1,
   1,1,1,1,1,1,1,1,1,1,1,1,1,1,1,1,1,1,1,1,1,1,1,1,1,1,1,1,1,1,1,1,
   1,1,1,1,1,1,1,1,1,1,1,1,1,1,1,1,1,1,1,1,1,1,2,0,0,33,130,237,255,255,252,255,
   255,255,255,255,255,255,255,255,255,255,255,255,255,255,255,255,255,255,255,255,255,255,255,255,255,255,255,255,255,255,255,255,
   255,255,255,255,255,255,253,254,255,255,161,54,0,0,1,2,1,1,1,1,1,1,1,1,1,1,1,1,1,1,1,1,
   1,1,1,1,1,1,1,1,1,1,1,1,1,1,1,1,0,11,106,184,223,228,227,226,226,226,226,226,226,226,227,226,
   227,227,227,227,227,227,227,227,227,226,227,227,226,227,227,225,223,224,224,224,224,224,224,224,223,223,223,223,224,224,223,223,
   225,199,102,8,0,0,0,0,0,0,0,0,0,0,0,0,0,0,0,0,0,0,0,0,0,0,0,0,0,0,0,0,
   0,0,0,0,0,0,0,0,0,0,0,0,0,0,0,0,0,0,0,0,0,0,0,0,0,0,0,0,0,0,0,0,
   0,0,0,0,0,0,0,0,0,0,0,0,0,0,0,0,0,0,0,0,0,0,0,0,0,0,0,0,0,0,0,0,
   0,0,0,0,0,0,0,0,0,0,0,0,0,0,0,0,0,0,0,0,0,0,0,0,0,0,0,0,0,0,0,1,
   2,0,0,45,158,253,255,253,253,255,255,255,255,255,255,255,255,255,255,255,255,255,255,255,255,255,255,255,255,255,255,255,
   255,255,255,255,255,255,255,255,255,255,255,255,254,252,255,255,190,74,1,0,2,1,0,0,0,0,0,0,0,0,0,0,
   0,0,0,0,0,0,0,0,0,0,0,0,0,0,0,0,0,0,0,0,0,0,0,0,1,0,0,15,37,39,39,38,
   38,38,38,38,38,38,39,38,39,39,39,39,39,39,39,39,39,38,39,39,38,39,39,37,37,37,37,37,37,37,37,37,
   37,37,37,37,37,37,37,36,38,22,0,0,1,0,0,0,0,0,0,0,0,0,0,0,0,0,0,0,0,0,0,0,
   0,0,0,0,0,0,0,0,0,0,0,0,0,0,0,0,0,0,0,0,0,0,0,0,0,0,0,0,0,0,0,0,
   0,0,0,0,0,0,0,0,0,0,0,0,0,0,0,0,0,0,0,0,0,0,0,0,0,0,0,0,0,0,0,0,
   0,0,0,0,0,0,0,0,0,0,0,0,0,0,0,0,0,0,0,0,0,0,0,0,0,0,0,0,0,0,0,0,
   0,0,0,0,0,0,0,0,0,2,2,0,0,89,195,255,255,253,254,255,255,255,255,255,255,255,255,255,255,255,255,255,
   255,255,255,255,255,255,255,255,255,255,255,255,255,255,255,255,255,255,254,253,255,255,217,121,14,0,0,3,0,0,0,0,
   0,0,0,0,0,0,0,0,0,0,0,0,0,0,0,0,0,0,0,0,0,0,0,0,0,0,0,0,0,0,0,0,
   0,1,2,0,0,0,0,0,0,0,0,0,0,0,0,0,0,0,0,0,0,0,0,0,0,0,0,0,0,0,0,0,
   0,0,0,0,0,0,0,0,0,0,0,0,0,0,0,0,0,0,2,1,0,0,0,0,0,0,0,0,0,0,0,0,
   0,0,0,0,0,0,0,0,0,0,0,0,0,0,0,0,0,0,0,0,0,0,0,0,0,0,0,0,0,0,0,0,
   0,0,0,0,0,0,0,0,0,0,0,0,0,0,0,0,0,0,0,0,0,0,0,0,0,0,0,0,0,0,0,0,
   0,0,0,0,0,0,0,0,0,0,0,0,0,0,0,0,0,0,0,0,0,0,0,0,0,0,0,0,0,0,0,0,
   0,0,0,0,0,0,0,0,0,0,0,0,0,0,0,0,0,0,0,2,0,0,12,103,214,255,255,252,254,255,255,255,
   255,255,255,255,255,255,255,255,255,255,255,255,255,255,255,255,255,255,255,255,255,255,255,255,255,252,255,255,240,133,31,0,
   0,2,1,0,0,0,0,0,0,0,0,0,0,0,0,0,0,0,0,0,0,0,0,0,0,0,0,0,0,0,0,0,
   0,0,0,0,0,0,0,0,0,0,0,1,2,2,2,2,2,2,2,2,2,2,2,2,2,2,2,2,2,2,2,2,
   2,2,2,2,2,2,2,2,2,2,2,2,2,2,2,2,2,2,2,2,2,2,2,2,2,1,0,0,0,0,0,0,
   0,0,0,0,0,0,0,0,0,0,0,0,0,0,0,0,0,0,0,0,0,0,0,0,0,0,0,0,0,0,0,0,
   0,0,0,0,0,0,0,0,0,0,0,0,0,0,0,0,0,0,0,0,0,0,0,0,0,0,0,0,0,0,0,0,
   0,0,0,0,0,0,0,0,0,0,0,0,0,0,0,0,0,0,0,0,0,0,0,0,0,0,0,0,0,0,0,0,
   0,0,0,0,0,0,0,0,0,0,0,0,0,0,0,0,0,0,0,0,0,0,0,0,0,0,0,0,1,2,0,0,
   28,123,238,255,255,252,255,255,255,255,255,255,255,255,255,255,255,255,255,255,255,255,255,255,255,255,255,255,255,255,255,253,
   253,255,251,160,53,0,0,3,1,0,0,0,0,0,0,0,0,0,0,0,0,0,0,0,0,0,0,0,0,0,0,0,
   0,0,0,0,0,0,0,0,0,0,0,0,0,0,0,0,0,0,0,0,0,0,0,0,0,0,0,0,0,0,0,0,
   0,0,0,0,0,0,0,0,0,0,0,0,0,0,0,0,0,0,0,0,0,0,0,0,0,0,0,0,0,0,0,0,
   0,0,0,0,0,0,0,0,0,0,0,0,0,0,0,0,0,0,0,0,0,0,0,0,0,0,0,0,0,0,0,0,
   0,0,0,0,0,0,0,0,0,0,0,0,0,0,0,0,0,0,0,0,0,0,0,0,0,0,0,0,0,0,0,0,
   0,0,0,0,0,0,0,0,0,0,0,0,0,0,0,0,0,0,0,0,0,0,0,0,0,0,0,0,0,0,0,0,
   0,0,0,0,0,0,0,0,0,0,0,0,0,0,0,0,0,0,0,0,0,0,0,0,0,0,0,0,0,0,0,0,
   0,0,0,0,0,0,1,3,0,0,61,173,249,255,253,253,255,255,255,255,255,255,255,255,255,255,255,255,255,255,255,255,
   255,255,255,255,255,254,252,255,255,198,88,0,0,2,2,0,0,0,0,0,0,0,0,0,0,0,0,0,0,0,0,0,
   0,0,0,0,0,0,0,0,0,0,0,0,0,0,0,0,0,0,0,0,0,0,0,0,0,0,0,0,0,0,0,0,
   0,0,0,0,0,0,0,0,0,0,0,0,0,0,0,0,0,0,0,0,0,0,0,0,0,0,0,0,0,0,0,0,
   0,0,0,0,0,0,0,0,0,0,0,0,0,0,0,0,0,0,0,0,0,0,0,0,0,0,0,0,0,0,0,0,
   0,0,0,0,0,0,0,0,0,0,0,0,0,0,0,0,0,0,0,0,0,0,0,0,0,0,0,0,0,0,0,0,
   0,0,0,0,0,0,0,0,0,0,0,0,0,0,0,0,0,0,0,0,0,0,0,0,0,0,0,0,0,0,0,0,
   0,0,0,0,0,0,0,0,0,0,0,0,0,0,0,0,0,0,0,0,0,0,0,0,0,0,0,0,0,0,0,0,
   0,0,0,0,0,0,0,0,0,0,0,0,0,0,0,0,2,1,0,0,77,186,255,255,253,254,255,255,255,255,255,255,
   255,255,255,255,255,255,255,255,255,255,255,254,252,255,255,217,108,15,0,0,3,0,0,0,0,0,0,0,0,0,0,0,
   0,0,0,0,0,0,0,0,0,0,0,0,0,0,0,0,0,0,0,0,0,0,0,0,0,0,0,0,0,0,0,0,
   0,0,0,0,0,0,0,0,0,0,0,0,0,0,0,0,0,0,0,0,0,0,0,0,0,0,0,0,0,0,0,0,
   0,0,0,0,0,0,0,0,0,0,0,0,0,0,0,0,0,0,0,0,0,0,0,0,0,0,0,0,0,0,0,0,
   0,0,0,0,0,0,0,0,0,0,0,0,0,0,0,0,0,0,0,0,0,0,0,0,0,0,0,0,0,0,0,0,
   0,0,0,0,0,0,0,0,0,0,0,0,0,0,0,0,0,0,0,0,0,0,0,0,0,0,0,0,0,0,0,0,
   0,0,0,0,0,0,0,0,0,0,0,0,0,0,0,0,0,0,0,0,0,0,0,0,0,0,0,0,0,0,0,0,
   0,0,0,0,0,0,0,0,0,0,0,0,0,0,0,0,0,0,0,0,0,0,0,0,0,0,2,1,0,12,94,216,
   255,255,252,255,255,255,255,255,255,255,255,255,255,255,255,255,255,255,252,255,255,244,165,36,0,0,2,1,0,0,0,0,
   0,0,0,0,0,0,0,0,0,0,0,0,0,0,0,0,0,0,0,0,0,0,0,0,0,0,0,0,0,0,0,0,
   0,0,0,0,0,0,0,0,0,0,0,0,0,0,0,0,0,0,0,0,0,0,0,0,0,0,0,0,0,0,0,0,
   0,0,0,0,0,0,0,0,0,0,0,0,0,0,0,0,0,0,0,0,0,0,0,0,0,0,0,0,0,0,0,0,
   0,0,0,0,0,0,0,0,0,0,0,0,0,0,0,0,0,0,0,0,0,0,0,0,0,0,0,0,0,0,0,0,
   0,0,0,0,0,0,0,0,0,0,0,0,0,0,0,0,0,0,0,0,0,0,0,0,0,0,0,0,0,0,0,0,
   0,0,0,0,0,0,0,0,0,0,0,0,0,0,0,0,0,0,0,0,0,0,0,0,0,0,0,0,0,0,0,0,
   0,0,0,0,0,0,0,0,0,0,0,0,0,0,0,0,0,0,0,0,0,0,0,0,0,0,0,0,0,0,0,0,
   0,0,0,0,3,0,0,33,149,233,255,254,253,255,255,255,255,255,255,255,255,255,255,255,254,253,255,252,177,62,0,0,
   3,1,0,0,0,0,0,0,0,0,0,0,0,0,0,0,0,0,0,0,0,0,0,0,0,0,0,0,0,0,0,0,
   0,0,0,0,0,0,0,0,0,0,0,0,0,0,0,0,0,0,0,0,0,0,0,0,0,0,0,0,0,0,0,0,
   0,0,0,0,0,0,0,0,0,0,0,0,0,0,0,0,0,0,0,0,0,0,0,0,0,0,0,0,0,0,0,0,
   0,0,0,0,0,0,0,0,0,0,0,0,0,0,0,0,0,0,0,0,0,0,0,0,0,0,0,0,0,0,0,0,
   0,0,0,0,0,0,0,0,0,0,0,0,0,0,0,0,0,0,0,0,0,0,0,0,0,0,0,0,0,0,0,0,
   0,0,0,0,0,0,0,0,0,0,0,0,0,0,0,0,0,0,0,0,0,0,0,0,0,0,0,0,0,0,0,0,
   0,0,0,0,0,0,0,0,0,0,0,0,0,0,0,0,0,0,0,0,0,0,0,0,0,0,0,0,0,0,0,0,
   0,0,0,0,0,0,0,0,0,0,0,0,0,1,2,0,0,53,160,253,255,254,253,255,255,255,255,255,255,255,254,253,
   255,255,189,85,2,0,0,2,0,0,0,0,0,0,0,0,0,0,0,0,0,0,0,0,0,0,0,0,0,0,0,0,
   0,0,0,0,0,0,0,0,0,0,0,0,0,0,0,0,0,0,0,0,0,0,0,0,0,0,0,0,0,0,0,0,
   0,0,0,0,0,0,0,0,0,0,0,0,0,0,0,0,0,0,0,0,0,0,0,0,0,0,0,0,0,0,0,0,
   0,0,0,0,0,0,0,0,0,0,0,0,0,0,0,0,0,0,0,0,0,0,0,0,0,0,0,0,0,0,0,0,
   0,0,0,0,0,0,0,0,0,0,0,0,0,0,0,0,0,0,0,0,0,0,0,0,0,0,0,0,0,0,0,0,
   0,0,0,0,0,0,0,0,0,0,0,0,0,0,0,0,0,0,0,0,0,0,0,0,0,0,0,0,0,0,0,0,
   0,0,0,0,0,0,0,0,0,0,0,0,0,0,0,0,0,0,0,0,0,0,0,0,0,0,0,0,0,0,0,0,
   0,0,0,0,0,0,0,0,0,0,0,0,0,0,0,0,0,0,0,0,0,0,0,1,2,0,0,71,187,255,255,252,
   254,255,255,255,255,252,255,255,233,129,13,0,1,2,1,0,0,0,0,0,0,0,0,0,0,0,0,0,0,0,0,0,
   0,0,0,0,0,0,0,0,0,0,0,0,0,0,0,0,0,0,0,0,0,0,0,0,0,0,0,0,0,0,0,0,
   0,0,0,0,0,0,0,0,0,0,0,0,0,0,0,0,0,0,0,0,0,0,0,0,0,0,0,0,0,0,0,0,
   0,0,0,0,0,0,0,0,0,0,0,0,0,0,0,0,0,0,0,0,0,0,0,0,0,0,0,0,0,0,0,0,
   0,0,0,0,0,0,0,0,0,0,0,0,0,0,0,0,0,0,0,0,0,0,0,0,0,0,0,0,0,0,0,0,
   0,0,0,0,0,0,0,0,0,0,0,0,0,0,0,0,0,0,0,0,0,0,0,0,0,0,0,0,0,0,0,0,
   0,0,0,0,0,0,0,0,0,0,0,0,0,0,0,0,0,0,0,0,0,0,0,0,0,0,0,0,0,0,0,0,
   0,0,0,0,0,0,0,0,0,0,0,0,0,0,0,0,0,0,0,0,0,0,0,0,0,0,0,0,0,0,0,0,
   0,3,0,0,13,120,217,255,255,254,255,254,255,255,239,153,41,0,0,4,0,0,0,0,0,0,0,0,0,0,0,0,
   0,0,0,0,0,0,0,0,0,0,0,0,0,0,0,0,0,0,0,0,0,0,0,0,0,0,0,0,0,0,0,0,
   0,0,0,0,0,0,0,0,0,0,0,0,0,0,0,0,0,0,0,0,0,0,0,0,0,0,0,0,0,0,0,0,
   0,0,0,0,0,0,0,0,0,0,0,0,0,0,0,0,0,0,0,0,0,0,0,0,0,0,0,0,0,0,0,0,
   0,0,0,0,0,0,0,0,0,0,0,0,0,0,0,0,0,0,0,0,0,0,0,0,0,0,0,0,0,0,0,0,
   0,0,0,0,0,0,0,0,0,0,0,0,0,0,0,0,0,0,0,0,0,0,0,0,0,0,0,0,0,0,0,0,
   0,0,0,0,0,0,0,0,0,0,0,0,0,0,0,0,0,0,0,0,0,0,0,0,0,0,0,0,0,0,0,0,
   0,0,0,0,0,0,0,0,0,0,0,0,0,0,0,0,0,0,0,0,0,0,0,0,0,0,0,0,0,0,0,0,
   0,0,0,0,0,0,0,0,0,0,1,3,0,0,30,130,230,255,255,255,249,166,59,0,0,1,1,0,0,0,0,0,
   0,0,0,0,0,0,0,0,0,0,0,0,0,0,0,0,0,0,0,0,0,0,0,0,0,0,0,0,0,0,0,0,
   0,0,0,0,0,0,0,0,0,0,0,0,0,0,0,0,0,0,0,0,0,0,0,0,0,0,0,0,0,0,0,0,
   0,0,0,0,0,0,0,0,0,0,0,0,0,0,0,0,0,0,0,0,0,0,0,0,0,0,0,0,0,0,0,0,
   0,0,0,0,0,0,0,0,0,0,0,0,0,0,0,0,0,0,0,0,0,0,0,0,0,0,0,0,0,0,0,0,
   0,0,0,0,0,0,0,0,0,0,0,0,0,0,0,0,0,0,0,0,0,0,0,0,0,0,0,0,0,0,0,0,
   0,0,0,0,0,0,0,0,0,0,0,0,0,0,0,0,0,0,0,0,0,0,0,0,0,0,0,0,0,0,0,0,
   0,0,0,0,0,0,0,0,0,0,0,0,0,0,0,0,0,0,0,0,0,0,0,0,0,0,0,0,0,0,0,0,
   0,0,0,0,0,0,0,0,0,0,0,0,0,0,0,0,0,0,0,0,1,3,0,0,59,165,224,199,95,2,0,2,
   2,0,0,0,0,0,0,0,0,0,0,0,0,0,0,0,0,0,0,0,0,0,0,0,0,0,0,0,0,0,0,0,
   0,0,0,0,0,0,0,0,0,0,0,0,0,0,0,0,0,0,0,0,0,0,0,0,0,0,0,0,0,0,0,0,
   0,0,0,0,0,0,0,0,0,0,0,0,0,0,0,0,0,0,0,0,0,0,0,0,0,0,0,0,0,0,0,0,
   0,0,0,0,0,0,0,0,0,0,0,0,0,0,0,0,0,0,0,0,0,0,0,0,0,0,0,0,0,0,0,0,
};

#endif
