/* credits_sonic.h - sprite animado (01.gif) da janela de instrucoes (botao B).
 * 4 quadros de 60 ms, recortados na area visivel (128x144) e reduzidos para 56x63 px
 * (mesmo tamanho da foto de referencia). credits_sonic_rgb = RGB565; credits_sonic_alpha = 0 ou 255. */
#ifndef CREDITS_SONIC_DATA_H
#define CREDITS_SONIC_DATA_H

#define CREDITS_SONIC_W       56
#define CREDITS_SONIC_H       63
#define CREDITS_SONIC_FRAMES  4
#define CREDITS_SONIC_MS      60   /* duracao de cada quadro */

static const unsigned short credits_sonic_rgb[CREDITS_SONIC_FRAMES][CREDITS_SONIC_W * CREDITS_SONIC_H] = {
   {
      0x0000,0x0000,0x0000,0x0000,0x0000,0x0000,0x0000,0x0000,0x0000,0x0000,0x0000,0x0000,0x0000,0x0000,
      0x0000,0x0000,0x0000,0x0000,0x0000,0x0000,0x0000,0x2218,0x2218,0x2218,0x2218,0x2218,0x2218,0x2218,
      0x2218,0x2218,0x0000,0x0000,0x0000,0x0000,0x0000,0x0000,0x0000,0x0000,0x0000,0x0000,0x0000,0x0000,
      0x0000,0x0000,0x0000,0x0000,0x0000,0x0000,0x0000,0x0000,0x0000,0x0000,0x0000,0x0000,0x0000,0x0000,
      0x0000,0x0000,0x0000,0x0000,0x0000,0x0000,0x0000,0x0000,0x0000,0x0000,0x0000,0x0000,0x0000,0x0000,
      0x0000,0x0000,0x0000,0x0000,0x0000,0x0000,0x0000,0x2218,0x2218,0x2218,0x2218,0x2218,0x2218,0x2218,
      0x2218,0x2218,0x0000,0x0000,0x0000,0x0000,0x0000,0x0000,0x0000,0x0000,0x0000,0x0000,0x0000,0x0000,
      0x0000,0x0000,0x0000,0x0000,0x0000,0x0000,0x0000,0x0000,0x0000,0x0000,0x0000,0x0000,0x0000,0x0000,
      0x0000,0x0000,0x0000,0x0000,0x0000,0x0000,0x0000,0x0000,0x0000,0x0000,0x0000,0x0000,0x0000,0x0000,
      0x0000,0x0000,0x2218,0x2218,0x2218,0x2218,0x2218,0x631C,0x631C,0x631C,0x631C,0x631C,0x631C,0x631C,
      0x2218,0x2218,0x2218,0x2218,0x2218,0x2218,0x2218,0x2218,0x2218,0x0000,0x0000,0x0000,0x0000,0x0000,
      0x0000,0x0000,0x0000,0x0000,0x0000,0x0000,0x0000,0x0000,0x0000,0x0000,0x0000,0x0000,0x0000,0x0000,
      0x0000,0x0000,0x0000,0x2110,0x2110,0x0000,0x0000,0x0000,0x0000,0x0000,0x0000,0x0000,0x2218,0x2218,
      0x2218,0x2218,0x2218,0x2218,0x2218,0x2218,0x2218,0x2110,0x2110,0x2110,0x631C,0x631C,0x2218,0x2218,
      0x2218,0x2218,0x2218,0x2218,0x2218,0x2110,0x2110,0x2110,0x2110,0x2110,0x2110,0x2110,0x0000,0x0000,
      0x0000,0x0000,0x0000,0x0000,0x0000,0x0000,0x0000,0x0000,0x0000,0x0000,0x0000,0x0000,0x0000,0x0000,
      0x0000,0x0000,0x0000,0x2110,0x2110,0x0000,0x0000,0x0000,0x0000,0x0000,0x0000,0x0000,0x2218,0x2218,
      0x2218,0x2218,0x2218,0x2218,0x2218,0x2218,0x2218,0x2110,0x2110,0x2110,0x631C,0x631C,0x2218,0x2218,
      0x2218,0x2218,0x2218,0x2218,0x2218,0x2110,0x2110,0x2110,0x2110,0x2110,0x2110,0x2110,0x0000,0x0000,
      0x0000,0x0000,0x0000,0x0000,0x0000,0x0000,0x0000,0x0000,0x0000,0x0000,0x0000,0x0000,0x0000,0x0000,
      0x0000,0x0000,0x0000,0x2110,0x2110,0x2110,0x2110,0x0000,0x0000,0x2218,0x2218,0x2218,0x2218,0x2218,
      0x2218,0x2218,0x631C,0x2218,0x2218,0x2110,0x2110,0xE510,0xE510,0x2110,0x2218,0x2218,0x2218,0x2218,
      0x2110,0x2110,0x2110,0x2110,0x2110,0x2110,0x2110,0x2110,0x2110,0x0000,0x0000,0x0000,0x0000,0x0000,
      0x0000,0x0000,0x0000,0x0000,0x0000,0x0000,0x0000,0x0000,0x0000,0x0000,0x0000,0x0000,0x0000,0x0000,
      0x0000,0x0000,0x0000,0x2110,0x2110,0x2110,0x2110,0x0000,0x0000,0x2218,0x2218,0x2218,0x2218,0x2218,
      0x2218,0x2218,0x631C,0x2218,0x2218,0x2110,0x2110,0xE510,0xE510,0x2110,0x2218,0x2218,0x2218,0x2218,
      0x2110,0x2110,0x2110,0x2110,0x2110,0x2110,0x2110,0x2110,0x2110,0x0000,0x0000,0x0000,0x0000,0x0000,
      0x0000,0x0000,0x0000,0x0000,0x0000,0x0000,0x0000,0x0000,0x0000,0x0000,0x0000,0x0000,0x0000,0x0000,
      0x0000,0x0000,0x0000,0x2110,0x2110,0x2110,0x2110,0x2218,0x2218,0x2218,0x2218,0x2218,0x631C,0x631C,
      0x631C,0x631C,0x2218,0x2110,0x2110,0xE510,0xE510,0xE510,0xE510,0xA308,0x2110,0x2110,0x2110,0x2110,
      0x2110,0x2110,0x2110,0x0000,0x0000,0x0000,0x0000,0x0000,0x0000,0x0000,0x0000,0x0000,0x0000,0x0000,
      0x0000,0x0000,0x0000,0x0000,0x0000,0x0000,0x0000,0x0000,0x0000,0x0000,0x0000,0x0000,0x0000,0x0000,
      0x0000,0x0000,0x0000,0x2110,0x2110,0x2110,0x2110,0x2218,0x2218,0x2218,0x2218,0x2218,0x631C,0x631C,
      0x631C,0x631C,0x2218,0x2110,0x2110,0xE510,0xE510,0xE510,0xE510,0xA308,0x2110,0x2110,0x2110,0x2110,
      0x2110,0x2110,0x2110,0x0000,0x0000,0x0000,0x0000,0x0000,0x0000,0x0000,0x0000,0x0000,0x0000,0x0000,
      0x0000,0x0000,0x0000,0x0000,0x0000,0x0000,0x0000,0x0000,0x0000,0x0000,0x0000,0x0000,0x0000,0x0000,
      0x0000,0x0000,0x0000,0x2110,0x2110,0x2218,0x2218,0x2218,0x2218,0x2218,0x631C,0x631C,0x631C,0x631C,
      0x631C,0x631C,0x2218,0xE510,0xE510,0xE510,0xE510,0xE510,0xE510,0xA308,0x2110,0x2110,0x2218,0x2218,
      0x2110,0x2110,0x0000,0x0000,0x0000,0x0000,0x0000,0x0000,0x0000,0x0000,0x0000,0x0000,0x0000,0x0000,
      0x0000,0x0000,0x0000,0x0000,0x0000,0x0000,0x0000,0x0000,0x0000,0x0000,0x0000,0x0000,0x0000,0x0000,
      0x0000,0x0000,0x0000,0x2218,0x2218,0x2218,0x2218,0x2218,0x2218,0x631C,0x631C,0x631C,0x631C,0x631C,
      0x631C,0x631C,0x631C,0x2218,0x2218,0x2218,0x2218,0xA308,0xA308,0xA308,0x2110,0x2110,0x2218,0x2218,
      0x2218,0x2218,0x2218,0x0000,0x0000,0x0000,0x0000,0x0000,0x0000,0x0000,0x0000,0x0000,0x0000,0x0000,
      0x0000,0x0000,0x0000,0x0000,0x0000,0x0000,0x0000,0x0000,0x0000,0x0000,0x0000,0x0000,0x0000,0x0000,
      0x0000,0x0000,0x0000,0x2218,0x2218,0x2218,0x2218,0x2218,0x2218,0x631C,0x631C,0x631C,0x631C,0x631C,
      0x631C,0x631C,0x631C,0x2218,0x2218,0x2218,0x2218,0xA308,0xA308,0xA308,0x2110,0x2110,0x2218,0x2218,
      0x2218,0x2218,0x2218,0x0000,0x0000,0x0000,0x0000,0x0000,0x0000,0x0000,0x0000,0x0000,0x0000,0x0000,
      0x0000,0x0000,0x0000,0x0000,0x0000,0x0000,0x0000,0x0000,0x0000,0x0000,0x0000,0x0000,0x0000,0x0000,
      0x0000,0x0000,0x0000,0x2218,0x2218,0x2218,0x2218,0x2218,0x2218,0x631C,0x631C,0x631C,0xC61C,0xC61C,
      0x631C,0x631C,0x631C,0x631C,0x631C,0x2218,0x2218,0x2218,0x2218,0x2218,0x2218,0x2218,0x2218,0x2218,
      0x2218,0x2218,0x2218,0x2218,0x2218,0x2218,0x2218,0x2218,0x2218,0x0000,0x0000,0x0000,0x0000,0x0000,
      0x0000,0x0000,0x0000,0x0000,0x0000,0x0000,0x0000,0x0000,0x0000,0x0000,0x0000,0x0000,0x0000,0x0000,
      0x0000,0x0000,0x0000,0x2218,0x2218,0x2218,0x2218,0x2218,0x2218,0x631C,0x631C,0x631C,0xC61C,0xC61C,
      0x631C,0x631C,0x631C,0x631C,0x631C,0x2218,0x2218,0x2218,0x2218,0x2218,0x2218,0x2218,0x2218,0x2218,
      0x2218,0x2218,0x2218,0x2218,0x2218,0x2218,0x2218,0x2218,0x2218,0x0000,0x0000,0x0000,0x0000,0x0000,
      0x0000,0x0000,0x0000,0x0000,0x0000,0x0000,0x0000,0x0000,0x0000,0x0000,0x0000,0x0000,0x0000,0x0000,
      0x0000,0x0000,0x2218,0x2218,0x2218,0x2218,0x2218,0x631C,0x631C,0x631C,0x2218,0x2218,0x2110,0x2110,
      0x2110,0x2110,0x2110,0x631C,0x631C,0x631C,0x631C,0x631C,0x631C,0x631C,0x631C,0x631C,0x631C,0x631C,
      0x2218,0x2218,0x631C,0x631C,0x631C,0x631C,0x631C,0x2218,0x2218,0x2218,0x2218,0x2218,0x0000,0x0000,
      0x0000,0x0000,0x0000,0x0000,0x0000,0x0000,0x0000,0x0000,0x0000,0x0000,0x0000,0x0000,0x0000,0x0000,
      0x0000,0x0000,0x2218,0x2218,0x2218,0x2218,0x2218,0x631C,0x631C,0x631C,0x2218,0x2218,0x2110,0x2110,
      0x2110,0x2110,0x2110,0x631C,0x631C,0x631C,0x631C,0x631C,0x631C,0x631C,0x631C,0x631C,0x631C,0x631C,
      0x2218,0x2218,0x631C,0x631C,0x631C,0x631C,0x631C,0x2218,0x2218,0x2218,0x2218,0x2218,0x0000,0x0000,
      0x0000,0x0000,0x0000,0x0000,0x0000,0x0000,0x0000,0x0000,0x0000,0x0000,0x0000,0x0000,0x0000,0x0000,
      0x0000,0x0000,0x2110,0x2218,0x2218,0x2218,0x2218,0x2218,0x2218,0x2218,0x2110,0x2110,0xC61C,0xC61C,
      0xA518,0xA518,0x2110,0x2110,0x2110,0x2218,0x2218,0x631C,0x631C,0xE71C,0x631C,0x631C,0x2218,0x2218,
      0x2218,0x2218,0x2218,0x2218,0x2218,0x2218,0x2218,0x2218,0x2218,0x2218,0x2218,0x2218,0x2218,0x2218,
      0x0000,0x0000,0x0000,0x0000,0x0000,0x0000,0x0000,0x0000,0x0000,0x0000,0x0000,0x0000,0x0000,0x0000,
      0x0000,0x0000,0xA518,0x2218,0x2218,0x2218,0x2218,0x2218,0x2218,0x2110,0xE71C,0xE71C,0xE71C,0xE71C,
      0xE71C,0xE71C,0xA518,0x2110,0x2110,0x2218,0x2218,0x2218,0x2218,0x631C,0x2218,0x2218,0x2218,0x2218,
      0x2218,0x2218,0x2110,0x2110,0x2110,0x2110,0x2110,0x2110,0x2110,0x2110,0x2110,0x2110,0x2110,0x2110,
      0x2218,0x2218,0x0000,0x0000,0x0000,0x0000,0x0000,0x0000,0x0000,0x0000,0x0000,0x0000,0x0000,0x0000,
      0x0000,0x0000,0xA518,0x2218,0x2218,0x2218,0x2218,0x2218,0x2218,0x2110,0xE71C,0xE71C,0xE71C,0xE71C,
      0xE71C,0xE71C,0xA518,0x2110,0x2110,0x2218,0x2218,0x2218,0x2218,0x631C,0x2218,0x2218,0x2218,0x2218,
      0x2218,0x2218,0x2110,0x2110,0x2110,0x2110,0x2110,0x2110,0x2110,0x2110,0x2110,0x2110,0x2110,0x2110,
      0x2218,0x2218,0x0000,0x0000,0x0000,0x0000,0x0000,0x0000,0x0000,0x0000,0x0000,0x0000,0x0000,0x0000,
      0x0000,0x0000,0xA518,0x2104,0x2104,0x2218,0x2218,0x2104,0x2104,0xA518,0xE71C,0xE71C,0xE71C,0xE71C,
      0xE71C,0xE71C,0xA518,0x2110,0x2110,0x2218,0x2218,0x2218,0x2218,0x2218,0x2218,0x2218,0x2110,0x2110,
      0x2110,0x2110,0x2110,0x2110,0x2110,0x2110,0x2110,0x2110,0x2110,0x2110,0x2110,0x2110,0x2110,0x2110,
      0x2110,0x2110,0x2218,0x0000,0x0000,0x0000,0x0000,0x0000,0x0000,0x0000,0x0000,0x0000,0x0000,0x0000,
      0x0000,0x0000,0xA518,0x2104,0x2104,0x2218,0x2218,0x2104,0x2104,0xA518,0xE71C,0xE71C,0xE71C,0xE71C,
      0xE71C,0xE71C,0xA518,0x2110,0x2110,0x2218,0x2218,0x2218,0x2218,0x2218,0x2218,0x2218,0x2110,0x2110,
      0x2110,0x2110,0x2110,0x2110,0x2110,0x2110,0x2110,0x2110,0x2110,0x2110,0x2110,0x2110,0x2110,0x2110,
      0x2110,0x2110,0x2218,0x0000,0x0000,0x0000,0x0000,0x0000,0x0000,0x0000,0x0000,0x0000,0x0000,0x0000,
      0x0000,0x0000,0xA518,0x2104,0x2104,0x2110,0x2110,0x2104,0x2104,0xA518,0xE71C,0xE71C,0xE71C,0xE71C,
      0xE71C,0xE71C,0xA518,0x2218,0x2218,0x2218,0x2218,0x2218,0x2218,0x2218,0x2218,0x2218,0x2110,0x2110,
      0x2110,0x2110,0x2110,0x2110,0x2110,0x2110,0x2110,0x0000,0x0000,0x0000,0x0000,0x0000,0x0000,0x0000,
      0x0000,0x0000,0x0000,0x0000,0x0000,0x0000,0x0000,0x0000,0x0000,0x0000,0x0000,0x0000,0x0000,0x0000,
      0x0000,0x0000,0xA518,0x2104,0x2104,0x2110,0x2110,0x2104,0x2104,0xA518,0xE71C,0xE71C,0xE71C,0xE71C,
      0xE71C,0xE71C,0xA518,0x2218,0x2218,0x2218,0x2218,0x2218,0x2218,0x2218,0x2218,0x2218,0x2110,0x2110,
      0x2110,0x2110,0x2110,0x2110,0x2110,0x2110,0x2110,0x0000,0x0000,0x0000,0x0000,0x0000,0x0000,0x0000,
      0x0000,0x0000,0x0000,0x0000,0x0000,0x0000,0x0000,0x0000,0x0000,0x0000,0x0000,0x0000,0x0000,0x0000,
      0x0000,0x0000,0xA518,0x6310,0x6310,0xE71C,0xE71C,0x6310,0x6310,0xA518,0xE71C,0xE71C,0xE71C,0xE71C,
      0xE71C,0xE71C,0x631C,0x2218,0x2218,0x2218,0x2218,0x2218,0x2218,0x2218,0x2110,0x2110,0x2110,0x2110,
      0x2110,0x2110,0x2110,0x0000,0x0000,0x0000,0x0000,0x0000,0x0000,0x0000,0x0000,0x0000,0x0000,0x0000,
      0x0000,0x0000,0x0000,0x0000,0x0000,0x0000,0x0000,0x0000,0x0000,0x0000,0x0000,0x0000,0x0000,0x0000,
      0x2104,0x2104,0x2104,0xA518,0xA518,0xA308,0xA308,0xE71C,0xE71C,0xE71C,0xE71C,0xE71C,0xE71C,0xE71C,
      0xA518,0xA518,0xE510,0xE510,0xE510,0xA308,0xA308,0x2218,0x2218,0x2110,0x2110,0x2110,0x2110,0x2110,
      0x2110,0x2110,0x631C,0x2218,0x2218,0x0000,0x0000,0x0000,0x0000,0x0000,0x0000,0x0000,0x0000,0x0000,
      0x0000,0x0000,0x0000,0x0000,0x0000,0x0000,0x0000,0x0000,0x0000,0x0000,0x0000,0x0000,0x0000,0x0000,
      0x2104,0x2104,0x2104,0xA518,0xA518,0xA308,0xA308,0xE71C,0xE71C,0xE71C,0xE71C,0xE71C,0xE71C,0xE71C,
      0xA518,0xA518,0xE510,0xE510,0xE510,0xA308,0xA308,0x2218,0x2218,0x2110,0x2110,0x2110,0x2110,0x2110,
      0x2110,0x2110,0x631C,0x2218,0x2218,0x0000,0x0000,0x0000,0x0000,0x0000,0x0000,0x0000,0x0000,0x0000,
      0x0000,0x0000,0x0000,0x0000,0x0000,0x0000,0x0000,0x0000,0x0000,0x0000,0x0000,0x0000,0x0000,0x0000,
      0x6310,0x6310,0x2104,0x2104,0x2104,0xE510,0xE510,0xE510,0xE510,0xC61C,0xC61C,0xC61C,0xE510,0xE510,
      0xE510,0xE510,0xE510,0xE71C,0xE71C,0xE510,0xE510,0xE000,0xE000,0xE000,0xE000,0xE000,0xE000,0xE000,
      0xE000,0xE000,0xE000,0x631C,0x631C,0x2218,0x2218,0xE510,0xE510,0xE510,0xE510,0xE510,0xE510,0xE510,
      0xA308,0xA308,0x0000,0x0000,0x0000,0x0000,0x0000,0x0000,0x0000,0x0000,0x0000,0x0000,0x0000,0x0000,
      0x6310,0x6310,0x2104,0x2104,0x2104,0xE510,0xE510,0xE510,0xE510,0xC61C,0xC61C,0xC61C,0xE510,0xE510,
      0xE510,0xE510,0xE510,0xE71C,0xE71C,0xE510,0xE510,0xE000,0xE000,0xE000,0xE000,0xE000,0xE000,0xE000,
      0xE000,0xE000,0xE000,0x631C,0x631C,0x2218,0x2218,0xE510,0xE510,0xE510,0xE510,0xE510,0xE510,0xE510,
      0xA308,0xA308,0x0000,0x0000,0x0000,0x0000,0x0000,0x0000,0x0000,0x0000,0x0000,0x0000,0x0000,0x0000,
      0x0000,0x0000,0x0000,0xA308,0xA308,0xE510,0xE510,0xE510,0xE510,0xE510,0xE510,0xE510,0xE510,0xE510,
      0xE510,0xE510,0xE510,0xE510,0xE510,0xE510,0xE510,0x8000,0x8000,0xE000,0xE000,0xE000,0xE000,0xE000,
      0xE000,0xE000,0xE000,0xE000,0xE000,0xE000,0xE000,0xE000,0xE000,0xE000,0x8000,0x8000,0xA308,0xA308,
      0xE510,0xE510,0xA308,0x0000,0x0000,0x0000,0x0000,0x0000,0x0000,0x0000,0x0000,0x0000,0x0000,0x0000,
      0x0000,0x0000,0x0000,0xA308,0xA308,0xE510,0xE510,0xE510,0xE510,0xE510,0xE510,0xE510,0xE510,0xE510,
      0xE510,0xE510,0xE510,0xE510,0xE510,0xE510,0xE510,0x8000,0x8000,0xE000,0xE000,0xE000,0xE000,0xE000,
      0xE000,0xE000,0xE000,0xE000,0xE000,0xE000,0xE000,0xE000,0xE000,0xE000,0x8000,0x8000,0xA308,0xA308,
      0xE510,0xE510,0xA308,0x0000,0x0000,0x0000,0x0000,0x0000,0x0000,0x0000,0x0000,0x0000,0x0000,0x0000,
      0x0000,0x0000,0x0000,0x0000,0x0000,0xA308,0xA308,0xA308,0xA308,0xE510,0xE510,0xE510,0xE510,0xE510,
      0xE510,0xE510,0xE510,0xA308,0xA308,0xA308,0xA308,0x8000,0x8000,0x8000,0xE000,0xE000,0xE000,0xE000,
      0xE000,0xE000,0xE000,0xE000,0xE000,0xE000,0xE000,0xE000,0xE000,0xE000,0xE000,0xE000,0xE000,0xE000,
      0x8000,0x8000,0x8000,0x0000,0x0000,0x0000,0x0000,0x0000,0x0000,0x0000,0x0000,0x0000,0x0000,0x0000,
      0x0000,0x0000,0x0000,0x0000,0x0000,0x0000,0x0000,0x0000,0x0000,0xA308,0xA308,0xA308,0xA308,0xA308,
      0xA308,0xA308,0xA308,0x2110,0x2110,0x2110,0x2110,0x2110,0x2110,0x8000,0x8000,0x8000,0xE000,0xE000,
      0xE000,0xE000,0xE000,0xE000,0xE000,0xE000,0xE000,0xE000,0xE000,0xE000,0xE000,0xE000,0xE000,0xE000,
      0xE000,0xE000,0x8000,0x8000,0x8000,0x8000,0x8000,0x0000,0x0000,0x0000,0x0000,0x0000,0x0000,0x0000,
      0x0000,0x0000,0x0000,0x0000,0x0000,0x0000,0x0000,0x0000,0x0000,0xA308,0xA308,0xA308,0xA308,0xA308,
      0xA308,0xA308,0xA308,0x2110,0x2110,0x2110,0x2110,0x2110,0x2110,0x8000,0x8000,0x8000,0xE000,0xE000,
      0xE000,0xE000,0xE000,0xE000,0xE000,0xE000,0xE000,0xE000,0xE000,0xE000,0xE000,0xE000,0xE000,0xE000,
      0xE000,0xE000,0x8000,0x8000,0x8000,0x8000,0x8000,0x0000,0x0000,0x0000,0x0000,0x0000,0x0000,0x0000,
      0x0000,0x0000,0x0000,0x0000,0x0000,0x0000,0x0000,0x0000,0x0000,0x0000,0x0000,0x0000,0x0000,0x0000,
      0x6310,0x6310,0x6310,0x6310,0x6310,0x6310,0x6310,0x6310,0x6310,0x6310,0x8000,0x8000,0x8000,0x8000,
      0x8000,0x8000,0xE000,0xE000,0xE000,0xE000,0xE000,0xE000,0xE000,0xE000,0xE000,0xE000,0xE000,0xE000,
      0xE000,0xE000,0xE000,0x8000,0x8000,0x8000,0x8000,0x8000,0x8000,0x0000,0x0000,0x0000,0x0000,0x0000,
      0x0000,0x0000,0x0000,0x0000,0x0000,0x0000,0x0000,0x0000,0x0000,0x0000,0x0000,0x0000,0x0000,0x0000,
      0x6310,0x6310,0x6310,0x6310,0x6310,0x6310,0x6310,0x6310,0x6310,0x6310,0x8000,0x8000,0x8000,0x8000,
      0x8000,0x8000,0xE000,0xE000,0xE000,0xE000,0xE000,0xE000,0xE000,0xE000,0xE000,0xE000,0xE000,0xE000,
      0xE000,0xE000,0xE000,0x8000,0x8000,0x8000,0x8000,0x8000,0x8000,0x0000,0x0000,0x0000,0x0000,0x0000,
      0x0000,0x0000,0x0000,0x0000,0x0000,0x0000,0x0000,0x0000,0x0000,0x0000,0x0000,0x0000,0x0000,0x0000,
      0xA518,0xA518,0x6310,0x6310,0x6310,0xA518,0xA518,0x6310,0x6310,0x6310,0xA518,0xA518,0xC61C,0xC61C,
      0x8000,0x8000,0x8000,0x8000,0x8000,0x8000,0x8000,0xE000,0xE000,0xE000,0xE000,0xE000,0xE000,0xE000,
      0xE000,0xE000,0xE000,0xE000,0xE000,0x8000,0x8000,0x8000,0x8000,0x8000,0x0000,0x0000,0x0000,0x0000,
      0x0000,0x0000,0x0000,0x0000,0x0000,0x0000,0x0000,0x0000,0x0000,0x0000,0x0000,0x0000,0x0000,0x0000,
      0xA518,0xA518,0x6310,0x6310,0x6310,0xA518,0xA518,0x6310,0x6310,0x6310,0xA518,0xA518,0xC61C,0xC61C,
      0x8000,0x8000,0x8000,0x8000,0x8000,0x8000,0x8000,0xE000,0xE000,0xE000,0xE000,0xE000,0xE000,0xE000,
      0xE000,0xE000,0xE000,0xE000,0xE000,0x8000,0x8000,0x8000,0x8000,0x8000,0x0000,0x0000,0x0000,0x0000,
      0x0000,0x0000,0x0000,0x0000,0x0000,0x0000,0x0000,0x0000,0x0000,0x0000,0x0000,0x0000,0x0000,0x0000,
      0xA518,0xA518,0xA518,0xA518,0xA518,0x6310,0x6310,0xA518,0xA518,0x0000,0xA308,0xA308,0xA518,0xA518,
      0xC61C,0xC61C,0xC61C,0xC61C,0xC61C,0x8000,0x8000,0x8000,0x8000,0x8000,0x8000,0x8000,0xE000,0xE000,
      0xE000,0xE000,0xE000,0x8000,0x8000,0x8000,0x8000,0x8000,0x8000,0x8000,0x8000,0x8000,0x0000,0x0000,
      0x0000,0x0000,0x0000,0x0000,0x0000,0x0000,0x0000,0x0000,0x0000,0x0000,0x0000,0x0000,0x0000,0x0000,
      0x0000,0x0000,0xA518,0x6310,0x6310,0x6310,0x6310,0x0000,0x0000,0x0000,0xE510,0xE510,0xA308,0xA308,
      0xA308,0xA308,0xA308,0xA308,0xA308,0x2110,0x2110,0x2218,0x2218,0x2110,0x8000,0x8000,0x8000,0x8000,
      0x8000,0x8000,0x8000,0x8000,0x8000,0x8000,0x8000,0x8000,0x8000,0x8000,0x8000,0x8000,0x0000,0x0000,
      0x0000,0x0000,0x0000,0x0000,0x0000,0x0000,0x0000,0x0000,0x0000,0x0000,0x0000,0x0000,0x0000,0x0000,
      0x0000,0x0000,0xA518,0x6310,0x6310,0x6310,0x6310,0x0000,0x0000,0x0000,0xE510,0xE510,0xA308,0xA308,
      0xA308,0xA308,0xA308,0xA308,0xA308,0x2110,0x2110,0x2218,0x2218,0x2110,0x8000,0x8000,0x8000,0x8000,
      0x8000,0x8000,0x8000,0x8000,0x8000,0x8000,0x8000,0x8000,0x8000,0x8000,0x8000,0x8000,0x0000,0x0000,
      0x0000,0x0000,0x0000,0x0000,0x0000,0x8000,0x8000,0x0000,0x0000,0x0000,0x0000,0x0000,0x0000,0x0000,
      0x0000,0x0000,0x0000,0x0000,0x0000,0x0000,0x0000,0x0000,0x0000,0x0000,0xA308,0xA308,0xE510,0xE510,
      0xE510,0xE510,0xA308,0x2218,0x2218,0x2218,0x2218,0x2110,0x2110,0x2110,0x0000,0x0000,0x0000,0x0000,
      0x0000,0x0000,0x0000,0x0000,0x0000,0x8000,0x8000,0x8000,0x8000,0x8000,0x8000,0x8000,0x8000,0x8000,
      0x0000,0x0000,0x0000,0x0000,0x0000,0x8000,0x8000,0x0000,0x0000,0x0000,0x0000,0x0000,0x0000,0x0000,
      0x0000,0x0000,0x0000,0x0000,0x0000,0x0000,0x0000,0x0000,0x0000,0x0000,0xA308,0xA308,0xE510,0xE510,
      0xE510,0xE510,0xA308,0x2218,0x2218,0x2218,0x2218,0x2110,0x2110,0x2110,0x0000,0x0000,0x0000,0x0000,
      0x0000,0x0000,0x0000,0x0000,0x0000,0x8000,0x8000,0x8000,0x8000,0x8000,0x8000,0x8000,0x8000,0x8000,
      0x0000,0x0000,0x0000,0x0000,0x0000,0x8000,0x8000,0x0000,0x0000,0x0000,0x0000,0x0000,0x0000,0x0000,
      0x0000,0x0000,0x0000,0x0000,0x0000,0x0000,0x0000,0x0000,0x0000,0x0000,0x0000,0x0000,0xA308,0xA308,
      0xA308,0xA308,0xA308,0x2218,0x2218,0x2110,0x2110,0x2110,0x2110,0x0000,0x0000,0x0000,0x0000,0x0000,
      0x0000,0x0000,0x0000,0x0000,0x0000,0x0000,0x0000,0x8000,0x8000,0x8000,0x8000,0x8000,0x8000,0x8000,
      0x0000,0x0000,0x0000,0x0000,0x0000,0x8000,0x8000,0x0000,0x0000,0x0000,0x0000,0x0000,0x0000,0x0000,
      0x0000,0x0000,0x0000,0x0000,0x0000,0x0000,0x0000,0x0000,0x0000,0x0000,0x0000,0x0000,0xA308,0xA308,
      0xA308,0xA308,0xA308,0x2218,0x2218,0x2110,0x2110,0x2110,0x2110,0x0000,0x0000,0x0000,0x0000,0x0000,
      0x0000,0x0000,0x0000,0x0000,0x0000,0x0000,0x0000,0x8000,0x8000,0x8000,0x8000,0x8000,0x8000,0x8000,
      0x0000,0x0000,0x0000,0x0000,0x0000,0x8000,0x8000,0x0000,0x0000,0x0000,0x8000,0x8000,0x0000,0x0000,
      0x0000,0x0000,0x0000,0x0000,0x0000,0x0000,0x0000,0x0000,0x0000,0x0000,0x0000,0x0000,0x2218,0x2218,
      0x2218,0x2218,0x2110,0x2110,0x2110,0x0000,0x0000,0x0000,0x0000,0x0000,0x0000,0x0000,0x0000,0x0000,
      0x0000,0x0000,0x0000,0x0000,0x0000,0x0000,0x0000,0x0000,0x0000,0x8000,0x8000,0x8000,0x8000,0x8000,
      0x0000,0x0000,0x0000,0x0000,0x0000,0x8000,0x8000,0x8000,0x8000,0x0000,0x8000,0x8000,0x0000,0x0000,
      0x0000,0x0000,0x0000,0x0000,0x0000,0x0000,0x0000,0x0000,0x0000,0x0000,0x2218,0x2218,0x2110,0x2110,
      0x2110,0x2110,0x2110,0x0000,0x0000,0x0000,0x0000,0x0000,0x0000,0x0000,0x0000,0x0000,0x0000,0x0000,
      0x0000,0x0000,0x0000,0x0000,0x0000,0x0000,0x0000,0x0000,0x0000,0x8000,0x8000,0x8000,0x8000,0x8000,
      0x0000,0x0000,0x0000,0x0000,0x0000,0x8000,0x8000,0x8000,0x8000,0x0000,0x8000,0x8000,0x0000,0x0000,
      0x0000,0x0000,0x0000,0x0000,0x0000,0x0000,0x0000,0x0000,0x0000,0x0000,0x2218,0x2218,0x2110,0x2110,
      0x2110,0x2110,0x2110,0x0000,0x0000,0x0000,0x0000,0x0000,0x0000,0x0000,0x0000,0x0000,0x0000,0x0000,
      0x0000,0x0000,0x0000,0x0000,0x0000,0x0000,0x0000,0x0000,0x0000,0x8000,0x8000,0x8000,0x8000,0x8000,
      0x0000,0x0000,0x0000,0x0000,0x0000,0x8000,0x8000,0x8000,0x8000,0x0000,0x8000,0x8000,0x0000,0x0000,
      0x0000,0x0000,0x0000,0x0000,0x0000,0x0000,0x0000,0x0000,0x0000,0x0000,0x2218,0x2218,0x2110,0x2110,
      0x2110,0x2110,0x2110,0x0000,0x0000,0x0000,0x0000,0x0000,0x0000,0x0000,0x0000,0x0000,0x0000,0x0000,
      0x0000,0x0000,0x0000,0x0000,0x0000,0x0000,0x0000,0x0000,0x0000,0x8000,0x8000,0x8000,0x8000,0x8000,
      0x0000,0x0000,0x0000,0x0000,0x0000,0x8000,0x8000,0x8000,0x8000,0x0000,0x8000,0x8000,0x0000,0x0000,
      0x0000,0x0000,0x0000,0x0000,0x0000,0x0000,0x0000,0x0000,0x0000,0x0000,0x2218,0x2218,0x2110,0x2110,
      0x2110,0x2110,0x2110,0x0000,0x0000,0x0000,0x0000,0x0000,0x0000,0x0000,0x0000,0x0000,0x0000,0x0000,
      0x0000,0x0000,0x0000,0x0000,0x0000,0x0000,0x0000,0x0000,0x0000,0x8000,0x8000,0x8000,0x8000,0x8000,
      0x0000,0x0000,0x0000,0x0000,0x0000,0x8000,0x8000,0x8000,0x8000,0x8000,0x8000,0x8000,0x8000,0x8000,
      0x0000,0x0000,0x0000,0x0000,0x0000,0x0000,0x0000,0x0000,0x0000,0x0000,0x0000,0x0000,0x2218,0x2218,
      0x2110,0x2110,0x2110,0x2110,0x2110,0xC61C,0xC61C,0x6310,0x6310,0x0000,0x0000,0x0000,0x0000,0x0000,
      0x0000,0x0000,0x0000,0x0000,0x0000,0x0000,0x0000,0x0000,0x0000,0x0000,0x8000,0x8000,0x8000,0x8000,
      0x0000,0x0000,0x0000,0x0000,0x0000,0x8000,0x8000,0x8000,0x8000,0x8000,0x8000,0x8000,0x8000,0x8000,
      0x0000,0x0000,0x0000,0x0000,0x0000,0x0000,0x0000,0x0000,0x0000,0x0000,0x0000,0x0000,0x2218,0x2218,
      0x2110,0x2110,0x2110,0x2110,0x2110,0xC61C,0xC61C,0x6310,0x6310,0x0000,0x0000,0x0000,0x0000,0x0000,
      0x0000,0x0000,0x0000,0x0000,0x0000,0x0000,0x0000,0x0000,0x0000,0x0000,0x8000,0x8000,0x8000,0x8000,
      0x0000,0x0000,0x0000,0x0000,0x0000,0x0000,0x0000,0x8000,0x8000,0x8000,0x8000,0x8000,0x8000,0x8000,
      0x0000,0x0000,0x0000,0x0000,0x0000,0x0000,0x0000,0x0000,0x0000,0x0000,0x0000,0x0000,0x0000,0x0000,
      0x2110,0x2110,0x2110,0xC61C,0xC61C,0xA518,0xA518,0x6310,0x6310,0x6310,0x0000,0x0000,0x0000,0x0000,
      0x0000,0x0000,0x0000,0x0000,0x0000,0x0000,0x0000,0x0000,0x0000,0x0000,0x8000,0x8000,0x0000,0x0000,
      0x0000,0x0000,0x0000,0x0000,0x0000,0x0000,0x0000,0x8000,0x8000,0x8000,0x8000,0x8000,0x8000,0x8000,
      0x8000,0x8000,0x0000,0x0000,0x0000,0x0000,0x0000,0x0000,0x0000,0x0000,0x0000,0x0000,0x0000,0x0000,
      0xC61C,0xC61C,0xC61C,0xA518,0xA518,0xA518,0xA518,0xA518,0xA518,0x6310,0x8000,0x8000,0x0000,0x0000,
      0x0000,0x0000,0x0000,0x0000,0x0000,0x0000,0x0000,0x0000,0x0000,0x0000,0x8000,0x8000,0x0000,0x0000,
      0x0000,0x0000,0x0000,0x0000,0x0000,0x0000,0x0000,0x8000,0x8000,0x8000,0x8000,0x8000,0x8000,0x8000,
      0x8000,0x8000,0x0000,0x0000,0x0000,0x0000,0x0000,0x0000,0x0000,0x0000,0x0000,0x0000,0x0000,0x0000,
      0xC61C,0xC61C,0xC61C,0xA518,0xA518,0xA518,0xA518,0xA518,0xA518,0x6310,0x8000,0x8000,0x0000,0x0000,
      0x0000,0x0000,0x0000,0x0000,0x0000,0x0000,0x0000,0x0000,0x0000,0x0000,0x8000,0x8000,0x0000,0x0000,
      0x0000,0x0000,0x0000,0x0000,0x0000,0x0000,0x0000,0x0000,0x0000,0x8000,0x8000,0x8000,0x8000,0x8000,
      0x8000,0x8000,0x8000,0x8000,0x8000,0x0000,0x0000,0x0000,0x0000,0x0000,0x0000,0x0000,0x0000,0x0000,
      0x0000,0x0000,0xA518,0x8000,0x8000,0x8000,0x8000,0x8000,0x8000,0x8000,0x8000,0x8000,0x2104,0x2104,
      0x0000,0x0000,0x0000,0x0000,0x0000,0x0000,0x0000,0x0000,0x0000,0x8000,0x0000,0x0000,0x0000,0x0000,
      0x0000,0x0000,0x0000,0x0000,0x0000,0x0000,0x0000,0x0000,0x0000,0x8000,0x8000,0x8000,0x8000,0x8000,
      0x8000,0x8000,0x8000,0x8000,0x8000,0x0000,0x0000,0x0000,0x0000,0x0000,0x0000,0x0000,0x0000,0x0000,
      0x0000,0x0000,0xA518,0x8000,0x8000,0x8000,0x8000,0x8000,0x8000,0x8000,0x8000,0x8000,0x2104,0x2104,
      0x0000,0x0000,0x0000,0x0000,0x0000,0x0000,0x0000,0x0000,0x0000,0x8000,0x0000,0x0000,0x0000,0x0000,
      0x0000,0x0000,0x0000,0x0000,0x0000,0x0000,0x0000,0x0000,0x0000,0x0000,0x8000,0x8000,0x8000,0x8000,
      0x8000,0x8000,0x8000,0x8000,0x8000,0x8000,0x8000,0x8000,0x8000,0xA518,0xA518,0xA518,0xA518,0xA518,
      0xA518,0xA518,0xA518,0x8000,0x8000,0x8000,0x8000,0x8000,0x8000,0x8000,0x8000,0x8000,0x8000,0x8000,
      0x2104,0x2104,0x0000,0x0000,0x0000,0x0000,0x0000,0x0000,0x0000,0x0000,0x0000,0x0000,0x0000,0x0000,
      0x0000,0x0000,0x0000,0x0000,0x0000,0x0000,0x0000,0x0000,0x0000,0x0000,0x8000,0x8000,0x8000,0x8000,
      0x8000,0x8000,0x8000,0x8000,0x8000,0x8000,0x8000,0x8000,0x8000,0xA518,0xA518,0xA518,0xA518,0xA518,
      0xA518,0xA518,0xA518,0x8000,0x8000,0x8000,0x8000,0x8000,0x8000,0x8000,0x8000,0x8000,0x8000,0x8000,
      0x2104,0x2104,0x0000,0x0000,0x0000,0x0000,0x0000,0x0000,0x0000,0x0000,0x0000,0x0000,0x0000,0x0000,
      0x0000,0x0000,0x0000,0x0000,0x0000,0x0000,0x0000,0x0000,0x0000,0x0000,0x0000,0x0000,0x8000,0x8000,
      0x8000,0x8000,0x8000,0x8000,0x8000,0x8000,0x8000,0x8000,0x8000,0x8000,0xA518,0xA518,0xA518,0xA518,
      0xA518,0xA518,0xA518,0xA518,0xA518,0x8000,0x8000,0x8000,0x8000,0x8000,0x8000,0x8000,0x8000,0x8000,
      0x2104,0x2104,0x0000,0x0000,0x0000,0x0000,0x0000,0x0000,0x0000,0x0000,0x0000,0x0000,0x0000,0x0000,
      0x0000,0x0000,0x0000,0x0000,0x0000,0x0000,0x0000,0x0000,0x0000,0x0000,0x0000,0x0000,0x0000,0x0000,
      0x0000,0x0000,0x8000,0x2104,0x2104,0x8000,0x8000,0x8000,0x8000,0x8000,0x8000,0x8000,0x8000,0x8000,
      0xA518,0xA518,0xA518,0xA518,0xA518,0x8000,0x8000,0x8000,0x8000,0x8000,0x8000,0x8000,0x8000,0x8000,
      0x2104,0x2104,0x0000,0x0000,0x0000,0x0000,0x0000,0x0000,0x0000,0x0000,0x0000,0x0000,0x0000,0x0000,
      0x0000,0x0000,0x0000,0x0000,0x0000,0x0000,0x0000,0x0000,0x0000,0x0000,0x0000,0x0000,0x0000,0x0000,
      0x0000,0x0000,0x8000,0x2104,0x2104,0x8000,0x8000,0x8000,0x8000,0x8000,0x8000,0x8000,0x8000,0x8000,
      0xA518,0xA518,0xA518,0xA518,0xA518,0x8000,0x8000,0x8000,0x8000,0x8000,0x8000,0x8000,0x8000,0x8000,
      0x2104,0x2104,0x0000,0x0000,0x0000,0x0000,0x0000,0x0000,0x0000,0x0000,0x0000,0x0000,0x0000,0x0000,
      0x0000,0x0000,0x0000,0x0000,0x0000,0x0000,0x0000,0x0000,0x0000,0x0000,0x0000,0x0000,0x0000,0x0000,
      0x0000,0x0000,0x0000,0x0000,0x0000,0x2104,0x2104,0x2104,0x2104,0x2104,0x2104,0x2104,0x2104,0x2104,
      0x2104,0x2104,0x2104,0x2104,0x2104,0x2104,0x2104,0x2104,0x2104,0x2104,0x2104,0x2104,0x2104,0x2104,
      0x0000,0x0000,0x0000,0x0000,0x0000,0x0000,0x0000,0x0000,0x0000,0x0000,0x0000,0x0000,0x0000,0x0000,
      0x0000,0x0000,0x0000,0x0000,0x0000,0x0000,0x0000,0x0000,0x0000,0x0000,0x0000,0x0000,0x0000,0x0000,
      0x0000,0x0000,0x0000,0x0000,0x0000,0x2104,0x2104,0x2104,0x2104,0x2104,0x2104,0x2104,0x2104,0x2104,
      0x2104,0x2104,0x2104,0x2104,0x2104,0x2104,0x2104,0x2104,0x2104,0x2104,0x2104,0x2104,0x2104,0x2104,
      0x0000,0x0000,0x0000,0x0000,0x0000,0x0000,0x0000,0x0000,0x0000,0x0000,0x0000,0x0000,0x0000,0x0000,
   },
   {
      0x0000,0x0000,0x0000,0x0000,0x0000,0x0000,0x0000,0x0000,0x0000,0x0000,0x0000,0x0000,0x0000,0x0000,
      0x0000,0x0000,0x0000,0x0000,0x0000,0x0000,0x0000,0x0000,0x0000,0x2218,0x2218,0x2218,0x2218,0x2218,
      0x2218,0x2218,0x2218,0x2218,0x2218,0x2218,0x2218,0x2218,0x2218,0x2218,0x2218,0x2218,0x2218,0x2218,
      0x0000,0x0000,0x0000,0x0000,0x0000,0x0000,0x0000,0x0000,0x0000,0x0000,0x0000,0x0000,0x0000,0x0000,
      0x0000,0x0000,0x0000,0x0000,0x0000,0x0000,0x0000,0x0000,0x0000,0x0000,0x0000,0x0000,0x0000,0x0000,
      0x0000,0x0000,0x0000,0x0000,0x0000,0x0000,0x0000,0x0000,0x0000,0x2218,0x2218,0x2218,0x2218,0x2218,
      0x2218,0x2218,0x2218,0x2218,0x2218,0x2218,0x2218,0x2218,0x2218,0x2218,0x2218,0x2218,0x2218,0x2218,
      0x0000,0x0000,0x0000,0x0000,0x0000,0x0000,0x0000,0x0000,0x0000,0x0000,0x0000,0x0000,0x0000,0x0000,
      0x0000,0x0000,0x0000,0x0000,0x0000,0x0000,0x0000,0x0000,0x0000,0x0000,0x0000,0x0000,0x0000,0x0000,
      0x0000,0x0000,0x2218,0x2218,0x2218,0x2218,0x2218,0x2218,0x2218,0x631C,0x631C,0x631C,0x631C,0x631C,
      0x2218,0x2218,0x2218,0x2218,0x2218,0x2218,0x2218,0x2110,0x2110,0x2110,0x0000,0x0000,0x0000,0x0000,
      0x0000,0x0000,0x0000,0x0000,0x0000,0x0000,0x0000,0x0000,0x0000,0x0000,0x0000,0x0000,0x0000,0x0000,
      0x0000,0x0000,0x0000,0x0000,0x0000,0x0000,0x0000,0x2110,0x2110,0x0000,0x0000,0x0000,0x2218,0x2218,
      0x2218,0x2218,0x2218,0x2218,0x2218,0x2218,0x2218,0x2218,0x2218,0x2218,0x631C,0x631C,0x2218,0x2218,
      0x2218,0x2218,0x2218,0x2110,0x2110,0x2110,0x2110,0x0000,0x0000,0x0000,0x0000,0x0000,0x0000,0x0000,
      0x0000,0x0000,0x0000,0x0000,0x0000,0x0000,0x0000,0x0000,0x0000,0x0000,0x0000,0x0000,0x0000,0x0000,
      0x0000,0x0000,0x0000,0x0000,0x0000,0x0000,0x0000,0x2110,0x2110,0x0000,0x0000,0x0000,0x2218,0x2218,
      0x2218,0x2218,0x2218,0x2218,0x2218,0x2218,0x2218,0x2218,0x2218,0x2218,0x631C,0x631C,0x2218,0x2218,
      0x2218,0x2218,0x2218,0x2110,0x2110,0x2110,0x2110,0x0000,0x0000,0x0000,0x0000,0x0000,0x0000,0x0000,
      0x0000,0x0000,0x0000,0x0000,0x0000,0x0000,0x0000,0x0000,0x0000,0x0000,0x0000,0x0000,0x0000,0x0000,
      0x0000,0x0000,0x0000,0x0000,0x0000,0x2110,0x2110,0x2110,0x2110,0x2218,0x2218,0x2218,0x2218,0x2218,
      0x2218,0x2218,0x631C,0x2218,0x2218,0x2218,0x2218,0x2110,0x2110,0x2110,0x2110,0x2110,0x2218,0x2218,
      0x2110,0x2110,0x2110,0x2110,0x2110,0x0000,0x0000,0x0000,0x0000,0x0000,0x0000,0x0000,0x0000,0x0000,
      0x0000,0x0000,0x0000,0x0000,0x0000,0x0000,0x0000,0x0000,0x0000,0x0000,0x0000,0x0000,0x0000,0x0000,
      0x0000,0x0000,0x0000,0x0000,0x0000,0x2110,0x2110,0x2110,0x2110,0x2218,0x2218,0x2218,0x2218,0x2218,
      0x2218,0x2218,0x631C,0x2218,0x2218,0x2218,0x2218,0x2110,0x2110,0x2110,0x2110,0x2110,0x2218,0x2218,
      0x2110,0x2110,0x2110,0x2110,0x2110,0x0000,0x0000,0x0000,0x0000,0x0000,0x0000,0x0000,0x0000,0x0000,
      0x0000,0x0000,0x0000,0x0000,0x0000,0x0000,0x0000,0x0000,0x0000,0x0000,0x0000,0x0000,0x0000,0x0000,
      0x0000,0x0000,0x0000,0x2110,0x2110,0x2110,0x2110,0x2218,0x2218,0x2218,0x2218,0x2218,0x631C,0x631C,
      0x631C,0x631C,0x2218,0x2110,0x2110,0x2110,0x2110,0xE510,0xE510,0xE510,0xA308,0xA308,0x2110,0x2110,
      0x2110,0x2110,0x2110,0x0000,0x0000,0x0000,0x0000,0x0000,0x0000,0x0000,0x0000,0x0000,0x0000,0x0000,
      0x0000,0x0000,0x0000,0x0000,0x0000,0x0000,0x0000,0x0000,0x0000,0x0000,0x0000,0x0000,0x0000,0x0000,
      0x0000,0x0000,0x0000,0x2110,0x2110,0x2110,0x2110,0x2218,0x2218,0x2218,0x2218,0x2218,0x631C,0x631C,
      0x631C,0x631C,0x2218,0x2110,0x2110,0x2110,0x2110,0xE510,0xE510,0xE510,0xA308,0xA308,0x2110,0x2110,
      0x2110,0x2110,0x2110,0x0000,0x0000,0x0000,0x0000,0x0000,0x0000,0x0000,0x0000,0x0000,0x0000,0x0000,
      0x0000,0x0000,0x0000,0x0000,0x0000,0x0000,0x0000,0x0000,0x0000,0x0000,0x0000,0x0000,0x0000,0x0000,
      0x0000,0x0000,0x0000,0x2110,0x2110,0x2218,0x2218,0x2218,0x2218,0x2218,0x631C,0x631C,0x631C,0x631C,
      0x631C,0x631C,0x2218,0xE510,0xE510,0xE510,0xE510,0xE510,0xE510,0xA308,0x2110,0x2110,0x2218,0x2218,
      0x2110,0x2110,0x0000,0x0000,0x0000,0x0000,0x0000,0x0000,0x0000,0x0000,0x0000,0x0000,0x0000,0x0000,
      0x0000,0x0000,0x0000,0x0000,0x0000,0x0000,0x0000,0x0000,0x0000,0x0000,0x0000,0x0000,0x0000,0x0000,
      0x0000,0x0000,0x0000,0x2218,0x2218,0x2218,0x2218,0x2218,0x2218,0x631C,0x631C,0x631C,0x631C,0x631C,
      0x631C,0x631C,0x631C,0x2218,0x2218,0x2218,0x2218,0xA308,0xA308,0xA308,0x2110,0x2110,0x2218,0x2218,
      0x2218,0x2218,0x2218,0x2218,0x2218,0x2218,0x2218,0x2218,0x2218,0x2218,0x0000,0x0000,0x0000,0x0000,
      0x0000,0x0000,0x0000,0x0000,0x0000,0x0000,0x0000,0x0000,0x0000,0x0000,0x0000,0x0000,0x0000,0x0000,
      0x0000,0x0000,0x0000,0x2218,0x2218,0x2218,0x2218,0x2218,0x2218,0x631C,0x631C,0x631C,0x631C,0x631C,
      0x631C,0x631C,0x631C,0x2218,0x2218,0x2218,0x2218,0xA308,0xA308,0xA308,0x2110,0x2110,0x2218,0x2218,
      0x2218,0x2218,0x2218,0x2218,0x2218,0x2218,0x2218,0x2218,0x2218,0x2218,0x0000,0x0000,0x0000,0x0000,
      0x0000,0x0000,0x0000,0x0000,0x0000,0x0000,0x0000,0x0000,0x0000,0x0000,0x0000,0x0000,0x0000,0x0000,
      0x0000,0x0000,0x0000,0x2218,0x2218,0x2218,0x2218,0x2218,0x2218,0x631C,0x631C,0x631C,0xE71C,0xE71C,
      0x631C,0x631C,0x631C,0x631C,0x631C,0x2218,0x2218,0x2218,0x2218,0x2218,0x2218,0x2218,0x2218,0x2218,
      0x2218,0x2218,0x2218,0x2218,0x2218,0x2218,0x2218,0x2218,0x2218,0x2218,0x2218,0x2218,0x2218,0x2218,
      0x2218,0x2218,0x2218,0x0000,0x0000,0x0000,0x0000,0x0000,0x0000,0x0000,0x0000,0x0000,0x0000,0x0000,
      0x0000,0x0000,0x0000,0x2218,0x2218,0x2218,0x2218,0x2218,0x2218,0x631C,0x631C,0x631C,0xE71C,0xE71C,
      0x631C,0x631C,0x631C,0x631C,0x631C,0x2218,0x2218,0x2218,0x2218,0x2218,0x2218,0x2218,0x2218,0x2218,
      0x2218,0x2218,0x2218,0x2218,0x2218,0x2218,0x2218,0x2218,0x2218,0x2218,0x2218,0x2218,0x2218,0x2218,
      0x2218,0x2218,0x2218,0x0000,0x0000,0x0000,0x0000,0x0000,0x0000,0x0000,0x0000,0x0000,0x0000,0x0000,
      0x0000,0x0000,0x2218,0x2218,0x2218,0x2218,0x2218,0x631C,0x631C,0x631C,0x2218,0x2218,0x2110,0x2110,
      0x2110,0x2110,0x2110,0x631C,0x631C,0x631C,0x631C,0x631C,0x631C,0x631C,0x631C,0x631C,0x631C,0x631C,
      0x2218,0x2218,0x631C,0x631C,0x631C,0x2218,0x2218,0x2218,0x2218,0x2110,0x2110,0x2110,0x2110,0x2110,
      0x0000,0x0000,0x0000,0x0000,0x0000,0x0000,0x0000,0x0000,0x0000,0x0000,0x0000,0x0000,0x0000,0x0000,
      0x0000,0x0000,0x2218,0x2218,0x2218,0x2218,0x2218,0x631C,0x631C,0x631C,0x2218,0x2218,0x2110,0x2110,
      0x2110,0x2110,0x2110,0x631C,0x631C,0x631C,0x631C,0x631C,0x631C,0x631C,0x631C,0x631C,0x631C,0x631C,
      0x2218,0x2218,0x631C,0x631C,0x631C,0x2218,0x2218,0x2218,0x2218,0x2110,0x2110,0x2110,0x2110,0x2110,
      0x0000,0x0000,0x0000,0x0000,0x0000,0x0000,0x0000,0x0000,0x0000,0x0000,0x0000,0x0000,0x0000,0x0000,
      0x0000,0x0000,0x2110,0x2218,0x2218,0x2218,0x2218,0x2218,0x2218,0x2218,0x2110,0x2110,0xC61C,0xC61C,
      0xA518,0xA518,0x2110,0x2110,0x2110,0x2218,0x2218,0x631C,0x631C,0xE71C,0x631C,0x631C,0x2218,0x2218,
      0x2218,0x2218,0x2218,0x2218,0x2218,0x2110,0x2110,0x2110,0x2110,0x2110,0x0000,0x0000,0x0000,0x0000,
      0x0000,0x0000,0x0000,0x0000,0x0000,0x0000,0x0000,0x0000,0x0000,0x0000,0x0000,0x0000,0x0000,0x0000,
      0x0000,0x0000,0xA518,0x2218,0x2218,0x2218,0x2218,0x2218,0x2218,0x2110,0xE71C,0xE71C,0xE71C,0xE71C,
      0xE71C,0xE71C,0xA518,0x2110,0x2110,0x2218,0x2218,0x2218,0x2218,0x631C,0x2218,0x2218,0x2218,0x2218,
      0x2218,0x2218,0x2110,0x2110,0x2110,0x2110,0x2110,0x0000,0x0000,0x0000,0x0000,0x0000,0x0000,0x0000,
      0x0000,0x0000,0x0000,0x0000,0x0000,0x0000,0x0000,0x0000,0x0000,0x0000,0x0000,0x0000,0x0000,0x0000,
      0x0000,0x0000,0xA518,0x2218,0x2218,0x2218,0x2218,0x2218,0x2218,0x2110,0xE71C,0xE71C,0xE71C,0xE71C,
      0xE71C,0xE71C,0xA518,0x2110,0x2110,0x2218,0x2218,0x2218,0x2218,0x631C,0x2218,0x2218,0x2218,0x2218,
      0x2218,0x2218,0x2110,0x2110,0x2110,0x2110,0x2110,0x0000,0x0000,0x0000,0x0000,0x0000,0x0000,0x0000,
      0x0000,0x0000,0x0000,0x0000,0x0000,0x0000,0x0000,0x0000,0x0000,0x0000,0x0000,0x0000,0x0000,0x0000,
      0x0000,0x0000,0xA518,0x2104,0x2104,0x2218,0x2218,0x2104,0x2104,0xA518,0xE71C,0xE71C,0xE71C,0xE71C,
      0xE71C,0xE71C,0xA518,0x2110,0x2110,0x2218,0x2218,0x2218,0x2218,0x2218,0x2218,0x2218,0x2110,0x2110,
      0x2110,0x2110,0x2110,0x2110,0x2110,0x0000,0x0000,0x0000,0x0000,0x0000,0x0000,0x0000,0x0000,0x0000,
      0x0000,0x0000,0x0000,0x0000,0x0000,0x0000,0x0000,0x0000,0x0000,0x0000,0x0000,0x0000,0x0000,0x0000,
      0x0000,0x0000,0xA518,0x2104,0x2104,0x2218,0x2218,0x2104,0x2104,0xA518,0xE71C,0xE71C,0xE71C,0xE71C,
      0xE71C,0xE71C,0xA518,0x2110,0x2110,0x2218,0x2218,0x2218,0x2218,0x2218,0x2218,0x2218,0x2110,0x2110,
      0x2110,0x2110,0x2110,0x2110,0x2110,0x0000,0x0000,0x0000,0x0000,0x0000,0x0000,0x0000,0x0000,0x0000,
      0x0000,0x0000,0x0000,0x0000,0x0000,0x0000,0x0000,0x0000,0x0000,0x0000,0x0000,0x0000,0x0000,0x0000,
      0x0000,0x0000,0xA518,0x2104,0x2104,0x2110,0x2110,0x2104,0x2104,0xA518,0xE71C,0xE71C,0xE71C,0xE71C,
      0xE71C,0xE71C,0xA518,0x2218,0x2218,0x2218,0x2218,0x2218,0x2218,0x2218,0x2218,0x2218,0x2110,0x2110,
      0x2110,0x2110,0x2110,0x0000,0x0000,0x0000,0x0000,0x0000,0x0000,0x0000,0x0000,0x0000,0x0000,0x0000,
      0x0000,0x0000,0x0000,0x0000,0x0000,0x0000,0x0000,0x0000,0x0000,0x0000,0x0000,0x0000,0x0000,0x0000,
      0x0000,0x0000,0xA518,0x2104,0x2104,0x2110,0x2110,0x2104,0x2104,0xA518,0xE71C,0xE71C,0xE71C,0xE71C,
      0xE71C,0xE71C,0xA518,0x2218,0x2218,0x2218,0x2218,0x2218,0x2218,0x2218,0x2218,0x2218,0x2110,0x2110,
      0x2110,0x2110,0x2110,0x0000,0x0000,0x0000,0x0000,0x0000,0x0000,0x0000,0x0000,0x0000,0x0000,0x0000,
      0x0000,0x0000,0x0000,0x0000,0x0000,0x0000,0x0000,0x0000,0x0000,0x0000,0x0000,0x0000,0x0000,0x0000,
      0x0000,0x0000,0xA518,0x6310,0x6310,0xE71C,0xE71C,0x6310,0x6310,0xA518,0xE71C,0xE71C,0xE71C,0xE71C,
      0xE71C,0xE71C,0x631C,0x2218,0x2218,0x2218,0x2218,0x2218,0x2218,0x2218,0x2110,0x2110,0x2110,0x2110,
      0x2110,0x2110,0x2110,0x2218,0x2218,0x2218,0x2218,0x2218,0x2218,0x2218,0x2218,0x2218,0x2218,0x2218,
      0x0000,0x0000,0x0000,0x0000,0x0000,0x0000,0x0000,0x0000,0x0000,0x0000,0x0000,0x0000,0x0000,0x0000,
      0x2104,0x2104,0x2104,0xA518,0xA518,0xA308,0xA308,0xE71C,0xE71C,0xE71C,0xE71C,0xE71C,0xE71C,0xE71C,
      0xA518,0xA518,0xE510,0xE510,0xE510,0xA308,0xA308,0x2218,0x2218,0x2110,0x2110,0x2110,0x2110,0x2110,
      0x2110,0x2110,0x2218,0x631C,0x631C,0x631C,0x631C,0x2110,0x2110,0x2110,0x0000,0x0000,0x0000,0x0000,
      0x0000,0x0000,0x0000,0x0000,0x0000,0x0000,0x0000,0x0000,0x0000,0x0000,0x0000,0x0000,0x0000,0x0000,
      0x2104,0x2104,0x2104,0xA518,0xA518,0xA308,0xA308,0xE71C,0xE71C,0xE71C,0xE71C,0xE71C,0xE71C,0xE71C,
      0xA518,0xA518,0xE510,0xE510,0xE510,0xA308,0xA308,0x2218,0x2218,0x2110,0x2110,0x2110,0x2110,0x2110,
      0x2110,0x2110,0x2218,0x631C,0x631C,0x631C,0x631C,0x2110,0x2110,0x2110,0x0000,0x0000,0x0000,0x0000,
      0x0000,0x0000,0x0000,0x0000,0x0000,0x0000,0x0000,0x0000,0x0000,0x0000,0x0000,0x0000,0x0000,0x0000,
      0x6310,0x6310,0x2104,0x2104,0x2104,0xE510,0xE510,0xE510,0xE510,0xC61C,0xC61C,0xC61C,0xE510,0xE510,
      0xE510,0xE510,0xE510,0xE71C,0xE71C,0xE510,0xE510,0xA308,0xA308,0x2110,0x2110,0x2110,0x2110,0x2110,
      0x2218,0x2218,0x2218,0x2110,0x2110,0x2110,0x2110,0xE510,0xE510,0xE510,0xE510,0xE510,0xE510,0xE510,
      0xA308,0xA308,0x0000,0x0000,0x0000,0x0000,0x0000,0x0000,0x0000,0x0000,0x0000,0x0000,0x0000,0x0000,
      0x6310,0x6310,0x2104,0x2104,0x2104,0xE510,0xE510,0xE510,0xE510,0xC61C,0xC61C,0xC61C,0xE510,0xE510,
      0xE510,0xE510,0xE510,0xE71C,0xE71C,0xE510,0xE510,0xA308,0xA308,0x2110,0x2110,0x2110,0x2110,0x2110,
      0x2218,0x2218,0x2218,0x2110,0x2110,0x2110,0x2110,0xE510,0xE510,0xE510,0xE510,0xE510,0xE510,0xE510,
      0xA308,0xA308,0x0000,0x0000,0x0000,0x0000,0x0000,0x0000,0x0000,0x0000,0x0000,0x0000,0x0000,0x0000,
      0x0000,0x0000,0x0000,0xA308,0xA308,0xE510,0xE510,0xE510,0xE510,0xE510,0xE510,0xE510,0xE510,0xE510,
      0xE510,0xE510,0xE510,0xE510,0xE510,0xE510,0xE510,0xE000,0xE000,0xE000,0xE000,0xE000,0xE71C,0xE71C,
      0xE71C,0xE71C,0xE71C,0xE510,0xE510,0xE510,0xE510,0xA518,0xA518,0xA308,0xA308,0xA308,0xA308,0xA308,
      0xE510,0xE510,0xA308,0x0000,0x0000,0x0000,0x0000,0x0000,0x0000,0x0000,0x0000,0x0000,0x0000,0x0000,
      0x0000,0x0000,0x0000,0xA308,0xA308,0xE510,0xE510,0xE510,0xE510,0xE510,0xE510,0xE510,0xE510,0xE510,
      0xE510,0xE510,0xE510,0xE510,0xE510,0xE510,0xE510,0xE000,0xE000,0xE000,0xE000,0xE000,0xE71C,0xE71C,
      0xE71C,0xE71C,0xE71C,0xE510,0xE510,0xE510,0xE510,0xA518,0xA518,0xA308,0xA308,0xA308,0xA308,0xA308,
      0xE510,0xE510,0xA308,0x0000,0x0000,0x0000,0x0000,0x0000,0x0000,0x0000,0x0000,0x0000,0x0000,0x0000,
      0x0000,0x0000,0x0000,0x0000,0x0000,0xA308,0xA308,0xA308,0xA308,0xE510,0xE510,0xE510,0xE510,0xE510,
      0xE510,0xE510,0xE000,0xE000,0xE000,0xE000,0xE000,0xE000,0xE000,0xA308,0xE71C,0xE71C,0xA518,0xA518,
      0x6310,0x6310,0xE71C,0xE71C,0xE71C,0x6310,0x6310,0xC61C,0xC61C,0xE71C,0x8000,0x8000,0x8000,0x8000,
      0xE510,0xE510,0xA308,0x0000,0x0000,0x0000,0x0000,0x0000,0x0000,0x0000,0x0000,0x0000,0x0000,0x0000,
      0x0000,0x0000,0x0000,0x0000,0x0000,0x0000,0x0000,0x0000,0x0000,0xA308,0xA308,0xA308,0xE000,0xE000,
      0xE000,0xE000,0xE000,0xE000,0xE000,0xA308,0xA308,0x8000,0x8000,0x8000,0xC61C,0xC61C,0xE71C,0xE71C,
      0xE71C,0xE71C,0xE71C,0xE71C,0xE71C,0xC61C,0xC61C,0xA518,0xA518,0xE71C,0xA308,0xA308,0xE510,0xE510,
      0xA308,0xA308,0x0000,0x0000,0x0000,0x0000,0x0000,0x0000,0x0000,0x0000,0x0000,0x0000,0x0000,0x0000,
      0x0000,0x0000,0x0000,0x0000,0x0000,0x0000,0x0000,0x0000,0x0000,0xA308,0xA308,0xA308,0xE000,0xE000,
      0xE000,0xE000,0xE000,0xE000,0xE000,0xA308,0xA308,0x8000,0x8000,0x8000,0xC61C,0xC61C,0xE71C,0xE71C,
      0xE71C,0xE71C,0xE71C,0xE71C,0xE71C,0xC61C,0xC61C,0xA518,0xA518,0xE71C,0xA308,0xA308,0xE510,0xE510,
      0xA308,0xA308,0x0000,0x0000,0x0000,0x0000,0x0000,0x0000,0x0000,0x0000,0x0000,0x0000,0x0000,0x0000,
      0x0000,0x0000,0x0000,0x0000,0x0000,0x0000,0x0000,0x0000,0x0000,0x0000,0x8000,0x8000,0x8000,0x8000,
      0x8000,0x8000,0x8000,0x6310,0x6310,0x6310,0x6310,0x6310,0x6310,0x6310,0xC61C,0xC61C,0xE71C,0xE71C,
      0xE71C,0xE71C,0xE71C,0xE71C,0xE71C,0xC61C,0xC61C,0xA518,0xA518,0xC61C,0x8000,0x8000,0xA308,0xA308,
      0x2218,0x2218,0x0000,0x0000,0x0000,0x0000,0x0000,0x0000,0x0000,0x0000,0x0000,0x0000,0x0000,0x0000,
      0x0000,0x0000,0x0000,0x0000,0x0000,0x0000,0x0000,0x0000,0x0000,0x0000,0x8000,0x8000,0x8000,0x8000,
      0x8000,0x8000,0x8000,0x6310,0x6310,0x6310,0x6310,0x6310,0x6310,0x6310,0xC61C,0xC61C,0xE71C,0xE71C,
      0xE71C,0xE71C,0xE71C,0xE71C,0xE71C,0xC61C,0xC61C,0xA518,0xA518,0xC61C,0x8000,0x8000,0xA308,0xA308,
      0x2218,0x2218,0x0000,0x0000,0x0000,0x0000,0x0000,0x0000,0x0000,0x0000,0x0000,0x0000,0x0000,0x0000,
      0x0000,0x0000,0x0000,0x0000,0x0000,0x0000,0x0000,0x0000,0x0000,0x8000,0x8000,0x8000,0x8000,0x8000,
      0x8000,0x8000,0x6310,0x6310,0x6310,0xA518,0xA518,0x6310,0x6310,0x6310,0xA518,0xA518,0xC61C,0xC61C,
      0xC61C,0xC61C,0xC61C,0xC61C,0xC61C,0xA518,0xA518,0x6310,0x6310,0xC61C,0x2110,0x2110,0x2110,0x2110,
      0x2110,0x2110,0x2218,0x2218,0x2218,0x2218,0x2218,0x0000,0x0000,0x0000,0x0000,0x0000,0x0000,0x0000,
      0x0000,0x0000,0x0000,0x0000,0x0000,0x0000,0x0000,0x0000,0x0000,0x8000,0x8000,0x8000,0x8000,0x8000,
      0x8000,0x8000,0x6310,0x6310,0x6310,0xA518,0xA518,0x6310,0x6310,0x6310,0xA518,0xA518,0xC61C,0xC61C,
      0xC61C,0xC61C,0xC61C,0xC61C,0xC61C,0xA518,0xA518,0x6310,0x6310,0xC61C,0x2110,0x2110,0x2110,0x2110,
      0x2110,0x2110,0x2218,0x2218,0x2218,0x2218,0x2218,0x0000,0x0000,0x0000,0x0000,0x0000,0x0000,0x0000,
      0x0000,0x0000,0x0000,0x0000,0x0000,0x0000,0x0000,0x8000,0x8000,0x8000,0x8000,0x8000,0x8000,0x8000,
      0x8000,0x8000,0xA518,0xA518,0xA518,0x6310,0x6310,0xA518,0xA518,0x0000,0xA308,0xA308,0xA518,0xA518,
      0xC61C,0xC61C,0xC61C,0xC61C,0xC61C,0xA518,0xA518,0x2110,0x2110,0x2110,0x2110,0x2110,0x2110,0x2110,
      0x2110,0x2110,0x2110,0x2110,0x2110,0x0000,0x0000,0x0000,0x0000,0x0000,0x0000,0x0000,0x0000,0x0000,
      0x0000,0x0000,0x0000,0x0000,0x0000,0x8000,0x8000,0x8000,0x8000,0x8000,0x8000,0x8000,0x8000,0x8000,
      0x0000,0x0000,0xA518,0x6310,0x6310,0x6310,0x6310,0x0000,0x0000,0x0000,0xE510,0xE510,0xA308,0xA308,
      0xA308,0xA308,0xA308,0xA308,0xA308,0x2110,0x2110,0x2218,0x2218,0x2218,0x2110,0x2110,0x2110,0x2110,
      0x2110,0x2110,0x0000,0x0000,0x0000,0x0000,0x0000,0x0000,0x0000,0x0000,0x0000,0x0000,0x0000,0x0000,
      0x0000,0x0000,0x0000,0x0000,0x0000,0x8000,0x8000,0x8000,0x8000,0x8000,0x8000,0x8000,0x8000,0x8000,
      0x0000,0x0000,0xA518,0x6310,0x6310,0x6310,0x6310,0x0000,0x0000,0x0000,0xE510,0xE510,0xA308,0xA308,
      0xA308,0xA308,0xA308,0xA308,0xA308,0x2110,0x2110,0x2218,0x2218,0x2218,0x2110,0x2110,0x2110,0x2110,
      0x2110,0x2110,0x0000,0x0000,0x0000,0x0000,0x0000,0x0000,0x0000,0x0000,0x0000,0x0000,0x0000,0x0000,
      0x0000,0x0000,0x0000,0x0000,0x0000,0x8000,0x8000,0x8000,0x8000,0x8000,0x8000,0x8000,0x8000,0x8000,
      0x0000,0x0000,0x0000,0x0000,0x0000,0x0000,0x0000,0x0000,0x0000,0x0000,0xA308,0xA308,0xE510,0xE510,
      0xE510,0xE510,0xA308,0x2218,0x2218,0x2218,0x2218,0x2218,0x2218,0x2218,0x2110,0x2110,0x0000,0x0000,
      0x0000,0x0000,0x0000,0x8000,0x8000,0x8000,0x8000,0x8000,0x8000,0x0000,0x0000,0x0000,0x0000,0x0000,
      0x0000,0x0000,0x0000,0x0000,0x0000,0x8000,0x8000,0x8000,0x8000,0x8000,0x8000,0x8000,0x8000,0x8000,
      0x0000,0x0000,0x0000,0x0000,0x0000,0x0000,0x0000,0x0000,0x0000,0x0000,0xA308,0xA308,0xE510,0xE510,
      0xE510,0xE510,0xA308,0x2218,0x2218,0x2218,0x2218,0x2218,0x2218,0x2218,0x2110,0x2110,0x0000,0x0000,
      0x0000,0x0000,0x0000,0x8000,0x8000,0x8000,0x8000,0x8000,0x8000,0x0000,0x0000,0x0000,0x0000,0x0000,
      0x0000,0x0000,0x0000,0x0000,0x0000,0x8000,0x8000,0x8000,0x8000,0xE000,0x8000,0x8000,0x8000,0x8000,
      0x0000,0x0000,0x0000,0x0000,0x0000,0x0000,0x0000,0x0000,0x0000,0x0000,0x0000,0x0000,0x2218,0x2218,
      0x2218,0x2218,0x2218,0x2218,0x2218,0x2218,0x2218,0x2218,0x2218,0x2110,0x2110,0x2110,0x2110,0x2110,
      0xA518,0xA518,0xA518,0x8000,0x8000,0x8000,0x8000,0x8000,0x8000,0x8000,0x0000,0x0000,0x0000,0x0000,
      0x0000,0x0000,0x0000,0x0000,0x0000,0x8000,0x8000,0x8000,0x8000,0xE000,0x8000,0x8000,0x8000,0x8000,
      0x0000,0x0000,0x0000,0x0000,0x0000,0x0000,0x0000,0x0000,0x0000,0x0000,0x0000,0x0000,0x2218,0x2218,
      0x2218,0x2218,0x2218,0x2218,0x2218,0x2218,0x2218,0x2218,0x2218,0x2110,0x2110,0x2110,0x2110,0x2110,
      0xA518,0xA518,0xA518,0x8000,0x8000,0x8000,0x8000,0x8000,0x8000,0x8000,0x0000,0x0000,0x0000,0x0000,
      0x0000,0x0000,0x0000,0x0000,0x0000,0x8000,0x8000,0x8000,0x8000,0xE000,0xE000,0xE000,0xE71C,0xE71C,
      0x0000,0x0000,0x0000,0x0000,0x0000,0x0000,0x0000,0x0000,0x0000,0x0000,0x2218,0x2218,0x2218,0x2218,
      0x2218,0x2218,0x2218,0x2218,0x2218,0x2218,0x2218,0x2110,0x2110,0x2110,0x2110,0x2110,0x2110,0x2110,
      0xA518,0xA518,0xA518,0x8000,0x8000,0x8000,0x8000,0x8000,0x8000,0x8000,0x0000,0x0000,0x0000,0x0000,
      0x0000,0x0000,0x0000,0x0000,0x0000,0x0000,0x0000,0x8000,0x8000,0x8000,0xE000,0xE000,0xE71C,0xE71C,
      0xE71C,0xE71C,0x0000,0x0000,0x0000,0xE71C,0xE71C,0x0000,0x0000,0x2218,0x2218,0x2218,0x0000,0x0000,
      0x0000,0x0000,0x0000,0x0000,0x0000,0x0000,0x0000,0x0000,0x0000,0x2110,0x2110,0x2110,0xA518,0xA518,
      0xA518,0xA518,0xA518,0x8000,0x8000,0x8000,0x8000,0x8000,0x8000,0x8000,0x8000,0x8000,0x0000,0x0000,
      0x0000,0x0000,0x0000,0x0000,0x0000,0x0000,0x0000,0x8000,0x8000,0x8000,0xE000,0xE000,0xE71C,0xE71C,
      0xE71C,0xE71C,0x0000,0x0000,0x0000,0xE71C,0xE71C,0x0000,0x0000,0x2218,0x2218,0x2218,0x0000,0x0000,
      0x0000,0x0000,0x0000,0x0000,0x0000,0x0000,0x0000,0x0000,0x0000,0x2110,0x2110,0x2110,0xA518,0xA518,
      0xA518,0xA518,0xA518,0x8000,0x8000,0x8000,0x8000,0x8000,0x8000,0x8000,0x8000,0x8000,0x0000,0x0000,
      0x0000,0x0000,0x0000,0x0000,0x0000,0x0000,0x0000,0x8000,0x8000,0x8000,0xE000,0xE000,0xE71C,0xE71C,
      0xE71C,0xE71C,0xE000,0xE71C,0xE71C,0xE71C,0xE71C,0x2218,0x2218,0x2218,0x0000,0x0000,0x0000,0x0000,
      0x0000,0x0000,0x0000,0x0000,0x0000,0x0000,0x0000,0x0000,0x0000,0x0000,0x0000,0x0000,0xA518,0xA518,
      0xA518,0xA518,0xA518,0x8000,0x8000,0x8000,0x8000,0x8000,0x8000,0x8000,0x8000,0x8000,0x0000,0x0000,
      0x0000,0x0000,0x0000,0x0000,0x0000,0x0000,0x0000,0x8000,0x8000,0x8000,0xE000,0xE000,0xE71C,0xE71C,
      0xE71C,0xE71C,0xE000,0xE71C,0xE71C,0xE71C,0xE71C,0x2218,0x2218,0x2218,0x0000,0x0000,0x0000,0x0000,
      0x0000,0x0000,0x0000,0x0000,0x0000,0x0000,0x0000,0x0000,0x0000,0x0000,0x0000,0x0000,0xA518,0xA518,
      0xA518,0xA518,0xA518,0x8000,0x8000,0x8000,0x8000,0x8000,0x8000,0x8000,0x8000,0x8000,0x0000,0x0000,
      0x0000,0x0000,0x0000,0x0000,0x0000,0x0000,0x0000,0x0000,0x0000,0x8000,0x8000,0x8000,0xC61C,0xC61C,
      0xE71C,0xE71C,0xE000,0xE71C,0xE71C,0xE71C,0xE71C,0xE71C,0xE71C,0x2110,0x0000,0x0000,0x0000,0x0000,
      0x0000,0x0000,0x0000,0x0000,0x0000,0x0000,0x0000,0x0000,0x0000,0x0000,0x0000,0x0000,0xA518,0xA518,
      0xA518,0xA518,0xA518,0x8000,0x8000,0x8000,0x8000,0x8000,0x8000,0x8000,0x8000,0x8000,0x0000,0x0000,
      0x0000,0x0000,0x0000,0x0000,0x0000,0x0000,0x0000,0x0000,0x0000,0x8000,0x8000,0x8000,0xC61C,0xC61C,
      0xE71C,0xE71C,0xE000,0xE71C,0xE71C,0xE71C,0xE71C,0xE71C,0xE71C,0x2110,0x0000,0x0000,0x0000,0x0000,
      0x0000,0x0000,0x0000,0x0000,0x0000,0x0000,0x0000,0x0000,0x0000,0x0000,0x0000,0x0000,0xA518,0xA518,
      0xA518,0xA518,0xA518,0x8000,0x8000,0x8000,0x8000,0x8000,0x8000,0x8000,0x8000,0x8000,0x0000,0x0000,
      0x0000,0x0000,0x0000,0x0000,0x0000,0x0000,0x0000,0x0000,0x0000,0x8000,0xC61C,0xC61C,0xC61C,0xC61C,
      0xE71C,0xE71C,0xE000,0xC61C,0xC61C,0xC61C,0xC61C,0xC61C,0xC61C,0xA518,0x0000,0x0000,0x0000,0x0000,
      0x0000,0x0000,0x0000,0x0000,0x0000,0x0000,0x0000,0x0000,0x0000,0x0000,0x0000,0x0000,0x0000,0x0000,
      0x0000,0x0000,0xE000,0x8000,0x8000,0x8000,0x8000,0x8000,0x8000,0x8000,0x8000,0x8000,0x0000,0x0000,
      0x0000,0x0000,0x0000,0x0000,0x0000,0x0000,0x0000,0x0000,0x0000,0x0000,0xC61C,0xC61C,0xC61C,0xC61C,
      0xC61C,0xC61C,0xE000,0xE000,0xE000,0xC61C,0xC61C,0xA518,0xA518,0x0000,0x0000,0x0000,0x0000,0x0000,
      0x0000,0x0000,0x0000,0x0000,0x0000,0x0000,0x0000,0x0000,0x0000,0x0000,0x0000,0x0000,0x0000,0x0000,
      0xE000,0xE000,0xE000,0x8000,0x8000,0x8000,0x8000,0x8000,0x8000,0x8000,0x8000,0x8000,0x0000,0x0000,
      0x0000,0x0000,0x0000,0x0000,0x0000,0x0000,0x0000,0x0000,0x0000,0x0000,0xC61C,0xC61C,0xC61C,0xC61C,
      0xC61C,0xC61C,0xE000,0xE000,0xE000,0xC61C,0xC61C,0xA518,0xA518,0x0000,0x0000,0x0000,0x0000,0x0000,
      0x0000,0x0000,0x0000,0x0000,0x0000,0x0000,0x0000,0x0000,0x0000,0x0000,0x0000,0x0000,0x0000,0x0000,
      0xE000,0xE000,0xE000,0x8000,0x8000,0x8000,0x8000,0x8000,0x8000,0x8000,0x8000,0x8000,0x0000,0x0000,
      0x0000,0x0000,0x0000,0x0000,0x0000,0x0000,0x0000,0x0000,0x0000,0x0000,0x8000,0x8000,0xC61C,0xC61C,
      0x8000,0x8000,0xE000,0xE000,0xE000,0xE000,0xE000,0x8000,0x8000,0x0000,0x0000,0x0000,0x0000,0x0000,
      0x0000,0x0000,0x0000,0x0000,0x0000,0x0000,0x0000,0x0000,0x0000,0x0000,0x0000,0x0000,0x0000,0x0000,
      0xE000,0xE000,0xE000,0x8000,0x8000,0x8000,0x8000,0x8000,0x8000,0x8000,0x0000,0x0000,0x0000,0x0000,
      0x0000,0x0000,0x0000,0x0000,0x0000,0x0000,0x0000,0x0000,0x0000,0x0000,0x8000,0x8000,0xC61C,0xC61C,
      0x8000,0x8000,0xE000,0xE000,0xE000,0xE000,0xE000,0x8000,0x8000,0x0000,0x0000,0x0000,0x0000,0x0000,
      0x0000,0x0000,0x0000,0x0000,0x0000,0x0000,0x0000,0x0000,0x0000,0x0000,0x0000,0x0000,0x0000,0x0000,
      0xE000,0xE000,0xE000,0x8000,0x8000,0x8000,0x8000,0x8000,0x8000,0x8000,0x0000,0x0000,0x0000,0x0000,
      0x0000,0x0000,0x0000,0x0000,0x0000,0x0000,0x0000,0x0000,0x0000,0x0000,0x0000,0x0000,0x8000,0x8000,
      0x8000,0x8000,0x8000,0xE000,0xE000,0x8000,0x8000,0x8000,0x8000,0x0000,0x0000,0x0000,0x0000,0x0000,
      0x0000,0x0000,0x0000,0x0000,0x0000,0x0000,0x0000,0x0000,0x0000,0x0000,0xE000,0xE000,0xE000,0xE000,
      0xE000,0xE000,0x8000,0x8000,0x8000,0x8000,0x8000,0x8000,0x8000,0x0000,0x0000,0x0000,0x0000,0x0000,
      0x0000,0x0000,0x0000,0x0000,0x0000,0x0000,0x0000,0x0000,0x0000,0x0000,0x0000,0x0000,0x8000,0x8000,
      0x8000,0x8000,0x8000,0xE000,0xE000,0x8000,0x8000,0x8000,0x8000,0x0000,0x0000,0x0000,0x0000,0x0000,
      0x0000,0x0000,0x0000,0x0000,0x0000,0x0000,0x0000,0x0000,0x0000,0x0000,0xE000,0xE000,0xE000,0xE000,
      0xE000,0xE000,0x8000,0x8000,0x8000,0x8000,0x8000,0x8000,0x8000,0x0000,0x0000,0x0000,0x0000,0x0000,
      0x0000,0x0000,0x0000,0x0000,0x0000,0x0000,0x0000,0x0000,0x0000,0x0000,0x0000,0x0000,0x0000,0x0000,
      0x8000,0x8000,0x8000,0x8000,0x8000,0x8000,0x8000,0x0000,0x0000,0x0000,0x0000,0x0000,0x0000,0x0000,
      0x0000,0x0000,0x0000,0x0000,0x0000,0x0000,0x0000,0xE000,0xE000,0xE000,0xE000,0xE000,0x8000,0x8000,
      0x8000,0x8000,0x8000,0x8000,0x8000,0x8000,0x8000,0x0000,0x0000,0x0000,0x0000,0x0000,0x0000,0x0000,
      0x0000,0x0000,0x0000,0x0000,0x0000,0x0000,0x0000,0x0000,0x0000,0x0000,0x0000,0x0000,0x0000,0x0000,
      0x0000,0x0000,0x8000,0x8000,0x8000,0x0000,0x0000,0x0000,0x0000,0x0000,0x0000,0x0000,0x0000,0x0000,
      0xE000,0xE000,0xE000,0xE000,0xE000,0xE000,0xE000,0x8000,0x8000,0x8000,0x8000,0x8000,0x8000,0x8000,
      0x8000,0x8000,0x8000,0x0000,0x0000,0x0000,0x0000,0x0000,0x0000,0x0000,0x0000,0x0000,0x0000,0x0000,
      0x0000,0x0000,0x0000,0x0000,0x0000,0x0000,0x0000,0x0000,0x0000,0x0000,0x0000,0x0000,0x0000,0x0000,
      0x0000,0x0000,0x8000,0x8000,0x8000,0x0000,0x0000,0x0000,0x0000,0x0000,0x0000,0x0000,0x0000,0x0000,
      0xE000,0xE000,0xE000,0xE000,0xE000,0xE000,0xE000,0x8000,0x8000,0x8000,0x8000,0x8000,0x8000,0x8000,
      0x8000,0x8000,0x8000,0x0000,0x0000,0x0000,0x0000,0x0000,0x0000,0x0000,0x0000,0x0000,0x0000,0x0000,
      0x0000,0x0000,0x0000,0x0000,0x0000,0x0000,0x0000,0x0000,0x0000,0x0000,0x0000,0x0000,0x0000,0x0000,
      0x0000,0x0000,0x0000,0x0000,0x0000,0x0000,0x0000,0x8000,0x8000,0x8000,0x8000,0x8000,0x8000,0x8000,
      0x8000,0x8000,0x8000,0x8000,0x8000,0x8000,0x8000,0x8000,0x8000,0x8000,0x8000,0x8000,0x0000,0x0000,
      0x0000,0x0000,0x0000,0x0000,0x0000,0x0000,0x0000,0x0000,0x0000,0x0000,0x0000,0x0000,0x0000,0x0000,
      0x0000,0x0000,0x0000,0x0000,0x0000,0x0000,0x0000,0x0000,0x0000,0x0000,0x0000,0x0000,0x0000,0x0000,
      0x0000,0x0000,0x0000,0x0000,0x0000,0x0000,0x0000,0x8000,0x8000,0x8000,0x8000,0x8000,0x8000,0x8000,
      0x8000,0x8000,0x8000,0x8000,0x8000,0x8000,0x8000,0x8000,0x8000,0x8000,0x8000,0x8000,0x0000,0x0000,
      0x0000,0x0000,0x0000,0x0000,0x0000,0x0000,0x0000,0x0000,0x0000,0x0000,0x0000,0x0000,0x0000,0x0000,
   },
   {
      0x0000,0x0000,0x0000,0x0000,0x0000,0x0000,0x0000,0x0000,0x0000,0x0000,0x0000,0x0000,0x0000,0x0000,
      0x0000,0x0000,0x0000,0x0000,0x0000,0x0000,0x0000,0x2218,0x2218,0x2218,0x2218,0x2218,0x2218,0x2218,
      0x2218,0x2218,0x0000,0x0000,0x0000,0x0000,0x0000,0x0000,0x0000,0x0000,0x0000,0x0000,0x0000,0x0000,
      0x0000,0x0000,0x0000,0x0000,0x0000,0x0000,0x0000,0x0000,0x0000,0x0000,0x0000,0x0000,0x0000,0x0000,
      0x0000,0x0000,0x0000,0x0000,0x0000,0x0000,0x0000,0x0000,0x0000,0x0000,0x0000,0x0000,0x0000,0x0000,
      0x0000,0x0000,0x0000,0x0000,0x0000,0x0000,0x0000,0x2218,0x2218,0x2218,0x2218,0x2218,0x2218,0x2218,
      0x2218,0x2218,0x0000,0x0000,0x0000,0x0000,0x0000,0x0000,0x0000,0x0000,0x0000,0x0000,0x0000,0x0000,
      0x0000,0x0000,0x0000,0x0000,0x0000,0x0000,0x0000,0x0000,0x0000,0x0000,0x0000,0x0000,0x0000,0x0000,
      0x0000,0x0000,0x0000,0x0000,0x0000,0x0000,0x0000,0x0000,0x0000,0x0000,0x0000,0x0000,0x0000,0x0000,
      0x0000,0x0000,0x2218,0x2218,0x2218,0x2218,0x2218,0x631C,0x631C,0x631C,0x631C,0x631C,0x631C,0x631C,
      0x2218,0x2218,0x2218,0x2218,0x2218,0x2218,0x2218,0x2218,0x2218,0x0000,0x0000,0x0000,0x0000,0x0000,
      0x0000,0x0000,0x0000,0x0000,0x0000,0x0000,0x0000,0x0000,0x0000,0x0000,0x0000,0x0000,0x0000,0x0000,
      0x0000,0x0000,0x0000,0x2110,0x2110,0x0000,0x0000,0x0000,0x0000,0x0000,0x0000,0x0000,0x2218,0x2218,
      0x2218,0x2218,0x2218,0x2218,0x2218,0x2218,0x2218,0x2110,0x2110,0x2110,0x631C,0x631C,0x2218,0x2218,
      0x2218,0x2218,0x2218,0x2218,0x2218,0x2110,0x2110,0x2110,0x2110,0x2110,0x2110,0x2110,0x0000,0x0000,
      0x0000,0x0000,0x0000,0x0000,0x0000,0x0000,0x0000,0x0000,0x0000,0x0000,0x0000,0x0000,0x0000,0x0000,
      0x0000,0x0000,0x0000,0x2110,0x2110,0x0000,0x0000,0x0000,0x0000,0x0000,0x0000,0x0000,0x2218,0x2218,
      0x2218,0x2218,0x2218,0x2218,0x2218,0x2218,0x2218,0x2110,0x2110,0x2110,0x631C,0x631C,0x2218,0x2218,
      0x2218,0x2218,0x2218,0x2218,0x2218,0x2110,0x2110,0x2110,0x2110,0x2110,0x2110,0x2110,0x0000,0x0000,
      0x0000,0x0000,0x0000,0x0000,0x0000,0x0000,0x0000,0x0000,0x0000,0x0000,0x0000,0x0000,0x0000,0x0000,
      0x0000,0x0000,0x0000,0x2110,0x2110,0x2110,0x2110,0x0000,0x0000,0x2218,0x2218,0x2218,0x2218,0x2218,
      0x2218,0x2218,0x631C,0x2218,0x2218,0x2110,0x2110,0xE510,0xE510,0x2110,0x2218,0x2218,0x2218,0x2218,
      0x2110,0x2110,0x2110,0x2110,0x2110,0x2110,0x2110,0x2110,0x2110,0x0000,0x0000,0x0000,0x0000,0x0000,
      0x0000,0x0000,0x0000,0x0000,0x0000,0x0000,0x0000,0x0000,0x0000,0x0000,0x0000,0x0000,0x0000,0x0000,
      0x0000,0x0000,0x0000,0x2110,0x2110,0x2110,0x2110,0x0000,0x0000,0x2218,0x2218,0x2218,0x2218,0x2218,
      0x2218,0x2218,0x631C,0x2218,0x2218,0x2110,0x2110,0xE510,0xE510,0x2110,0x2218,0x2218,0x2218,0x2218,
      0x2110,0x2110,0x2110,0x2110,0x2110,0x2110,0x2110,0x2110,0x2110,0x0000,0x0000,0x0000,0x0000,0x0000,
      0x0000,0x0000,0x0000,0x0000,0x0000,0x0000,0x0000,0x0000,0x0000,0x0000,0x0000,0x0000,0x0000,0x0000,
      0x0000,0x0000,0x0000,0x2110,0x2110,0x2110,0x2110,0x2218,0x2218,0x2218,0x2218,0x2218,0x631C,0x631C,
      0x631C,0x631C,0x2218,0x2110,0x2110,0xE510,0xE510,0xE510,0xE510,0xA308,0x2110,0x2110,0x2110,0x2110,
      0x2110,0x2110,0x2110,0x0000,0x0000,0x0000,0x0000,0x0000,0x0000,0x0000,0x0000,0x0000,0x0000,0x0000,
      0x0000,0x0000,0x0000,0x0000,0x0000,0x0000,0x0000,0x0000,0x0000,0x0000,0x0000,0x0000,0x0000,0x0000,
      0x0000,0x0000,0x0000,0x2110,0x2110,0x2110,0x2110,0x2218,0x2218,0x2218,0x2218,0x2218,0x631C,0x631C,
      0x631C,0x631C,0x2218,0x2110,0x2110,0xE510,0xE510,0xE510,0xE510,0xA308,0x2110,0x2110,0x2110,0x2110,
      0x2110,0x2110,0x2110,0x0000,0x0000,0x0000,0x0000,0x0000,0x0000,0x0000,0x0000,0x0000,0x0000,0x0000,
      0x0000,0x0000,0x0000,0x0000,0x0000,0x0000,0x0000,0x0000,0x0000,0x0000,0x0000,0x0000,0x0000,0x0000,
      0x0000,0x0000,0x0000,0x2110,0x2110,0x2218,0x2218,0x2218,0x2218,0x2218,0x631C,0x631C,0x631C,0x631C,
      0x631C,0x631C,0x2218,0xE510,0xE510,0xE510,0xE510,0xE510,0xE510,0xA308,0x2110,0x2110,0x2218,0x2218,
      0x2110,0x2110,0x0000,0x0000,0x0000,0x0000,0x0000,0x0000,0x0000,0x0000,0x0000,0x0000,0x0000,0x0000,
      0x0000,0x0000,0x0000,0x0000,0x0000,0x0000,0x0000,0x0000,0x0000,0x0000,0x0000,0x0000,0x0000,0x0000,
      0x0000,0x0000,0x0000,0x2218,0x2218,0x2218,0x2218,0x2218,0x2218,0x631C,0x631C,0x631C,0x631C,0x631C,
      0x631C,0x631C,0x631C,0x2218,0x2218,0x2218,0x2218,0xA308,0xA308,0xA308,0x2110,0x2110,0x2218,0x2218,
      0x2218,0x2218,0x2218,0x0000,0x0000,0x0000,0x0000,0x0000,0x0000,0x0000,0x0000,0x0000,0x0000,0x0000,
      0x0000,0x0000,0x0000,0x0000,0x0000,0x0000,0x0000,0x0000,0x0000,0x0000,0x0000,0x0000,0x0000,0x0000,
      0x0000,0x0000,0x0000,0x2218,0x2218,0x2218,0x2218,0x2218,0x2218,0x631C,0x631C,0x631C,0x631C,0x631C,
      0x631C,0x631C,0x631C,0x2218,0x2218,0x2218,0x2218,0xA308,0xA308,0xA308,0x2110,0x2110,0x2218,0x2218,
      0x2218,0x2218,0x2218,0x0000,0x0000,0x0000,0x0000,0x0000,0x0000,0x0000,0x0000,0x0000,0x0000,0x0000,
      0x0000,0x0000,0x0000,0x0000,0x0000,0x0000,0x0000,0x0000,0x0000,0x0000,0x0000,0x0000,0x0000,0x0000,
      0x0000,0x0000,0x0000,0x2218,0x2218,0x2218,0x2218,0x2218,0x2218,0x631C,0x631C,0x631C,0xC61C,0xC61C,
      0x631C,0x631C,0x631C,0x631C,0x631C,0x2218,0x2218,0x2218,0x2218,0x2218,0x2218,0x2218,0x2218,0x2218,
      0x2218,0x2218,0x2218,0x2218,0x2218,0x2218,0x2218,0x2218,0x2218,0x0000,0x0000,0x0000,0x0000,0x0000,
      0x0000,0x0000,0x0000,0x0000,0x0000,0x0000,0x0000,0x0000,0x0000,0x0000,0x0000,0x0000,0x0000,0x0000,
      0x0000,0x0000,0x0000,0x2218,0x2218,0x2218,0x2218,0x2218,0x2218,0x631C,0x631C,0x631C,0xC61C,0xC61C,
      0x631C,0x631C,0x631C,0x631C,0x631C,0x2218,0x2218,0x2218,0x2218,0x2218,0x2218,0x2218,0x2218,0x2218,
      0x2218,0x2218,0x2218,0x2218,0x2218,0x2218,0x2218,0x2218,0x2218,0x0000,0x0000,0x0000,0x0000,0x0000,
      0x0000,0x0000,0x0000,0x0000,0x0000,0x0000,0x0000,0x0000,0x0000,0x0000,0x0000,0x0000,0x0000,0x0000,
      0x0000,0x0000,0x2218,0x2218,0x2218,0x2218,0x2218,0x631C,0x631C,0x631C,0x2218,0x2218,0x2110,0x2110,
      0x2110,0x2110,0x2110,0x631C,0x631C,0x631C,0x631C,0x631C,0x631C,0x631C,0x631C,0x631C,0x631C,0x631C,
      0x2218,0x2218,0x631C,0x631C,0x631C,0x631C,0x631C,0x2218,0x2218,0x2218,0x2218,0x2218,0x0000,0x0000,
      0x0000,0x0000,0x0000,0x0000,0x0000,0x0000,0x0000,0x0000,0x0000,0x0000,0x0000,0x0000,0x0000,0x0000,
      0x0000,0x0000,0x2218,0x2218,0x2218,0x2218,0x2218,0x631C,0x631C,0x631C,0x2218,0x2218,0x2110,0x2110,
      0x2110,0x2110,0x2110,0x631C,0x631C,0x631C,0x631C,0x631C,0x631C,0x631C,0x631C,0x631C,0x631C,0x631C,
      0x2218,0x2218,0x631C,0x631C,0x631C,0x631C,0x631C,0x2218,0x2218,0x2218,0x2218,0x2218,0x0000,0x0000,
      0x0000,0x0000,0x0000,0x0000,0x0000,0x0000,0x0000,0x0000,0x0000,0x0000,0x0000,0x0000,0x0000,0x0000,
      0x0000,0x0000,0x2110,0x2218,0x2218,0x2218,0x2218,0x2218,0x2218,0x2218,0x2110,0x2110,0xC61C,0xC61C,
      0xA518,0xA518,0x2110,0x2110,0x2110,0x2218,0x2218,0x631C,0x631C,0xE71C,0x631C,0x631C,0x2218,0x2218,
      0x2218,0x2218,0x2218,0x2218,0x2218,0x2218,0x2218,0x2218,0x2218,0x2218,0x2218,0x2218,0x2218,0x2218,
      0x0000,0x0000,0x0000,0x0000,0x0000,0x0000,0x0000,0x0000,0x0000,0x0000,0x0000,0x0000,0x0000,0x0000,
      0x0000,0x0000,0xA518,0x2218,0x2218,0x2218,0x2218,0x2218,0x2218,0x2110,0xE71C,0xE71C,0xE71C,0xE71C,
      0xE71C,0xE71C,0xA518,0x2110,0x2110,0x2218,0x2218,0x2218,0x2218,0x631C,0x2218,0x2218,0x2218,0x2218,
      0x2218,0x2218,0x2110,0x2110,0x2110,0x2110,0x2110,0x2110,0x2110,0x2110,0x2110,0x2110,0x2110,0x2110,
      0x2218,0x2218,0x0000,0x0000,0x0000,0x0000,0x0000,0x0000,0x0000,0x0000,0x0000,0x0000,0x0000,0x0000,
      0x0000,0x0000,0xA518,0x2218,0x2218,0x2218,0x2218,0x2218,0x2218,0x2110,0xE71C,0xE71C,0xE71C,0xE71C,
      0xE71C,0xE71C,0xA518,0x2110,0x2110,0x2218,0x2218,0x2218,0x2218,0x631C,0x2218,0x2218,0x2218,0x2218,
      0x2218,0x2218,0x2110,0x2110,0x2110,0x2110,0x2110,0x2110,0x2110,0x2110,0x2110,0x2110,0x2110,0x2110,
      0x2218,0x2218,0x0000,0x0000,0x0000,0x0000,0x0000,0x0000,0x0000,0x0000,0x0000,0x0000,0x0000,0x0000,
      0x0000,0x0000,0xA518,0x2104,0x2104,0x2218,0x2218,0x2104,0x2104,0xA518,0xE71C,0xE71C,0xE71C,0xE71C,
      0xE71C,0xE71C,0xA518,0x2110,0x2110,0x2218,0x2218,0x2218,0x2218,0x2218,0x2218,0x2218,0x2110,0x2110,
      0x2110,0x2110,0x2110,0x2110,0x2110,0x2110,0x2110,0x2110,0x2110,0x2110,0x2110,0x2110,0x2110,0x2110,
      0x2110,0x2110,0x2218,0x0000,0x0000,0x0000,0x0000,0x0000,0x0000,0x0000,0x0000,0x0000,0x0000,0x0000,
      0x0000,0x0000,0xA518,0x2104,0x2104,0x2218,0x2218,0x2104,0x2104,0xA518,0xE71C,0xE71C,0xE71C,0xE71C,
      0xE71C,0xE71C,0xA518,0x2110,0x2110,0x2218,0x2218,0x2218,0x2218,0x2218,0x2218,0x2218,0x2110,0x2110,
      0x2110,0x2110,0x2110,0x2110,0x2110,0x2110,0x2110,0x2110,0x2110,0x2110,0x2110,0x2110,0x2110,0x2110,
      0x2110,0x2110,0x2218,0x0000,0x0000,0x0000,0x0000,0x0000,0x0000,0x0000,0x0000,0x0000,0x0000,0x0000,
      0x0000,0x0000,0xA518,0x2104,0x2104,0x2110,0x2110,0x2104,0x2104,0xA518,0xE71C,0xE71C,0xE71C,0xE71C,
      0xE71C,0xE71C,0xA518,0x2218,0x2218,0x2218,0x2218,0x2218,0x2218,0x2218,0x2218,0x2218,0x2110,0x2110,
      0x2110,0x2110,0x2110,0x2110,0x2110,0x2110,0x2110,0x0000,0x0000,0x0000,0x0000,0x0000,0x0000,0x0000,
      0x0000,0x0000,0x0000,0x0000,0x0000,0x0000,0x0000,0x0000,0x0000,0x0000,0x0000,0x0000,0x0000,0x0000,
      0x0000,0x0000,0xA518,0x2104,0x2104,0x2110,0x2110,0x2104,0x2104,0xA518,0xE71C,0xE71C,0xE71C,0xE71C,
      0xE71C,0xE71C,0xA518,0x2218,0x2218,0x2218,0x2218,0x2218,0x2218,0x2218,0x2218,0x2218,0x2110,0x2110,
      0x2110,0x2110,0x2110,0x2110,0x2110,0x2110,0x2110,0x0000,0x0000,0x0000,0x0000,0x0000,0x0000,0x0000,
      0x0000,0x0000,0x0000,0x0000,0x0000,0x0000,0x0000,0x0000,0x0000,0x0000,0x0000,0x0000,0x0000,0x0000,
      0x0000,0x0000,0xA518,0x6310,0x6310,0xE71C,0xE71C,0x6310,0x6310,0xA518,0xE71C,0xE71C,0xE71C,0xE71C,
      0xE71C,0xE71C,0x631C,0x2218,0x2218,0x2218,0x2218,0x2218,0x2218,0x2218,0x2110,0x2110,0x2110,0x2110,
      0x2110,0x2110,0x2110,0x0000,0x0000,0x0000,0x0000,0x0000,0x0000,0x0000,0x0000,0x0000,0x0000,0x0000,
      0x0000,0x0000,0x0000,0x0000,0x0000,0x0000,0x0000,0x0000,0x0000,0x0000,0x0000,0x0000,0x0000,0x0000,
      0x2104,0x2104,0x2104,0xA518,0xA518,0xA308,0xA308,0xE71C,0xE71C,0xE71C,0xE71C,0xE71C,0xE71C,0xE71C,
      0xA518,0xA518,0xE510,0xE510,0xE510,0xA308,0xA308,0x2218,0x2218,0x2110,0x2110,0x2110,0x2110,0x2110,
      0x2110,0x2110,0x631C,0x2218,0x2218,0x0000,0x0000,0x0000,0x0000,0x0000,0x0000,0x0000,0x0000,0x0000,
      0x0000,0x0000,0x0000,0x0000,0x0000,0x0000,0x0000,0x0000,0x0000,0x0000,0x0000,0x0000,0x0000,0x0000,
      0x2104,0x2104,0x2104,0xA518,0xA518,0xA308,0xA308,0xE71C,0xE71C,0xE71C,0xE71C,0xE71C,0xE71C,0xE71C,
      0xA518,0xA518,0xE510,0xE510,0xE510,0xA308,0xA308,0x2218,0x2218,0x2110,0x2110,0x2110,0x2110,0x2110,
      0x2110,0x2110,0x631C,0x2218,0x2218,0x0000,0x0000,0x0000,0x0000,0x0000,0x0000,0x0000,0x0000,0x0000,
      0x0000,0x0000,0x0000,0x0000,0x0000,0x0000,0x0000,0x0000,0x0000,0x0000,0x0000,0x0000,0x0000,0x0000,
      0x6310,0x6310,0x2104,0x2104,0x2104,0xE510,0xE510,0xE510,0xE510,0xC61C,0xC61C,0xC61C,0xE510,0xE510,
      0xE510,0xE510,0xE510,0xE71C,0xE71C,0xE510,0xE510,0xA308,0xA308,0x2110,0x2110,0x2110,0x2110,0x2110,
      0x2218,0x2218,0x2218,0x631C,0x631C,0x2218,0x2218,0xE510,0xE510,0xE510,0xE510,0xE510,0xE510,0xE510,
      0xA308,0xA308,0x0000,0x0000,0x0000,0x0000,0x0000,0x0000,0x0000,0x0000,0x0000,0x0000,0x0000,0x0000,
      0x6310,0x6310,0x2104,0x2104,0x2104,0xE510,0xE510,0xE510,0xE510,0xC61C,0xC61C,0xC61C,0xE510,0xE510,
      0xE510,0xE510,0xE510,0xE71C,0xE71C,0xE510,0xE510,0xA308,0xA308,0x2110,0x2110,0x2110,0x2110,0x2110,
      0x2218,0x2218,0x2218,0x631C,0x631C,0x2218,0x2218,0xE510,0xE510,0xE510,0xE510,0xE510,0xE510,0xE510,
      0xA308,0xA308,0x0000,0x0000,0x0000,0x0000,0x0000,0x0000,0x0000,0x0000,0x0000,0x0000,0x0000,0x0000,
      0x0000,0x0000,0x0000,0xA308,0xA308,0xE510,0xE510,0xE510,0xE510,0xE510,0xE510,0xE510,0xE510,0xE510,
      0xE510,0xE510,0xE510,0xE510,0xE510,0xE510,0xE510,0xA308,0xA308,0x2110,0x2110,0x2110,0xE71C,0xE71C,
      0xE71C,0xE71C,0xE71C,0xE510,0xE510,0xE510,0xE510,0xA518,0xA518,0xA308,0xA308,0xA308,0xA308,0xA308,
      0xE510,0xE510,0xA308,0x0000,0x0000,0x0000,0x0000,0x0000,0x0000,0x0000,0x0000,0x0000,0x0000,0x0000,
      0x0000,0x0000,0x0000,0xA308,0xA308,0xE510,0xE510,0xE510,0xE510,0xE510,0xE510,0xE510,0xE510,0xE510,
      0xE510,0xE510,0xE510,0xE510,0xE510,0xE510,0xE510,0xA308,0xA308,0x2110,0x2110,0x2110,0xE71C,0xE71C,
      0xE71C,0xE71C,0xE71C,0xE510,0xE510,0xE510,0xE510,0xA518,0xA518,0xA308,0xA308,0xA308,0xA308,0xA308,
      0xE510,0xE510,0xA308,0x0000,0x0000,0x0000,0x0000,0x0000,0x0000,0x0000,0x0000,0x0000,0x0000,0x0000,
      0x0000,0x0000,0x0000,0x0000,0x0000,0xA308,0xA308,0xA308,0xA308,0xE510,0xE510,0xE510,0xE510,0xE510,
      0xE510,0xE510,0xE510,0xA308,0xA308,0xA308,0xA308,0x2110,0x2110,0x2110,0xE71C,0xE71C,0xA518,0xA518,
      0x6310,0x6310,0xE71C,0xE71C,0xE71C,0x6310,0x6310,0xC61C,0xC61C,0xE71C,0x8000,0x8000,0xE000,0xE000,
      0xE000,0xE000,0xE000,0x0000,0x0000,0x0000,0x0000,0x0000,0x0000,0x0000,0x0000,0x0000,0x0000,0x0000,
      0x0000,0x0000,0x0000,0x0000,0x0000,0x0000,0x0000,0x0000,0x0000,0xA308,0xA308,0xA308,0xA308,0xA308,
      0xA308,0xA308,0xA308,0x2110,0x2110,0x2110,0x2110,0x2110,0x2110,0x2110,0xC61C,0xC61C,0xE71C,0xE71C,
      0xE71C,0xE71C,0xE71C,0xE71C,0xE71C,0xC61C,0xC61C,0xA518,0xA518,0xE71C,0xE000,0xE000,0xE000,0xE000,
      0xE000,0xE000,0xE000,0xE000,0xE000,0xE000,0xE000,0x0000,0x0000,0x0000,0x0000,0x0000,0x0000,0x0000,
      0x0000,0x0000,0x0000,0x0000,0x0000,0x0000,0x0000,0x0000,0x0000,0xA308,0xA308,0xA308,0xA308,0xA308,
      0xA308,0xA308,0xA308,0x2110,0x2110,0x2110,0x2110,0x2110,0x2110,0x2110,0xC61C,0xC61C,0xE71C,0xE71C,
      0xE71C,0xE71C,0xE71C,0xE71C,0xE71C,0xC61C,0xC61C,0xA518,0xA518,0xE71C,0xE000,0xE000,0xE000,0xE000,
      0xE000,0xE000,0xE000,0xE000,0xE000,0xE000,0xE000,0x0000,0x0000,0x0000,0x0000,0x0000,0x0000,0x0000,
      0x0000,0x0000,0x0000,0x0000,0x0000,0x0000,0x0000,0x0000,0x0000,0x0000,0x0000,0x0000,0x0000,0x0000,
      0x0000,0x0000,0x6310,0x6310,0x6310,0x6310,0x6310,0x6310,0x6310,0x6310,0xC61C,0xC61C,0xE71C,0xE71C,
      0xE71C,0xE71C,0xE71C,0xE71C,0xE71C,0xC61C,0xC61C,0xA518,0xA518,0xC61C,0xE000,0xE000,0xE000,0xE000,
      0xE000,0xE000,0xE000,0xE000,0xE000,0xE000,0xE000,0xE000,0xE000,0x0000,0x0000,0x0000,0x0000,0x0000,
      0x0000,0x0000,0x0000,0x0000,0x0000,0x0000,0x0000,0x0000,0x0000,0x0000,0x0000,0x0000,0x0000,0x0000,
      0x0000,0x0000,0x6310,0x6310,0x6310,0x6310,0x6310,0x6310,0x6310,0x6310,0xC61C,0xC61C,0xE71C,0xE71C,
      0xE71C,0xE71C,0xE71C,0xE71C,0xE71C,0xC61C,0xC61C,0xA518,0xA518,0xC61C,0xE000,0xE000,0xE000,0xE000,
      0xE000,0xE000,0xE000,0xE000,0xE000,0xE000,0xE000,0xE000,0xE000,0x0000,0x0000,0x0000,0x0000,0x0000,
      0x0000,0x0000,0x0000,0x0000,0x0000,0x0000,0x0000,0x0000,0x0000,0x0000,0x0000,0x0000,0x0000,0x0000,
      0xA518,0xA518,0x6310,0x6310,0x6310,0xA518,0xA518,0x6310,0x6310,0x6310,0xA518,0xA518,0xC61C,0xC61C,
      0xC61C,0xC61C,0xC61C,0xC61C,0xC61C,0xA518,0xA518,0x6310,0x6310,0xC61C,0x2110,0x2110,0xE000,0xE000,
      0xE000,0xE000,0xE000,0xE000,0xE000,0xE000,0xE000,0xE000,0xE000,0xE000,0x0000,0x0000,0x0000,0x0000,
      0x0000,0x0000,0x0000,0x0000,0x0000,0x0000,0x0000,0x0000,0x0000,0x0000,0x0000,0x0000,0x0000,0x0000,
      0xA518,0xA518,0x6310,0x6310,0x6310,0xA518,0xA518,0x6310,0x6310,0x6310,0xA518,0xA518,0xC61C,0xC61C,
      0xC61C,0xC61C,0xC61C,0xC61C,0xC61C,0xA518,0xA518,0x6310,0x6310,0xC61C,0x2110,0x2110,0xE000,0xE000,
      0xE000,0xE000,0xE000,0xE000,0xE000,0xE000,0xE000,0xE000,0xE000,0xE000,0x0000,0x0000,0x0000,0x0000,
      0x0000,0x0000,0x0000,0x0000,0x0000,0x0000,0x0000,0x0000,0x0000,0x0000,0x0000,0x0000,0x0000,0x0000,
      0xA518,0xA518,0xA518,0xA518,0xA518,0x6310,0x6310,0xA518,0xA518,0x0000,0xA308,0xA308,0xA518,0xA518,
      0xC61C,0xC61C,0xC61C,0xC61C,0xC61C,0xA518,0xA518,0x2110,0x2110,0x2110,0x2110,0x2110,0x2110,0x2110,
      0x2110,0x2110,0xE000,0xE000,0xE000,0xE000,0xE000,0xE000,0xE000,0xE000,0xE000,0xE000,0x0000,0x0000,
      0x0000,0x0000,0x0000,0x0000,0x0000,0x0000,0x0000,0x0000,0x0000,0x0000,0x0000,0x0000,0x0000,0x0000,
      0x0000,0x0000,0xA518,0x6310,0x6310,0x6310,0x6310,0x0000,0x0000,0x0000,0xE510,0xE510,0xA308,0xA308,
      0xA308,0xA308,0xA308,0xA308,0xA308,0x2110,0x2110,0x2218,0x2218,0x2218,0x2110,0x2110,0x2110,0x2110,
      0x0000,0x0000,0x0000,0x0000,0x0000,0xE000,0xE000,0xE000,0xE000,0xE000,0xE000,0xE000,0x0000,0x0000,
      0x0000,0x0000,0x0000,0x0000,0x0000,0x0000,0x0000,0x0000,0x0000,0x0000,0x0000,0x0000,0x0000,0x0000,
      0x0000,0x0000,0xA518,0x6310,0x6310,0x6310,0x6310,0x0000,0x0000,0x0000,0xE510,0xE510,0xA308,0xA308,
      0xA308,0xA308,0xA308,0xA308,0xA308,0x2110,0x2110,0x2218,0x2218,0x2218,0x2110,0x2110,0x2110,0x2110,
      0x0000,0x0000,0x0000,0x0000,0x0000,0xE000,0xE000,0xE000,0xE000,0xE000,0xE000,0xE000,0x0000,0x0000,
      0x0000,0x0000,0x0000,0x0000,0x0000,0x0000,0x0000,0x0000,0x0000,0x0000,0x0000,0x0000,0x0000,0x0000,
      0x0000,0x0000,0x0000,0x0000,0x0000,0x0000,0x0000,0x0000,0x0000,0x0000,0xA308,0xA308,0xE510,0xE510,
      0xE510,0xE510,0xA308,0x2218,0x2218,0x2218,0x2218,0x2218,0x2218,0x2218,0x2110,0x2110,0x0000,0x0000,
      0x0000,0x0000,0x0000,0x0000,0x0000,0x0000,0x0000,0xE000,0xE000,0xE000,0xE000,0xE000,0xE000,0xE000,
      0x0000,0x0000,0x0000,0x0000,0x0000,0x0000,0x0000,0x0000,0x0000,0x0000,0x0000,0x0000,0x0000,0x0000,
      0x0000,0x0000,0x0000,0x0000,0x0000,0x0000,0x0000,0x0000,0x0000,0x0000,0xA308,0xA308,0xE510,0xE510,
      0xE510,0xE510,0xA308,0x2218,0x2218,0x2218,0x2218,0x2218,0x2218,0x2218,0x2110,0x2110,0x0000,0x0000,
      0x0000,0x0000,0x0000,0x0000,0x0000,0x0000,0x0000,0xE000,0xE000,0xE000,0xE000,0xE000,0xE000,0xE000,
      0x0000,0x0000,0x0000,0x0000,0x0000,0x8000,0x8000,0x0000,0x0000,0x0000,0x0000,0x0000,0x0000,0x0000,
      0x0000,0x0000,0x0000,0x0000,0x0000,0x0000,0x0000,0x0000,0x0000,0x0000,0x0000,0x0000,0xA308,0xA308,
      0xA308,0xA308,0xA308,0x2218,0x2218,0x2218,0x2218,0x2218,0x2218,0x2110,0x0000,0x0000,0x0000,0x0000,
      0x0000,0x0000,0x0000,0x0000,0x0000,0x0000,0x0000,0xE000,0xE000,0xE000,0xE000,0xE000,0xE000,0xE000,
      0x0000,0x0000,0x0000,0x0000,0x0000,0x8000,0x8000,0x0000,0x0000,0x0000,0x0000,0x0000,0x0000,0x0000,
      0x0000,0x0000,0x0000,0x0000,0x0000,0x0000,0x0000,0x0000,0x0000,0x0000,0x0000,0x0000,0xA308,0xA308,
      0xA308,0xA308,0xA308,0x2218,0x2218,0x2218,0x2218,0x2218,0x2218,0x2110,0x0000,0x0000,0x0000,0x0000,
      0x0000,0x0000,0x0000,0x0000,0x0000,0x0000,0x0000,0xE000,0xE000,0xE000,0xE000,0xE000,0xE000,0xE000,
      0x0000,0x0000,0x0000,0x0000,0x0000,0x8000,0x8000,0x0000,0x0000,0x0000,0x0000,0x0000,0x0000,0x0000,
      0x0000,0x0000,0x0000,0x0000,0x0000,0x0000,0x0000,0x0000,0x0000,0x0000,0x0000,0x0000,0x0000,0x0000,
      0x2218,0x2218,0x2218,0x2218,0x2218,0x2218,0x2218,0x2110,0x2110,0x0000,0x0000,0x0000,0x0000,0x0000,
      0x0000,0x0000,0x0000,0x0000,0x0000,0x0000,0x0000,0x0000,0x0000,0xE000,0xE000,0xE000,0xE000,0xE000,
      0x0000,0x0000,0x0000,0x0000,0x0000,0x8000,0x8000,0x0000,0x0000,0x0000,0x8000,0x8000,0x0000,0x0000,
      0x0000,0x0000,0x0000,0x0000,0x0000,0x0000,0x0000,0x0000,0x0000,0x0000,0x0000,0x0000,0x0000,0x0000,
      0x0000,0x0000,0x0000,0x2218,0x2218,0x2218,0x2218,0x2110,0x2110,0x0000,0x0000,0x0000,0x0000,0x0000,
      0x0000,0x0000,0x0000,0x0000,0x0000,0x0000,0x0000,0x0000,0x0000,0xE000,0xE000,0xE000,0xE000,0xE000,
      0x0000,0x0000,0x0000,0x0000,0x0000,0x8000,0x8000,0x0000,0x0000,0x0000,0x8000,0x8000,0x0000,0x0000,
      0x0000,0x0000,0x0000,0x0000,0x0000,0x0000,0x0000,0x0000,0x0000,0x0000,0x0000,0x0000,0x0000,0x0000,
      0x0000,0x0000,0x0000,0x2218,0x2218,0x2218,0x2218,0x2110,0x2110,0x0000,0x0000,0x0000,0x0000,0x0000,
      0x0000,0x0000,0x0000,0x0000,0x0000,0x0000,0x0000,0x0000,0x0000,0xE000,0xE000,0xE000,0xE000,0xE000,
      0x0000,0x0000,0x0000,0x0000,0x0000,0x8000,0x8000,0x8000,0x8000,0x0000,0x8000,0x8000,0x0000,0x0000,
      0x0000,0x0000,0x0000,0x0000,0x0000,0x0000,0x0000,0x0000,0x0000,0x0000,0x0000,0x0000,0x0000,0x0000,
      0x0000,0x0000,0x0000,0x2218,0x2218,0x2218,0x2218,0x2110,0x2110,0x0000,0x0000,0x0000,0x0000,0x0000,
      0x0000,0x0000,0x0000,0x0000,0x0000,0x0000,0x0000,0x0000,0x0000,0xE000,0xE000,0xE000,0xE000,0xE000,
      0x0000,0x0000,0x0000,0x0000,0x0000,0x8000,0x8000,0x8000,0x8000,0x0000,0x8000,0x8000,0x0000,0x0000,
      0x0000,0x0000,0x0000,0x0000,0x0000,0x0000,0x0000,0x0000,0x0000,0x0000,0x0000,0x0000,0x0000,0x0000,
      0x0000,0x0000,0x0000,0x2218,0x2218,0x2218,0x2218,0x2110,0x2110,0x0000,0x0000,0x0000,0x0000,0x0000,
      0x0000,0x0000,0x0000,0x0000,0x0000,0x0000,0x0000,0x0000,0x0000,0xE000,0xE000,0xE000,0xE000,0xE000,
      0x0000,0x0000,0x0000,0x0000,0x0000,0x8000,0x8000,0x8000,0x8000,0x0000,0x8000,0x8000,0x8000,0x8000,
      0x0000,0x0000,0x0000,0x0000,0x0000,0x0000,0x0000,0x0000,0x0000,0x0000,0x0000,0x0000,0x0000,0x0000,
      0x0000,0x0000,0x0000,0x0000,0x0000,0x2218,0x2218,0x2218,0x2218,0x2110,0x0000,0x0000,0x0000,0x0000,
      0x0000,0x0000,0x0000,0x0000,0x0000,0x0000,0x0000,0x0000,0x0000,0x0000,0xE000,0xE000,0xE000,0xE000,
      0x0000,0x0000,0x0000,0x0000,0x0000,0x8000,0x8000,0x8000,0x8000,0x0000,0x8000,0x8000,0x8000,0x8000,
      0x0000,0x0000,0x0000,0x0000,0x0000,0x0000,0x0000,0x0000,0x0000,0x0000,0x0000,0x0000,0x0000,0x0000,
      0x0000,0x0000,0x0000,0x0000,0x0000,0x2218,0x2218,0x2218,0x2218,0x2110,0x0000,0x0000,0x0000,0x0000,
      0x0000,0x0000,0x0000,0x0000,0x0000,0x0000,0x0000,0x0000,0x0000,0x0000,0xE000,0xE000,0xE000,0xE000,
      0x0000,0x0000,0x0000,0x0000,0x0000,0x0000,0x0000,0x8000,0x8000,0x8000,0x8000,0x8000,0x8000,0x8000,
      0x0000,0x0000,0x0000,0x0000,0x0000,0x0000,0x0000,0x0000,0x0000,0x0000,0x0000,0x0000,0x0000,0x0000,
      0x0000,0x0000,0x0000,0x0000,0x0000,0xE71C,0xE71C,0xE71C,0xE71C,0xE71C,0xE71C,0xE71C,0x0000,0x0000,
      0x0000,0x0000,0x0000,0x0000,0x0000,0x0000,0x0000,0x0000,0x0000,0x0000,0xE000,0xE000,0x0000,0x0000,
      0x0000,0x0000,0x0000,0x0000,0x0000,0x0000,0x0000,0x8000,0x8000,0x8000,0x8000,0x8000,0x8000,0x8000,
      0x8000,0x8000,0x8000,0x0000,0x0000,0x0000,0x0000,0x0000,0x0000,0x0000,0x0000,0x0000,0x0000,0x0000,
      0x0000,0x0000,0xC61C,0xE71C,0xE71C,0xE71C,0xE71C,0xE71C,0xE71C,0xC61C,0xA518,0xA518,0x0000,0x0000,
      0x0000,0x0000,0x0000,0x0000,0x0000,0x0000,0x0000,0x0000,0x0000,0x0000,0xE000,0xE000,0x0000,0x0000,
      0x0000,0x0000,0x0000,0x0000,0x0000,0x0000,0x0000,0x8000,0x8000,0x8000,0x8000,0x8000,0x8000,0x8000,
      0x8000,0x8000,0x8000,0x0000,0x0000,0x0000,0x0000,0x0000,0x0000,0x0000,0x0000,0x0000,0x0000,0x0000,
      0x0000,0x0000,0xC61C,0xE71C,0xE71C,0xE71C,0xE71C,0xE71C,0xE71C,0xC61C,0xA518,0xA518,0x0000,0x0000,
      0x0000,0x0000,0x0000,0x0000,0x0000,0x0000,0x0000,0x0000,0x0000,0x0000,0xE000,0xE000,0x0000,0x0000,
      0x0000,0x0000,0x0000,0x0000,0x0000,0x0000,0x0000,0x0000,0x0000,0x8000,0x8000,0x8000,0x8000,0x8000,
      0x8000,0x8000,0x8000,0x8000,0x8000,0x8000,0x8000,0x8000,0x8000,0x0000,0x0000,0x0000,0x0000,0x0000,
      0x0000,0x0000,0x0000,0xA518,0xA518,0xE71C,0xE71C,0xC61C,0xC61C,0xC61C,0xC61C,0xC61C,0x8000,0x8000,
      0x0000,0x0000,0x0000,0x0000,0x0000,0x0000,0x0000,0x0000,0x0000,0xE000,0x0000,0x0000,0x0000,0x0000,
      0x0000,0x0000,0x0000,0x0000,0x0000,0x0000,0x0000,0x0000,0x0000,0x8000,0x8000,0x8000,0x8000,0x8000,
      0x8000,0x8000,0x8000,0x8000,0x8000,0x8000,0x8000,0x8000,0x8000,0x0000,0x0000,0x0000,0x0000,0x0000,
      0x0000,0x0000,0x0000,0xA518,0xA518,0xE71C,0xE71C,0xC61C,0xC61C,0xC61C,0xC61C,0xC61C,0x8000,0x8000,
      0x0000,0x0000,0x0000,0x0000,0x0000,0x0000,0x0000,0x0000,0x0000,0xE000,0x0000,0x0000,0x0000,0x0000,
      0x0000,0x0000,0x0000,0x0000,0x0000,0x0000,0x0000,0x0000,0x0000,0x0000,0x8000,0x8000,0x8000,0x8000,
      0x8000,0x8000,0x8000,0x8000,0x8000,0x8000,0x8000,0x8000,0x8000,0xE000,0xE71C,0xE71C,0xE71C,0xE71C,
      0xE000,0xE000,0xE000,0xC61C,0xC61C,0xC61C,0xC61C,0xE000,0xE000,0xE000,0xE000,0xE000,0x8000,0x8000,
      0x8000,0x8000,0x0000,0x0000,0x0000,0x0000,0x0000,0x0000,0x0000,0x0000,0x0000,0x0000,0x0000,0x0000,
      0x0000,0x0000,0x0000,0x0000,0x0000,0x0000,0x0000,0x0000,0x0000,0x0000,0x8000,0x8000,0x8000,0x8000,
      0x8000,0x8000,0x8000,0x8000,0x8000,0x8000,0x8000,0x8000,0x8000,0xE000,0xE71C,0xE71C,0xE71C,0xE71C,
      0xE000,0xE000,0xE000,0xC61C,0xC61C,0xC61C,0xC61C,0xE000,0xE000,0xE000,0xE000,0xE000,0x8000,0x8000,
      0x8000,0x8000,0x0000,0x0000,0x0000,0x0000,0x0000,0x0000,0x0000,0x0000,0x0000,0x0000,0x0000,0x0000,
      0x0000,0x0000,0x0000,0x0000,0x0000,0x0000,0x0000,0x0000,0x0000,0x0000,0x0000,0x0000,0x8000,0x8000,
      0x8000,0x8000,0x8000,0x8000,0x8000,0xE000,0xE000,0xE000,0xE000,0xE000,0xC61C,0xC61C,0xE71C,0xE71C,
      0xE71C,0xE71C,0xE000,0xE000,0xE000,0xE000,0xE000,0xE000,0xE000,0xE000,0xE000,0xE000,0x8000,0x8000,
      0x8000,0x8000,0x0000,0x0000,0x0000,0x0000,0x0000,0x0000,0x0000,0x0000,0x0000,0x0000,0x0000,0x0000,
      0x0000,0x0000,0x0000,0x0000,0x0000,0x0000,0x0000,0x0000,0x0000,0x0000,0x0000,0x0000,0x0000,0x0000,
      0x0000,0x0000,0x8000,0x8000,0x8000,0x8000,0x8000,0x8000,0x8000,0x8000,0xE000,0xE000,0xC61C,0xC61C,
      0xC61C,0xC61C,0xE71C,0xE000,0xE000,0xE000,0xE000,0xE000,0xE000,0x8000,0x8000,0x8000,0x8000,0x8000,
      0x8000,0x8000,0x0000,0x0000,0x0000,0x0000,0x0000,0x0000,0x0000,0x0000,0x0000,0x0000,0x0000,0x0000,
      0x0000,0x0000,0x0000,0x0000,0x0000,0x0000,0x0000,0x0000,0x0000,0x0000,0x0000,0x0000,0x0000,0x0000,
      0x0000,0x0000,0x8000,0x8000,0x8000,0x8000,0x8000,0x8000,0x8000,0x8000,0xE000,0xE000,0xC61C,0xC61C,
      0xC61C,0xC61C,0xE71C,0xE000,0xE000,0xE000,0xE000,0xE000,0xE000,0x8000,0x8000,0x8000,0x8000,0x8000,
      0x8000,0x8000,0x0000,0x0000,0x0000,0x0000,0x0000,0x0000,0x0000,0x0000,0x0000,0x0000,0x0000,0x0000,
      0x0000,0x0000,0x0000,0x0000,0x0000,0x0000,0x0000,0x0000,0x0000,0x0000,0x0000,0x0000,0x0000,0x0000,
      0x0000,0x0000,0x0000,0x0000,0x0000,0x0000,0x0000,0x8000,0x8000,0x8000,0x8000,0x8000,0x8000,0x8000,
      0x8000,0x8000,0x8000,0x8000,0x8000,0x8000,0x8000,0x8000,0x8000,0x8000,0x8000,0x8000,0x0000,0x0000,
      0x0000,0x0000,0x0000,0x0000,0x0000,0x0000,0x0000,0x0000,0x0000,0x0000,0x0000,0x0000,0x0000,0x0000,
      0x0000,0x0000,0x0000,0x0000,0x0000,0x0000,0x0000,0x0000,0x0000,0x0000,0x0000,0x0000,0x0000,0x0000,
      0x0000,0x0000,0x0000,0x0000,0x0000,0x0000,0x0000,0x8000,0x8000,0x8000,0x8000,0x8000,0x8000,0x8000,
      0x8000,0x8000,0x8000,0x8000,0x8000,0x8000,0x8000,0x8000,0x8000,0x8000,0x8000,0x8000,0x0000,0x0000,
      0x0000,0x0000,0x0000,0x0000,0x0000,0x0000,0x0000,0x0000,0x0000,0x0000,0x0000,0x0000,0x0000,0x0000,
   },
   {
      0x0000,0x0000,0x0000,0x0000,0x0000,0x0000,0x0000,0x0000,0x0000,0x0000,0x0000,0x0000,0x0000,0x0000,
      0x0000,0x0000,0x0000,0x0000,0x0000,0x0000,0x0000,0x0000,0x0000,0x2218,0x2218,0x2218,0x2218,0x2218,
      0x2218,0x2218,0x2218,0x2218,0x2218,0x2218,0x2218,0x2218,0x2218,0x2218,0x2218,0x2218,0x2218,0x2218,
      0x0000,0x0000,0x0000,0x0000,0x0000,0x0000,0x0000,0x0000,0x0000,0x0000,0x0000,0x0000,0x0000,0x0000,
      0x0000,0x0000,0x0000,0x0000,0x0000,0x0000,0x0000,0x0000,0x0000,0x0000,0x0000,0x0000,0x0000,0x0000,
      0x0000,0x0000,0x0000,0x0000,0x0000,0x0000,0x0000,0x0000,0x0000,0x2218,0x2218,0x2218,0x2218,0x2218,
      0x2218,0x2218,0x2218,0x2218,0x2218,0x2218,0x2218,0x2218,0x2218,0x2218,0x2218,0x2218,0x2218,0x2218,
      0x0000,0x0000,0x0000,0x0000,0x0000,0x0000,0x0000,0x0000,0x0000,0x0000,0x0000,0x0000,0x0000,0x0000,
      0x0000,0x0000,0x0000,0x0000,0x0000,0x0000,0x0000,0x0000,0x0000,0x0000,0x0000,0x0000,0x0000,0x0000,
      0x0000,0x0000,0x2218,0x2218,0x2218,0x2218,0x2218,0x2218,0x2218,0x631C,0x631C,0x631C,0x631C,0x631C,
      0x2218,0x2218,0x2218,0x2218,0x2218,0x2218,0x2218,0x2110,0x2110,0x2110,0x0000,0x0000,0x0000,0x0000,
      0x0000,0x0000,0x0000,0x0000,0x0000,0x0000,0x0000,0x0000,0x0000,0x0000,0x0000,0x0000,0x0000,0x0000,
      0x0000,0x0000,0x0000,0x0000,0x0000,0x0000,0x0000,0x2110,0x2110,0x0000,0x0000,0x0000,0x2218,0x2218,
      0x2218,0x2218,0x2218,0x2218,0x2218,0x2218,0x2218,0x2218,0x2218,0x2218,0x631C,0x631C,0x2218,0x2218,
      0x2218,0x2218,0x2218,0x2110,0x2110,0x2110,0x2110,0x0000,0x0000,0x0000,0x0000,0x0000,0x0000,0x0000,
      0x0000,0x0000,0x0000,0x0000,0x0000,0x0000,0x0000,0x0000,0x0000,0x0000,0x0000,0x0000,0x0000,0x0000,
      0x0000,0x0000,0x0000,0x0000,0x0000,0x0000,0x0000,0x2110,0x2110,0x0000,0x0000,0x0000,0x2218,0x2218,
      0x2218,0x2218,0x2218,0x2218,0x2218,0x2218,0x2218,0x2218,0x2218,0x2218,0x631C,0x631C,0x2218,0x2218,
      0x2218,0x2218,0x2218,0x2110,0x2110,0x2110,0x2110,0x0000,0x0000,0x0000,0x0000,0x0000,0x0000,0x0000,
      0x0000,0x0000,0x0000,0x0000,0x0000,0x0000,0x0000,0x0000,0x0000,0x0000,0x0000,0x0000,0x0000,0x0000,
      0x0000,0x0000,0x0000,0x0000,0x0000,0x2110,0x2110,0x2110,0x2110,0x2218,0x2218,0x2218,0x2218,0x2218,
      0x2218,0x2218,0x631C,0x2218,0x2218,0x2218,0x2218,0x2110,0x2110,0x2110,0x2110,0x2110,0x2218,0x2218,
      0x2110,0x2110,0x2110,0x2110,0x2110,0x0000,0x0000,0x0000,0x0000,0x0000,0x0000,0x0000,0x0000,0x0000,
      0x0000,0x0000,0x0000,0x0000,0x0000,0x0000,0x0000,0x0000,0x0000,0x0000,0x0000,0x0000,0x0000,0x0000,
      0x0000,0x0000,0x0000,0x0000,0x0000,0x2110,0x2110,0x2110,0x2110,0x2218,0x2218,0x2218,0x2218,0x2218,
      0x2218,0x2218,0x631C,0x2218,0x2218,0x2218,0x2218,0x2110,0x2110,0x2110,0x2110,0x2110,0x2218,0x2218,
      0x2110,0x2110,0x2110,0x2110,0x2110,0x0000,0x0000,0x0000,0x0000,0x0000,0x0000,0x0000,0x0000,0x0000,
      0x0000,0x0000,0x0000,0x0000,0x0000,0x0000,0x0000,0x0000,0x0000,0x0000,0x0000,0x0000,0x0000,0x0000,
      0x0000,0x0000,0x0000,0x2110,0x2110,0x2110,0x2110,0x2218,0x2218,0x2218,0x2218,0x2218,0x631C,0x631C,
      0x631C,0x631C,0x2218,0x2110,0x2110,0x2110,0x2110,0xE510,0xE510,0xE510,0xA308,0xA308,0x2110,0x2110,
      0x2110,0x2110,0x2110,0x0000,0x0000,0x0000,0x0000,0x0000,0x0000,0x0000,0x0000,0x0000,0x0000,0x0000,
      0x0000,0x0000,0x0000,0x0000,0x0000,0x0000,0x0000,0x0000,0x0000,0x0000,0x0000,0x0000,0x0000,0x0000,
      0x0000,0x0000,0x0000,0x2110,0x2110,0x2110,0x2110,0x2218,0x2218,0x2218,0x2218,0x2218,0x631C,0x631C,
      0x631C,0x631C,0x2218,0x2110,0x2110,0x2110,0x2110,0xE510,0xE510,0xE510,0xA308,0xA308,0x2110,0x2110,
      0x2110,0x2110,0x2110,0x0000,0x0000,0x0000,0x0000,0x0000,0x0000,0x0000,0x0000,0x0000,0x0000,0x0000,
      0x0000,0x0000,0x0000,0x0000,0x0000,0x0000,0x0000,0x0000,0x0000,0x0000,0x0000,0x0000,0x0000,0x0000,
      0x0000,0x0000,0x0000,0x2110,0x2110,0x2218,0x2218,0x2218,0x2218,0x2218,0x631C,0x631C,0x631C,0x631C,
      0x631C,0x631C,0x2218,0xE510,0xE510,0xE510,0xE510,0xE510,0xE510,0xA308,0x2110,0x2110,0x2218,0x2218,
      0x2110,0x2110,0x0000,0x0000,0x0000,0x0000,0x0000,0x0000,0x0000,0x0000,0x0000,0x0000,0x0000,0x0000,
      0x0000,0x0000,0x0000,0x0000,0x0000,0x0000,0x0000,0x0000,0x0000,0x0000,0x0000,0x0000,0x0000,0x0000,
      0x0000,0x0000,0x0000,0x2218,0x2218,0x2218,0x2218,0x2218,0x2218,0x631C,0x631C,0x631C,0x631C,0x631C,
      0x631C,0x631C,0x631C,0x2218,0x2218,0x2218,0x2218,0xA308,0xA308,0xA308,0x2110,0x2110,0x2218,0x2218,
      0x2218,0x2218,0x2218,0x2218,0x2218,0x2218,0x2218,0x2218,0x2218,0x2218,0x0000,0x0000,0x0000,0x0000,
      0x0000,0x0000,0x0000,0x0000,0x0000,0x0000,0x0000,0x0000,0x0000,0x0000,0x0000,0x0000,0x0000,0x0000,
      0x0000,0x0000,0x0000,0x2218,0x2218,0x2218,0x2218,0x2218,0x2218,0x631C,0x631C,0x631C,0x631C,0x631C,
      0x631C,0x631C,0x631C,0x2218,0x2218,0x2218,0x2218,0xA308,0xA308,0xA308,0x2110,0x2110,0x2218,0x2218,
      0x2218,0x2218,0x2218,0x2218,0x2218,0x2218,0x2218,0x2218,0x2218,0x2218,0x0000,0x0000,0x0000,0x0000,
      0x0000,0x0000,0x0000,0x0000,0x0000,0x0000,0x0000,0x0000,0x0000,0x0000,0x0000,0x0000,0x0000,0x0000,
      0x0000,0x0000,0x0000,0x2218,0x2218,0x2218,0x2218,0x2218,0x2218,0x631C,0x631C,0x631C,0xE71C,0xE71C,
      0x631C,0x631C,0x631C,0x631C,0x631C,0x2218,0x2218,0x2218,0x2218,0x2218,0x2218,0x2218,0x2218,0x2218,
      0x2218,0x2218,0x2218,0x2218,0x2218,0x2218,0x2218,0x2218,0x2218,0x2218,0x2218,0x2218,0x2218,0x2218,
      0x2218,0x2218,0x2218,0x0000,0x0000,0x0000,0x0000,0x0000,0x0000,0x0000,0x0000,0x0000,0x0000,0x0000,
      0x0000,0x0000,0x0000,0x2218,0x2218,0x2218,0x2218,0x2218,0x2218,0x631C,0x631C,0x631C,0xE71C,0xE71C,
      0x631C,0x631C,0x631C,0x631C,0x631C,0x2218,0x2218,0x2218,0x2218,0x2218,0x2218,0x2218,0x2218,0x2218,
      0x2218,0x2218,0x2218,0x2218,0x2218,0x2218,0x2218,0x2218,0x2218,0x2218,0x2218,0x2218,0x2218,0x2218,
      0x2218,0x2218,0x2218,0x0000,0x0000,0x0000,0x0000,0x0000,0x0000,0x0000,0x0000,0x0000,0x0000,0x0000,
      0x0000,0x0000,0x2218,0x2218,0x2218,0x2218,0x2218,0x631C,0x631C,0x631C,0x2218,0x2218,0x2110,0x2110,
      0x2110,0x2110,0x2110,0x631C,0x631C,0x631C,0x631C,0x631C,0x631C,0x631C,0x631C,0x631C,0x631C,0x631C,
      0x2218,0x2218,0x631C,0x631C,0x631C,0x2218,0x2218,0x2218,0x2218,0x2110,0x2110,0x2110,0x2110,0x2110,
      0x0000,0x0000,0x0000,0x0000,0x0000,0x0000,0x0000,0x0000,0x0000,0x0000,0x0000,0x0000,0x0000,0x0000,
      0x0000,0x0000,0x2218,0x2218,0x2218,0x2218,0x2218,0x631C,0x631C,0x631C,0x2218,0x2218,0x2110,0x2110,
      0x2110,0x2110,0x2110,0x631C,0x631C,0x631C,0x631C,0x631C,0x631C,0x631C,0x631C,0x631C,0x631C,0x631C,
      0x2218,0x2218,0x631C,0x631C,0x631C,0x2218,0x2218,0x2218,0x2218,0x2110,0x2110,0x2110,0x2110,0x2110,
      0x0000,0x0000,0x0000,0x0000,0x0000,0x0000,0x0000,0x0000,0x0000,0x0000,0x0000,0x0000,0x0000,0x0000,
      0x0000,0x0000,0x2110,0x2218,0x2218,0x2218,0x2218,0x2218,0x2218,0x2218,0x2110,0x2110,0xC61C,0xC61C,
      0xA518,0xA518,0x2110,0x2110,0x2110,0x2218,0x2218,0x631C,0x631C,0xE71C,0x631C,0x631C,0x2218,0x2218,
      0x2218,0x2218,0x2218,0x2218,0x2218,0x2110,0x2110,0x2110,0x2110,0x2110,0x0000,0x0000,0x0000,0x0000,
      0x0000,0x0000,0x0000,0x0000,0x0000,0x0000,0x0000,0x0000,0x0000,0x0000,0x0000,0x0000,0x0000,0x0000,
      0x0000,0x0000,0xA518,0x2218,0x2218,0x2218,0x2218,0x2218,0x2218,0x2110,0xE71C,0xE71C,0xE71C,0xE71C,
      0xE71C,0xE71C,0xA518,0x2110,0x2110,0x2218,0x2218,0x2218,0x2218,0x631C,0x2218,0x2218,0x2218,0x2218,
      0x2218,0x2218,0x2110,0x2110,0x2110,0x2110,0x2110,0x0000,0x0000,0x0000,0x0000,0x0000,0x0000,0x0000,
      0x0000,0x0000,0x0000,0x0000,0x0000,0x0000,0x0000,0x0000,0x0000,0x0000,0x0000,0x0000,0x0000,0x0000,
      0x0000,0x0000,0xA518,0x2218,0x2218,0x2218,0x2218,0x2218,0x2218,0x2110,0xE71C,0xE71C,0xE71C,0xE71C,
      0xE71C,0xE71C,0xA518,0x2110,0x2110,0x2218,0x2218,0x2218,0x2218,0x631C,0x2218,0x2218,0x2218,0x2218,
      0x2218,0x2218,0x2110,0x2110,0x2110,0x2110,0x2110,0x0000,0x0000,0x0000,0x0000,0x0000,0x0000,0x0000,
      0x0000,0x0000,0x0000,0x0000,0x0000,0x0000,0x0000,0x0000,0x0000,0x0000,0x0000,0x0000,0x0000,0x0000,
      0x0000,0x0000,0xA518,0x2104,0x2104,0x2218,0x2218,0x2104,0x2104,0xA518,0xE71C,0xE71C,0xE71C,0xE71C,
      0xE71C,0xE71C,0xA518,0x2110,0x2110,0x2218,0x2218,0x2218,0x2218,0x2218,0x2218,0x2218,0x2110,0x2110,
      0x2110,0x2110,0x2110,0x2110,0x2110,0x0000,0x0000,0x0000,0x0000,0x0000,0x0000,0x0000,0x0000,0x0000,
      0x0000,0x0000,0x0000,0x0000,0x0000,0x0000,0x0000,0x0000,0x0000,0x0000,0x0000,0x0000,0x0000,0x0000,
      0x0000,0x0000,0xA518,0x2104,0x2104,0x2218,0x2218,0x2104,0x2104,0xA518,0xE71C,0xE71C,0xE71C,0xE71C,
      0xE71C,0xE71C,0xA518,0x2110,0x2110,0x2218,0x2218,0x2218,0x2218,0x2218,0x2218,0x2218,0x2110,0x2110,
      0x2110,0x2110,0x2110,0x2110,0x2110,0x0000,0x0000,0x0000,0x0000,0x0000,0x0000,0x0000,0x0000,0x0000,
      0x0000,0x0000,0x0000,0x0000,0x0000,0x0000,0x0000,0x0000,0x0000,0x0000,0x0000,0x0000,0x0000,0x0000,
      0x0000,0x0000,0xA518,0x2104,0x2104,0x2110,0x2110,0x2104,0x2104,0xA518,0xE71C,0xE71C,0xE71C,0xE71C,
      0xE71C,0xE71C,0xA518,0x2218,0x2218,0x2218,0x2218,0x2218,0x2218,0x2218,0x2218,0x2218,0x2110,0x2110,
      0x2110,0x2110,0x2110,0x0000,0x0000,0x0000,0x0000,0x0000,0x0000,0x0000,0x0000,0x0000,0x0000,0x0000,
      0x0000,0x0000,0x0000,0x0000,0x0000,0x0000,0x0000,0x0000,0x0000,0x0000,0x0000,0x0000,0x0000,0x0000,
      0x0000,0x0000,0xA518,0x2104,0x2104,0x2110,0x2110,0x2104,0x2104,0xA518,0xE71C,0xE71C,0xE71C,0xE71C,
      0xE71C,0xE71C,0xA518,0x2218,0x2218,0x2218,0x2218,0x2218,0x2218,0x2218,0x2218,0x2218,0x2110,0x2110,
      0x2110,0x2110,0x2110,0x0000,0x0000,0x0000,0x0000,0x0000,0x0000,0x0000,0x0000,0x0000,0x0000,0x0000,
      0x0000,0x0000,0x0000,0x0000,0x0000,0x0000,0x0000,0x0000,0x0000,0x0000,0x0000,0x0000,0x0000,0x0000,
      0x0000,0x0000,0xA518,0x6310,0x6310,0xE71C,0xE71C,0x6310,0x6310,0xA518,0xE71C,0xE71C,0xE71C,0xE71C,
      0xE71C,0xE71C,0x631C,0x2218,0x2218,0x2218,0x2218,0x2218,0x2218,0x2218,0x2110,0x2110,0x2110,0x2110,
      0x2110,0x2110,0x2110,0x2218,0x2218,0x2218,0x2218,0x2218,0x2218,0x2218,0x2218,0x2218,0x2218,0x2218,
      0x0000,0x0000,0x0000,0x0000,0x0000,0x0000,0x0000,0x0000,0x0000,0x0000,0x0000,0x0000,0x0000,0x0000,
      0x2104,0x2104,0x2104,0xA518,0xA518,0xA308,0xA308,0xE71C,0xE71C,0xE71C,0xE71C,0xE71C,0xE71C,0xE71C,
      0xA518,0xA518,0xE510,0xE510,0xE510,0xA308,0xA308,0x2218,0x2218,0x2110,0x2110,0x2110,0x2110,0x2110,
      0x2110,0x2110,0x2218,0x631C,0x631C,0xA308,0xA308,0xA308,0xA308,0xA308,0xA308,0xA308,0x0000,0x0000,
      0x0000,0x0000,0x0000,0x0000,0x0000,0x0000,0x0000,0x0000,0x0000,0x0000,0x0000,0x0000,0x0000,0x0000,
      0x2104,0x2104,0x2104,0xA518,0xA518,0xA308,0xA308,0xE71C,0xE71C,0xE71C,0xE71C,0xE71C,0xE71C,0xE71C,
      0xA518,0xA518,0xE510,0xE510,0xE510,0xA308,0xA308,0x2218,0x2218,0x2110,0x2110,0x2110,0x2110,0x2110,
      0x2110,0x2110,0x2218,0x631C,0x631C,0xA308,0xA308,0xA308,0xA308,0xA308,0xA308,0xA308,0x0000,0x0000,
      0x0000,0x0000,0x0000,0x0000,0x0000,0x0000,0x0000,0x0000,0x0000,0x0000,0x0000,0x0000,0x0000,0x0000,
      0x6310,0x6310,0x2104,0x2104,0x2104,0xE510,0xE510,0xE510,0xE510,0xC61C,0xC61C,0xC61C,0xE510,0xE510,
      0xE510,0xE510,0xE510,0xE71C,0xE71C,0xE510,0xE510,0xA308,0xA308,0x2110,0x2110,0x2110,0x2110,0x2110,
      0x2218,0x2218,0x2218,0x2110,0x2110,0x2110,0x2110,0xE510,0xE510,0xE510,0xE510,0xE510,0xA308,0xA308,
      0xA308,0xA308,0x0000,0x0000,0x0000,0x0000,0x0000,0x0000,0x0000,0x0000,0x0000,0x0000,0x0000,0x0000,
      0x6310,0x6310,0x2104,0x2104,0x2104,0xE510,0xE510,0xE510,0xE510,0xC61C,0xC61C,0xC61C,0xE510,0xE510,
      0xE510,0xE510,0xE510,0xE71C,0xE71C,0xE510,0xE510,0xA308,0xA308,0x2110,0x2110,0x2110,0x2110,0x2110,
      0x2218,0x2218,0x2218,0x2110,0x2110,0x2110,0x2110,0xE510,0xE510,0xE510,0xE510,0xE510,0xA308,0xA308,
      0xA308,0xA308,0x0000,0x0000,0x0000,0x0000,0x0000,0x0000,0x0000,0x0000,0x0000,0x0000,0x0000,0x0000,
      0x0000,0x0000,0x0000,0xA308,0xA308,0xE510,0xE510,0xE510,0xE510,0xE510,0xE510,0xE510,0xE510,0xE510,
      0xE510,0xE510,0xE510,0xE510,0xE510,0xE510,0xE510,0xA308,0xA308,0x2110,0x2110,0x2110,0xE71C,0xE71C,
      0xE71C,0xE71C,0xE71C,0xE510,0xE510,0xE510,0xE510,0xA518,0xA518,0xA308,0xE510,0xE510,0xE510,0xE510,
      0xA308,0xA308,0xA308,0x0000,0x0000,0x0000,0x0000,0x0000,0x0000,0x0000,0x0000,0x0000,0x0000,0x0000,
      0x0000,0x0000,0x0000,0xA308,0xA308,0xE510,0xE510,0xE510,0xE510,0xE510,0xE510,0xE510,0xE510,0xE510,
      0xE510,0xE510,0xE510,0xE510,0xE510,0xE510,0xE510,0xA308,0xA308,0x2110,0x2110,0x2110,0xE71C,0xE71C,
      0xE71C,0xE71C,0xE71C,0xE510,0xE510,0xE510,0xE510,0xA518,0xA518,0xA308,0xE510,0xE510,0xE510,0xE510,
      0xA308,0xA308,0xA308,0x0000,0x0000,0x0000,0x0000,0x0000,0x0000,0x0000,0x0000,0x0000,0x0000,0x0000,
      0x0000,0x0000,0x0000,0x0000,0x0000,0xA308,0xA308,0xA308,0xA308,0xE510,0xE510,0xE510,0xE510,0xE510,
      0xE510,0xE510,0xE510,0xA308,0xA308,0xA308,0xA308,0x2110,0x2110,0x2110,0xE71C,0xE71C,0xA518,0xA518,
      0x6310,0x6310,0xE71C,0xE71C,0xE71C,0x6310,0x6310,0xC61C,0xC61C,0xE71C,0xA308,0xA308,0xE510,0xE510,
      0xE510,0xE510,0xA308,0x0000,0x0000,0x0000,0x0000,0x0000,0x0000,0x0000,0x0000,0x0000,0x0000,0x0000,
      0x0000,0x0000,0x0000,0x0000,0x0000,0x0000,0x0000,0x0000,0x0000,0xA308,0xA308,0xA308,0xA308,0xA308,
      0xA308,0xA308,0xA308,0x2110,0x2110,0x2110,0x2110,0x2110,0x2110,0x2110,0xC61C,0xC61C,0xE71C,0xE71C,
      0xE71C,0xE71C,0xE71C,0xE71C,0xE71C,0xC61C,0xC61C,0xA518,0xA518,0xE71C,0xE510,0xE510,0xE510,0xE510,
      0xA308,0xA308,0x0000,0x0000,0x0000,0x0000,0x0000,0x0000,0x0000,0x0000,0x0000,0x0000,0x0000,0x0000,
      0x0000,0x0000,0x0000,0x0000,0x0000,0x0000,0x0000,0x0000,0x0000,0xA308,0xA308,0xA308,0xA308,0xA308,
      0xA308,0xA308,0xA308,0x2110,0x2110,0x2110,0x2110,0x2110,0x2110,0x2110,0xC61C,0xC61C,0xE71C,0xE71C,
      0xE71C,0xE71C,0xE71C,0xE71C,0xE71C,0xC61C,0xC61C,0xA518,0xA518,0xE71C,0xE510,0xE510,0xE510,0xE510,
      0xA308,0xA308,0x0000,0x0000,0x0000,0x0000,0x0000,0x0000,0x0000,0x0000,0x0000,0x0000,0x0000,0x0000,
      0x0000,0x0000,0x0000,0x0000,0x0000,0x0000,0x0000,0x0000,0x0000,0xE000,0xE000,0xE000,0xE000,0xE000,
      0xE000,0xE000,0xA518,0x6310,0x6310,0x6310,0x6310,0x6310,0x6310,0x6310,0xC61C,0xC61C,0xE71C,0xE71C,
      0xE71C,0xE71C,0xE71C,0xE71C,0xE71C,0xC61C,0xC61C,0xA518,0xA518,0xC61C,0xA308,0xA308,0xA308,0xA308,
      0x2218,0x2218,0x0000,0x8000,0x8000,0x8000,0x8000,0x8000,0x8000,0x0000,0x0000,0x0000,0x0000,0x0000,
      0x0000,0x0000,0x0000,0x0000,0x0000,0x0000,0x0000,0x0000,0x0000,0xE000,0xE000,0xE000,0xE000,0xE000,
      0xE000,0xE000,0xA518,0x6310,0x6310,0x6310,0x6310,0x6310,0x6310,0x6310,0xC61C,0xC61C,0xE71C,0xE71C,
      0xE71C,0xE71C,0xE71C,0xE71C,0xE71C,0xC61C,0xC61C,0xA518,0xA518,0xC61C,0xA308,0xA308,0xA308,0xA308,
      0x2218,0x2218,0x0000,0x8000,0x8000,0x8000,0x8000,0x8000,0x8000,0x0000,0x0000,0x0000,0x0000,0x0000,
      0x0000,0x0000,0x0000,0x0000,0x0000,0x0000,0x0000,0x2104,0x2104,0xE000,0xE000,0xE000,0xE000,0xE000,
      0xE71C,0xE71C,0xA518,0x6310,0x6310,0xA518,0xA518,0x6310,0x6310,0x6310,0xA518,0xA518,0xC61C,0xC61C,
      0xC61C,0xC61C,0xC61C,0xC61C,0xC61C,0xA518,0xA518,0x6310,0x6310,0xC61C,0x2110,0x2110,0x2110,0x2110,
      0x2110,0x2110,0x2218,0x8000,0x8000,0x8000,0x8000,0x8000,0x8000,0x8000,0x0000,0x0000,0x0000,0x0000,
      0x0000,0x0000,0x0000,0x0000,0x0000,0x0000,0x0000,0x2104,0x2104,0xE000,0xE000,0xE000,0xE000,0xE000,
      0xE71C,0xE71C,0xA518,0x6310,0x6310,0xA518,0xA518,0x6310,0x6310,0x6310,0xA518,0xA518,0xC61C,0xC61C,
      0xC61C,0xC61C,0xC61C,0xC61C,0xC61C,0xA518,0xA518,0x6310,0x6310,0xC61C,0x2110,0x2110,0x2110,0x2110,
      0x2110,0x2110,0x2218,0x8000,0x8000,0x8000,0x8000,0x8000,0x8000,0x8000,0x0000,0x0000,0x0000,0x0000,
      0x0000,0x0000,0x0000,0x0000,0x0000,0x2104,0x2104,0x2104,0x2104,0xE000,0xE000,0xE000,0x0000,0x0000,
      0xE71C,0xE71C,0xA518,0xA518,0xA518,0xA518,0xA518,0xA518,0xA518,0x6310,0xA308,0xA308,0xA518,0xA518,
      0xC61C,0xC61C,0xC61C,0xC61C,0xC61C,0xA518,0xA518,0x2110,0x2110,0x2110,0x2110,0x2110,0x2110,0x2110,
      0x2110,0x2110,0x2110,0xE71C,0xE71C,0xE71C,0xE71C,0xA518,0xA518,0x8000,0x8000,0x8000,0x0000,0x0000,
      0x0000,0x0000,0x0000,0x0000,0x0000,0x2104,0x2104,0x2104,0x2104,0x8000,0xE000,0xE000,0x0000,0x0000,
      0x0000,0x0000,0xE71C,0xA518,0xA518,0x6310,0x6310,0x6310,0x6310,0x0000,0xE510,0xE510,0xA308,0xA308,
      0xA308,0xA308,0xA308,0xA308,0xA308,0x2110,0x2110,0x2218,0x2218,0x2218,0x2110,0x2110,0x2110,0x2110,
      0x2110,0x2110,0xA518,0x2218,0x2218,0x6310,0x6310,0xE71C,0xE71C,0xA518,0x8000,0x8000,0x0000,0x0000,
      0x0000,0x0000,0x0000,0x0000,0x0000,0x2104,0x2104,0x2104,0x2104,0x8000,0xE000,0xE000,0x0000,0x0000,
      0x0000,0x0000,0xE71C,0xA518,0xA518,0x6310,0x6310,0x6310,0x6310,0x0000,0xE510,0xE510,0xA308,0xA308,
      0xA308,0xA308,0xA308,0xA308,0xA308,0x2110,0x2110,0x2218,0x2218,0x2218,0x2110,0x2110,0x2110,0x2110,
      0x2110,0x2110,0xA518,0x2218,0x2218,0x6310,0x6310,0xE71C,0xE71C,0xA518,0x8000,0x8000,0x0000,0x0000,
      0x0000,0x0000,0x0000,0x0000,0x0000,0x2104,0x2104,0x2104,0x2104,0x8000,0x8000,0x8000,0x0000,0x0000,
      0x0000,0x0000,0x0000,0x0000,0x0000,0x0000,0x0000,0x2218,0x2218,0x2218,0xA308,0xA308,0xE510,0xE510,
      0xE510,0xE510,0xA308,0xA308,0xA308,0x2218,0x2218,0x2218,0x2218,0x2218,0x2110,0x2110,0x0000,0x0000,
      0x2218,0x2218,0x2218,0x2218,0x2218,0x2110,0x2110,0xE71C,0xE71C,0xA518,0x8000,0x8000,0x8000,0x8000,
      0x0000,0x0000,0x0000,0x0000,0x0000,0x2104,0x2104,0x2104,0x2104,0x8000,0x8000,0x8000,0x0000,0x0000,
      0x0000,0x0000,0x0000,0x0000,0x0000,0x0000,0x0000,0x2218,0x2218,0x2218,0xA308,0xA308,0xE510,0xE510,
      0xE510,0xE510,0xA308,0xA308,0xA308,0x2218,0x2218,0x2218,0x2218,0x2218,0x2110,0x2110,0x0000,0x0000,
      0x2218,0x2218,0x2218,0x2218,0x2218,0x2110,0x2110,0xE71C,0xE71C,0xA518,0x8000,0x8000,0x8000,0x8000,
      0x0000,0x0000,0x0000,0x0000,0x0000,0x2104,0x2104,0x2104,0x2104,0x2104,0xA518,0xA518,0x0000,0x0000,
      0x0000,0x0000,0x0000,0x0000,0x0000,0x2218,0x2218,0x2218,0x2218,0x2110,0x2110,0x2110,0xA308,0xA308,
      0xA308,0xA308,0xA308,0x2218,0x2218,0x2218,0x2218,0x2218,0x2218,0x2218,0x2218,0x2218,0x2218,0x2218,
      0x2218,0x2218,0x2218,0x2110,0x2110,0xC61C,0xC61C,0xC61C,0xC61C,0xA518,0x8000,0x8000,0x8000,0x8000,
      0x0000,0x0000,0x0000,0x0000,0x0000,0x2104,0x2104,0x2104,0x2104,0x2104,0xA518,0xA518,0x0000,0x0000,
      0x0000,0x0000,0x0000,0x0000,0x0000,0x2218,0x2218,0x2218,0x2218,0x2110,0x2110,0x2110,0xA308,0xA308,
      0xA308,0xA308,0xA308,0x2218,0x2218,0x2218,0x2218,0x2218,0x2218,0x2218,0x2218,0x2218,0x2218,0x2218,
      0x2218,0x2218,0x2218,0x2110,0x2110,0xC61C,0xC61C,0xC61C,0xC61C,0xA518,0x8000,0x8000,0x8000,0x8000,
      0x0000,0x0000,0x0000,0x0000,0x0000,0x2104,0x2104,0x2104,0x2104,0x2104,0xA518,0xA518,0xA518,0xA518,
      0x8000,0x8000,0xE71C,0xE71C,0xE71C,0x2218,0x2218,0x2110,0x2110,0x2110,0x2110,0x2110,0x2110,0x2110,
      0x2218,0x2218,0x2218,0x2218,0x2218,0x0000,0x0000,0x0000,0x0000,0x2218,0x2218,0x2218,0x2218,0x2218,
      0x2110,0x2110,0x2110,0xC61C,0xC61C,0xC61C,0xC61C,0xA518,0xA518,0xA518,0x8000,0x8000,0x8000,0x8000,
      0x0000,0x0000,0x0000,0x0000,0x0000,0x0000,0x0000,0x2104,0x2104,0x2104,0x2104,0x2104,0xA518,0xA518,
      0x8000,0x8000,0xE71C,0xC61C,0xC61C,0xC61C,0xC61C,0x2110,0x2110,0x0000,0x0000,0x0000,0x0000,0x0000,
      0x0000,0x0000,0x0000,0x0000,0x0000,0x0000,0x0000,0x0000,0x0000,0x0000,0x0000,0x0000,0x0000,0x0000,
      0x0000,0x0000,0x2104,0xE000,0xE000,0xA518,0xA518,0xA518,0xA518,0xE000,0x8000,0x8000,0x8000,0x8000,
      0x0000,0x0000,0x0000,0x0000,0x0000,0x0000,0x0000,0x2104,0x2104,0x2104,0x2104,0x2104,0xA518,0xA518,
      0x8000,0x8000,0xE71C,0xC61C,0xC61C,0xC61C,0xC61C,0x2110,0x2110,0x0000,0x0000,0x0000,0x0000,0x0000,
      0x0000,0x0000,0x0000,0x0000,0x0000,0x0000,0x0000,0x0000,0x0000,0x0000,0x0000,0x0000,0x0000,0x0000,
      0x0000,0x0000,0x2104,0xE000,0xE000,0xA518,0xA518,0xA518,0xA518,0xE000,0x8000,0x8000,0x8000,0x8000,
      0x0000,0x0000,0x0000,0x0000,0x0000,0x0000,0x0000,0x2104,0x2104,0x2104,0x2104,0x2104,0xA518,0xA518,
      0x8000,0x8000,0x8000,0xC61C,0xC61C,0xA518,0xA518,0xA518,0xA518,0x6310,0x0000,0x0000,0x0000,0x0000,
      0x0000,0x0000,0x0000,0x0000,0x0000,0x0000,0x0000,0x0000,0x0000,0x0000,0x0000,0x0000,0x0000,0x0000,
      0x0000,0x0000,0x0000,0xE000,0xE000,0xE000,0xE000,0xE000,0xE000,0xE000,0x8000,0x8000,0x8000,0x8000,
      0x0000,0x0000,0x0000,0x0000,0x0000,0x0000,0x0000,0x2104,0x2104,0x2104,0x2104,0x2104,0xA518,0xA518,
      0x8000,0x8000,0x8000,0xC61C,0xC61C,0xA518,0xA518,0xA518,0xA518,0x6310,0x0000,0x0000,0x0000,0x0000,
      0x0000,0x0000,0x0000,0x0000,0x0000,0x0000,0x0000,0x0000,0x0000,0x0000,0x0000,0x0000,0x0000,0x0000,
      0x0000,0x0000,0x0000,0xE000,0xE000,0xE000,0xE000,0xE000,0xE000,0xE000,0x8000,0x8000,0x8000,0x8000,
      0x0000,0x0000,0x0000,0x0000,0x0000,0x0000,0x0000,0x2104,0x2104,0x2104,0x2104,0x2104,0xA518,0xA518,
      0x8000,0x8000,0x8000,0xC61C,0xC61C,0xA518,0xA518,0xA518,0xA518,0x6310,0x0000,0x0000,0x0000,0x0000,
      0x0000,0x0000,0x0000,0x0000,0x0000,0x0000,0x0000,0x0000,0x0000,0x0000,0x0000,0x0000,0x0000,0x0000,
      0x0000,0x0000,0x0000,0xA518,0xA518,0xA518,0xA518,0xE000,0xE000,0x8000,0xA518,0xA518,0x8000,0x8000,
      0x0000,0x0000,0x0000,0x0000,0x0000,0x0000,0x0000,0x2104,0x2104,0x2104,0x2104,0x2104,0xA518,0xA518,
      0x8000,0x8000,0x8000,0xC61C,0xC61C,0xA518,0xA518,0xA518,0xA518,0x6310,0x0000,0x0000,0x0000,0x0000,
      0x0000,0x0000,0x0000,0x0000,0x0000,0x0000,0x0000,0x0000,0x0000,0x0000,0x0000,0x0000,0x0000,0x0000,
      0x0000,0x0000,0x0000,0xA518,0xA518,0xA518,0xA518,0xE000,0xE000,0x8000,0xA518,0xA518,0x8000,0x8000,
      0x0000,0x0000,0x0000,0x0000,0x0000,0x0000,0x0000,0x0000,0x0000,0x2104,0x2104,0x2104,0x2104,0x2104,
      0x8000,0x8000,0x8000,0x8000,0x8000,0xA518,0xA518,0x6310,0x6310,0x0000,0x0000,0x0000,0x0000,0x0000,
      0x0000,0x0000,0x0000,0x0000,0x0000,0x0000,0x0000,0x0000,0x0000,0x0000,0x0000,0x0000,0x0000,0x0000,
      0x0000,0x0000,0x8000,0xE71C,0xE71C,0xA518,0xA518,0xA518,0xA518,0xA518,0x8000,0x8000,0x0000,0x0000,
      0x0000,0x0000,0x0000,0x0000,0x0000,0x0000,0x0000,0x0000,0x0000,0x2104,0x2104,0x2104,0x2104,0x2104,
      0x8000,0x8000,0x8000,0x8000,0x8000,0x6310,0x6310,0x0000,0x0000,0x0000,0x0000,0x0000,0x0000,0x0000,
      0x0000,0x0000,0x0000,0x0000,0x0000,0x0000,0x0000,0x0000,0x0000,0x0000,0x0000,0x0000,0x0000,0x0000,
      0x8000,0x8000,0x8000,0xE71C,0xE71C,0xE71C,0xE71C,0xA518,0xA518,0x8000,0x8000,0x8000,0x0000,0x0000,
      0x0000,0x0000,0x0000,0x0000,0x0000,0x0000,0x0000,0x0000,0x0000,0x2104,0x2104,0x2104,0x2104,0x2104,
      0x8000,0x8000,0x8000,0x8000,0x8000,0x6310,0x6310,0x0000,0x0000,0x0000,0x0000,0x0000,0x0000,0x0000,
      0x0000,0x0000,0x0000,0x0000,0x0000,0x0000,0x0000,0x0000,0x0000,0x0000,0x0000,0x0000,0x0000,0x0000,
      0x8000,0x8000,0x8000,0xE71C,0xE71C,0xE71C,0xE71C,0xA518,0xA518,0x8000,0x8000,0x8000,0x0000,0x0000,
      0x0000,0x0000,0x0000,0x0000,0x0000,0x0000,0x0000,0x0000,0x0000,0x2104,0x2104,0x2104,0x2104,0x2104,
      0x8000,0x8000,0x8000,0x8000,0x8000,0x0000,0x0000,0x0000,0x0000,0x0000,0x0000,0x0000,0x0000,0x0000,
      0x0000,0x0000,0x0000,0x0000,0x0000,0x0000,0x0000,0x0000,0x0000,0x0000,0x0000,0x0000,0x8000,0x8000,
      0x8000,0x8000,0xE000,0xE000,0xE000,0xE000,0xE000,0x8000,0x8000,0x8000,0x0000,0x0000,0x0000,0x0000,
      0x0000,0x0000,0x0000,0x0000,0x0000,0x0000,0x0000,0x0000,0x0000,0x2104,0x2104,0x2104,0x2104,0x2104,
      0x8000,0x8000,0x8000,0x8000,0x8000,0x0000,0x0000,0x0000,0x0000,0x0000,0x0000,0x0000,0x0000,0x0000,
      0x0000,0x0000,0x0000,0x0000,0x0000,0x0000,0x0000,0x0000,0x0000,0x0000,0x0000,0x0000,0x8000,0x8000,
      0x8000,0x8000,0xE000,0xE000,0xE000,0xE000,0xE000,0x8000,0x8000,0x8000,0x0000,0x0000,0x0000,0x0000,
      0x0000,0x0000,0x0000,0x0000,0x0000,0x0000,0x0000,0x0000,0x0000,0x0000,0x2104,0x2104,0x2104,0x2104,
      0x8000,0x8000,0x8000,0x0000,0x0000,0x0000,0x0000,0x0000,0x0000,0x0000,0x0000,0x0000,0x0000,0x0000,
      0x0000,0x0000,0x0000,0x0000,0x0000,0x0000,0x0000,0x8000,0x8000,0x8000,0x8000,0x8000,0x8000,0x8000,
      0x8000,0x8000,0xE000,0xE000,0xE000,0x8000,0x8000,0x8000,0x8000,0x0000,0x0000,0x0000,0x0000,0x0000,
      0x0000,0x0000,0x0000,0x0000,0x0000,0x0000,0x0000,0x0000,0x0000,0x0000,0x2104,0x2104,0x2104,0x2104,
      0x8000,0x8000,0x8000,0x0000,0x0000,0x0000,0x0000,0x0000,0x0000,0x0000,0x0000,0x0000,0x0000,0x0000,
      0x0000,0x0000,0x0000,0x0000,0x0000,0x0000,0x0000,0x8000,0x8000,0x8000,0x8000,0x8000,0x8000,0x8000,
      0x8000,0x8000,0xE000,0xE000,0xE000,0x8000,0x8000,0x8000,0x8000,0x0000,0x0000,0x0000,0x0000,0x0000,
      0x0000,0x0000,0x0000,0x0000,0x0000,0x0000,0x0000,0x0000,0x0000,0x0000,0x2104,0x2104,0x2104,0x2104,
      0x8000,0x8000,0x0000,0x0000,0x0000,0x0000,0x0000,0x0000,0x0000,0x0000,0x0000,0x0000,0x8000,0x8000,
      0x8000,0x8000,0x8000,0x8000,0x8000,0x8000,0x8000,0x8000,0x8000,0x8000,0x8000,0x8000,0xE000,0xE000,
      0xE000,0xE000,0x8000,0x8000,0x8000,0x8000,0x8000,0x0000,0x0000,0x0000,0x0000,0x0000,0x0000,0x0000,
      0x0000,0x0000,0x0000,0x0000,0x0000,0x0000,0x0000,0x0000,0x0000,0x0000,0x0000,0x0000,0x0000,0x0000,
      0x0000,0x0000,0x0000,0x0000,0x0000,0x0000,0x0000,0x0000,0x0000,0x0000,0x0000,0x0000,0x0000,0x0000,
      0x0000,0x0000,0x8000,0x8000,0x8000,0x8000,0x8000,0x8000,0x8000,0x8000,0x8000,0x8000,0x8000,0x8000,
      0x8000,0x8000,0x8000,0x0000,0x0000,0x0000,0x0000,0x0000,0x0000,0x0000,0x0000,0x0000,0x0000,0x0000,
      0x0000,0x0000,0x0000,0x0000,0x0000,0x0000,0x0000,0x0000,0x0000,0x0000,0x0000,0x0000,0x0000,0x0000,
      0x0000,0x0000,0x0000,0x0000,0x0000,0x0000,0x0000,0x0000,0x0000,0x0000,0x0000,0x0000,0x0000,0x0000,
      0x0000,0x0000,0x8000,0x8000,0x8000,0x8000,0x8000,0x8000,0x8000,0x8000,0x8000,0x8000,0x8000,0x8000,
      0x8000,0x8000,0x8000,0x0000,0x0000,0x0000,0x0000,0x0000,0x0000,0x0000,0x0000,0x0000,0x0000,0x0000,
      0x0000,0x0000,0x0000,0x0000,0x0000,0x0000,0x0000,0x0000,0x0000,0x0000,0x0000,0x0000,0x0000,0x0000,
      0x0000,0x0000,0x0000,0x0000,0x0000,0x0000,0x0000,0x0000,0x0000,0x0000,0x8000,0x8000,0x8000,0x8000,
      0x8000,0x8000,0x8000,0x8000,0x8000,0x8000,0x8000,0x8000,0x8000,0x8000,0x8000,0x8000,0x0000,0x0000,
      0x0000,0x0000,0x0000,0x0000,0x0000,0x0000,0x0000,0x0000,0x0000,0x0000,0x0000,0x0000,0x0000,0x0000,
      0x0000,0x0000,0x0000,0x0000,0x0000,0x0000,0x0000,0x0000,0x0000,0x0000,0x0000,0x0000,0x0000,0x0000,
      0x0000,0x0000,0x0000,0x0000,0x0000,0x0000,0x0000,0x0000,0x0000,0x0000,0x8000,0x8000,0x8000,0x8000,
      0x8000,0x8000,0x8000,0x8000,0x8000,0x8000,0x8000,0x8000,0x8000,0x8000,0x8000,0x8000,0x0000,0x0000,
      0x0000,0x0000,0x0000,0x0000,0x0000,0x0000,0x0000,0x0000,0x0000,0x0000,0x0000,0x0000,0x0000,0x0000,
   },
};

static const unsigned char credits_sonic_alpha[CREDITS_SONIC_FRAMES][CREDITS_SONIC_W * CREDITS_SONIC_H] = {
   {
      0,0,0,0,0,0,0,0,0,0,0,0,0,0,0,0,0,0,0,0,0,255,255,255,255,255,255,255,
      255,255,0,0,0,0,0,0,0,0,0,0,0,0,0,0,0,0,0,0,0,0,0,0,0,0,0,0,
      0,0,0,0,0,0,0,0,0,0,0,0,0,0,0,0,0,0,0,0,0,255,255,255,255,255,255,255,
      255,255,0,0,0,0,0,0,0,0,0,0,0,0,0,0,0,0,0,0,0,0,0,0,0,0,0,0,
      0,0,0,0,0,0,0,0,0,0,0,0,0,0,0,0,255,255,255,255,255,255,255,255,255,255,255,255,
      255,255,255,255,255,255,255,255,255,0,0,0,0,0,0,0,0,0,0,0,0,0,0,0,0,0,0,0,
      0,0,0,255,255,0,0,0,0,0,0,0,255,255,255,255,255,255,255,255,255,255,255,255,255,255,255,255,
      255,255,255,255,255,255,255,255,255,255,255,255,0,0,0,0,0,0,0,0,0,0,0,0,0,0,0,0,
      0,0,0,255,255,0,0,0,0,0,0,0,255,255,255,255,255,255,255,255,255,255,255,255,255,255,255,255,
      255,255,255,255,255,255,255,255,255,255,255,255,0,0,0,0,0,0,0,0,0,0,0,0,0,0,0,0,
      0,0,0,255,255,255,255,0,0,255,255,255,255,255,255,255,255,255,255,255,255,255,255,255,255,255,255,255,
      255,255,255,255,255,255,255,255,255,0,0,0,0,0,0,0,0,0,0,0,0,0,0,0,0,0,0,0,
      0,0,0,255,255,255,255,0,0,255,255,255,255,255,255,255,255,255,255,255,255,255,255,255,255,255,255,255,
      255,255,255,255,255,255,255,255,255,0,0,0,0,0,0,0,0,0,0,0,0,0,0,0,0,0,0,0,
      0,0,0,255,255,255,255,255,255,255,255,255,255,255,255,255,255,255,255,255,255,255,255,255,255,255,255,255,
      255,255,255,0,0,0,0,0,0,0,0,0,0,0,0,0,0,0,0,0,0,0,0,0,0,0,0,0,
      0,0,0,255,255,255,255,255,255,255,255,255,255,255,255,255,255,255,255,255,255,255,255,255,255,255,255,255,
      255,255,255,0,0,0,0,0,0,0,0,0,0,0,0,0,0,0,0,0,0,0,0,0,0,0,0,0,
      0,0,0,255,255,255,255,255,255,255,255,255,255,255,255,255,255,255,255,255,255,255,255,255,255,255,255,255,
      255,255,0,0,0,0,0,0,0,0,0,0,0,0,0,0,0,0,0,0,0,0,0,0,0,0,0,0,
      0,0,0,255,255,255,255,255,255,255,255,255,255,255,255,255,255,255,255,255,255,255,255,255,255,255,255,255,
      255,255,255,0,0,0,0,0,0,0,0,0,0,0,0,0,0,0,0,0,0,0,0,0,0,0,0,0,
      0,0,0,255,255,255,255,255,255,255,255,255,255,255,255,255,255,255,255,255,255,255,255,255,255,255,255,255,
      255,255,255,0,0,0,0,0,0,0,0,0,0,0,0,0,0,0,0,0,0,0,0,0,0,0,0,0,
      0,0,0,255,255,255,255,255,255,255,255,255,255,255,255,255,255,255,255,255,255,255,255,255,255,255,255,255,
      255,255,255,255,255,255,255,255,255,0,0,0,0,0,0,0,0,0,0,0,0,0,0,0,0,0,0,0,
      0,0,0,255,255,255,255,255,255,255,255,255,255,255,255,255,255,255,255,255,255,255,255,255,255,255,255,255,
      255,255,255,255,255,255,255,255,255,0,0,0,0,0,0,0,0,0,0,0,0,0,0,0,0,0,0,0,
      0,0,255,255,255,255,255,255,255,255,255,255,255,255,255,255,255,255,255,255,255,255,255,255,255,255,255,255,
      255,255,255,255,255,255,255,255,255,255,255,255,0,0,0,0,0,0,0,0,0,0,0,0,0,0,0,0,
      0,0,255,255,255,255,255,255,255,255,255,255,255,255,255,255,255,255,255,255,255,255,255,255,255,255,255,255,
      255,255,255,255,255,255,255,255,255,255,255,255,0,0,0,0,0,0,0,0,0,0,0,0,0,0,0,0,
      0,0,255,255,255,255,255,255,255,255,255,255,255,255,255,255,255,255,255,255,255,255,255,255,255,255,255,255,
      255,255,255,255,255,255,255,255,255,255,255,255,255,255,0,0,0,0,0,0,0,0,0,0,0,0,0,0,
      0,0,255,255,255,255,255,255,255,255,255,255,255,255,255,255,255,255,255,255,255,255,255,255,255,255,255,255,
      255,255,255,255,255,255,255,255,255,255,255,255,255,255,255,255,0,0,0,0,0,0,0,0,0,0,0,0,
      0,0,255,255,255,255,255,255,255,255,255,255,255,255,255,255,255,255,255,255,255,255,255,255,255,255,255,255,
      255,255,255,255,255,255,255,255,255,255,255,255,255,255,255,255,0,0,0,0,0,0,0,0,0,0,0,0,
      0,0,255,255,255,255,255,255,255,255,255,255,255,255,255,255,255,255,255,255,255,255,255,255,255,255,255,255,
      255,255,255,255,255,255,255,255,255,255,255,255,255,255,255,255,255,0,0,0,0,0,0,0,0,0,0,0,
      0,0,255,255,255,255,255,255,255,255,255,255,255,255,255,255,255,255,255,255,255,255,255,255,255,255,255,255,
      255,255,255,255,255,255,255,255,255,255,255,255,255,255,255,255,255,0,0,0,0,0,0,0,0,0,0,0,
      0,0,255,255,255,255,255,255,255,255,255,255,255,255,255,255,255,255,255,255,255,255,255,255,255,255,255,255,
      255,255,255,255,255,255,255,0,0,0,0,0,0,0,0,0,0,0,0,0,0,0,0,0,0,0,0,0,
      0,0,255,255,255,255,255,255,255,255,255,255,255,255,255,255,255,255,255,255,255,255,255,255,255,255,255,255,
      255,255,255,255,255,255,255,0,0,0,0,0,0,0,0,0,0,0,0,0,0,0,0,0,0,0,0,0,
      0,0,255,255,255,255,255,255,255,255,255,255,255,255,255,255,255,255,255,255,255,255,255,255,255,255,255,255,
      255,255,255,0,0,0,0,0,0,0,0,0,0,0,0,0,0,0,0,0,0,0,0,0,0,0,0,0,
      255,255,255,255,255,255,255,255,255,255,255,255,255,255,255,255,255,255,255,255,255,255,255,255,255,255,255,255,
      255,255,255,255,255,0,0,0,0,0,0,0,0,0,0,0,0,0,0,0,0,0,0,0,0,0,0,0,
      255,255,255,255,255,255,255,255,255,255,255,255,255,255,255,255,255,255,255,255,255,255,255,255,255,255,255,255,
      255,255,255,255,255,0,0,0,0,0,0,0,0,0,0,0,0,0,0,0,0,0,0,0,0,0,0,0,
      255,255,255,255,255,255,255,255,255,255,255,255,255,255,255,255,255,255,255,255,255,255,255,255,255,255,255,255,
      255,255,255,255,255,255,255,255,255,255,255,255,255,255,255,255,0,0,0,0,0,0,0,0,0,0,0,0,
      255,255,255,255,255,255,255,255,255,255,255,255,255,255,255,255,255,255,255,255,255,255,255,255,255,255,255,255,
      255,255,255,255,255,255,255,255,255,255,255,255,255,255,255,255,0,0,0,0,0,0,0,0,0,0,0,0,
      0,0,0,255,255,255,255,255,255,255,255,255,255,255,255,255,255,255,255,255,255,255,255,255,255,255,255,255,
      255,255,255,255,255,255,255,255,255,255,255,255,255,255,255,255,255,0,0,0,0,0,0,0,0,0,0,0,
      0,0,0,255,255,255,255,255,255,255,255,255,255,255,255,255,255,255,255,255,255,255,255,255,255,255,255,255,
      255,255,255,255,255,255,255,255,255,255,255,255,255,255,255,255,255,0,0,0,0,0,0,0,0,0,0,0,
      0,0,0,0,0,255,255,255,255,255,255,255,255,255,255,255,255,255,255,255,255,255,255,255,255,255,255,255,
      255,255,255,255,255,255,255,255,255,255,255,255,255,255,255,255,255,0,0,0,0,0,0,0,0,0,0,0,
      0,0,0,0,0,0,0,0,0,255,255,255,255,255,255,255,255,255,255,255,255,255,255,255,255,255,255,255,
      255,255,255,255,255,255,255,255,255,255,255,255,255,255,255,255,255,255,255,255,255,0,0,0,0,0,0,0,
      0,0,0,0,0,0,0,0,0,255,255,255,255,255,255,255,255,255,255,255,255,255,255,255,255,255,255,255,
      255,255,255,255,255,255,255,255,255,255,255,255,255,255,255,255,255,255,255,255,255,0,0,0,0,0,0,0,
      0,0,0,0,0,0,0,0,0,0,0,0,0,0,255,255,255,255,255,255,255,255,255,255,255,255,255,255,
      255,255,255,255,255,255,255,255,255,255,255,255,255,255,255,255,255,255,255,255,255,255,255,0,0,0,0,0,
      0,0,0,0,0,0,0,0,0,0,0,0,0,0,255,255,255,255,255,255,255,255,255,255,255,255,255,255,
      255,255,255,255,255,255,255,255,255,255,255,255,255,255,255,255,255,255,255,255,255,255,255,0,0,0,0,0,
      0,0,0,0,0,0,0,0,0,0,0,0,0,0,255,255,255,255,255,255,255,255,255,255,255,255,255,255,
      255,255,255,255,255,255,255,255,255,255,255,255,255,255,255,255,255,255,255,255,255,255,255,255,0,0,0,0,
      0,0,0,0,0,0,0,0,0,0,0,0,0,0,255,255,255,255,255,255,255,255,255,255,255,255,255,255,
      255,255,255,255,255,255,255,255,255,255,255,255,255,255,255,255,255,255,255,255,255,255,255,255,0,0,0,0,
      0,0,0,0,0,0,0,0,0,0,0,0,0,0,255,255,255,255,255,255,255,255,255,0,255,255,255,255,
      255,255,255,255,255,255,255,255,255,255,255,255,255,255,255,255,255,255,255,255,255,255,255,255,255,255,0,0,
      0,0,0,0,0,0,0,0,0,0,0,0,0,0,0,0,255,255,255,255,255,0,0,0,255,255,255,255,
      255,255,255,255,255,255,255,255,255,255,255,255,255,255,255,255,255,255,255,255,255,255,255,255,255,255,0,0,
      0,0,0,0,0,0,0,0,0,0,0,0,0,0,0,0,255,255,255,255,255,0,0,0,255,255,255,255,
      255,255,255,255,255,255,255,255,255,255,255,255,255,255,255,255,255,255,255,255,255,255,255,255,255,255,0,0,
      0,0,0,0,0,255,255,0,0,0,0,0,0,0,0,0,0,0,0,0,0,0,0,0,255,255,255,255,
      255,255,255,255,255,255,255,255,255,255,0,0,0,0,0,0,0,0,0,255,255,255,255,255,255,255,255,255,
      0,0,0,0,0,255,255,0,0,0,0,0,0,0,0,0,0,0,0,0,0,0,0,0,255,255,255,255,
      255,255,255,255,255,255,255,255,255,255,0,0,0,0,0,0,0,0,0,255,255,255,255,255,255,255,255,255,
      0,0,0,0,0,255,255,0,0,0,0,0,0,0,0,0,0,0,0,0,0,0,0,0,0,0,255,255,
      255,255,255,255,255,255,255,255,255,0,0,0,0,0,0,0,0,0,0,0,0,255,255,255,255,255,255,255,
      0,0,0,0,0,255,255,0,0,0,0,0,0,0,0,0,0,0,0,0,0,0,0,0,0,0,255,255,
      255,255,255,255,255,255,255,255,255,0,0,0,0,0,0,0,0,0,0,0,0,255,255,255,255,255,255,255,
      0,0,0,0,0,255,255,0,0,0,255,255,0,0,0,0,0,0,0,0,0,0,0,0,0,0,255,255,
      255,255,255,255,255,0,0,0,0,0,0,0,0,0,0,0,0,0,0,0,0,0,0,255,255,255,255,255,
      0,0,0,0,0,255,255,255,255,0,255,255,0,0,0,0,0,0,0,0,0,0,0,0,255,255,255,255,
      255,255,255,0,0,0,0,0,0,0,0,0,0,0,0,0,0,0,0,0,0,0,0,255,255,255,255,255,
      0,0,0,0,0,255,255,255,255,0,255,255,0,0,0,0,0,0,0,0,0,0,0,0,255,255,255,255,
      255,255,255,0,0,0,0,0,0,0,0,0,0,0,0,0,0,0,0,0,0,0,0,255,255,255,255,255,
      0,0,0,0,0,255,255,255,255,0,255,255,0,0,0,0,0,0,0,0,0,0,0,0,255,255,255,255,
      255,255,255,0,0,0,0,0,0,0,0,0,0,0,0,0,0,0,0,0,0,0,0,255,255,255,255,255,
      0,0,0,0,0,255,255,255,255,0,255,255,0,0,0,0,0,0,0,0,0,0,0,0,255,255,255,255,
      255,255,255,0,0,0,0,0,0,0,0,0,0,0,0,0,0,0,0,0,0,0,0,255,255,255,255,255,
      0,0,0,0,0,255,255,255,255,255,255,255,255,255,0,0,0,0,0,0,0,0,0,0,0,0,255,255,
      255,255,255,255,255,255,255,255,255,0,0,0,0,0,0,0,0,0,0,0,0,0,0,0,255,255,255,255,
      0,0,0,0,0,255,255,255,255,255,255,255,255,255,0,0,0,0,0,0,0,0,0,0,0,0,255,255,
      255,255,255,255,255,255,255,255,255,0,0,0,0,0,0,0,0,0,0,0,0,0,0,0,255,255,255,255,
      0,0,0,0,0,0,0,255,255,255,255,255,255,255,0,0,0,0,0,0,0,0,0,0,0,0,0,0,
      255,255,255,255,255,255,255,255,255,255,0,0,0,0,0,0,0,0,0,0,0,0,0,0,255,255,0,0,
      0,0,0,0,0,0,0,255,255,255,255,255,255,255,255,255,0,0,0,0,0,0,0,0,0,0,0,0,
      255,255,255,255,255,255,255,255,255,255,255,255,0,0,0,0,0,0,0,0,0,0,0,0,255,255,0,0,
      0,0,0,0,0,0,0,255,255,255,255,255,255,255,255,255,0,0,0,0,0,0,0,0,0,0,0,0,
      255,255,255,255,255,255,255,255,255,255,255,255,0,0,0,0,0,0,0,0,0,0,0,0,255,255,0,0,
      0,0,0,0,0,0,0,0,0,255,255,255,255,255,255,255,255,255,255,0,0,0,0,0,0,0,0,0,
      0,0,255,255,255,255,255,255,255,255,255,255,255,255,0,0,0,0,0,0,0,0,0,255,0,0,0,0,
      0,0,0,0,0,0,0,0,0,255,255,255,255,255,255,255,255,255,255,0,0,0,0,0,0,0,0,0,
      0,0,255,255,255,255,255,255,255,255,255,255,255,255,0,0,0,0,0,0,0,0,0,255,0,0,0,0,
      0,0,0,0,0,0,0,0,0,0,255,255,255,255,255,255,255,255,255,255,255,255,255,255,255,255,255,255,
      255,255,255,255,255,255,255,255,255,255,255,255,255,255,255,255,0,0,0,0,0,0,0,0,0,0,0,0,
      0,0,0,0,0,0,0,0,0,0,255,255,255,255,255,255,255,255,255,255,255,255,255,255,255,255,255,255,
      255,255,255,255,255,255,255,255,255,255,255,255,255,255,255,255,0,0,0,0,0,0,0,0,0,0,0,0,
      0,0,0,0,0,0,0,0,0,0,0,0,255,255,255,255,255,255,255,255,255,255,255,255,255,255,255,255,
      255,255,255,255,255,255,255,255,255,255,255,255,255,255,255,255,0,0,0,0,0,0,0,0,0,0,0,0,
      0,0,0,0,0,0,0,0,0,0,0,0,0,0,0,0,255,255,255,255,255,255,255,255,255,255,255,255,
      255,255,255,255,255,255,255,255,255,255,255,255,255,255,255,255,0,0,0,0,0,0,0,0,0,0,0,0,
      0,0,0,0,0,0,0,0,0,0,0,0,0,0,0,0,255,255,255,255,255,255,255,255,255,255,255,255,
      255,255,255,255,255,255,255,255,255,255,255,255,255,255,255,255,0,0,0,0,0,0,0,0,0,0,0,0,
      0,0,0,0,0,0,0,0,0,0,0,0,0,0,0,0,0,0,0,255,255,255,255,255,255,255,255,255,
      255,255,255,255,255,255,255,255,255,255,255,255,255,255,0,0,0,0,0,0,0,0,0,0,0,0,0,0,
      0,0,0,0,0,0,0,0,0,0,0,0,0,0,0,0,0,0,0,255,255,255,255,255,255,255,255,255,
      255,255,255,255,255,255,255,255,255,255,255,255,255,255,0,0,0,0,0,0,0,0,0,0,0,0,0,0,
   },
   {
      0,0,0,0,0,0,0,0,0,0,0,0,0,0,0,0,0,0,0,0,0,0,0,255,255,255,255,255,
      255,255,255,255,255,255,255,255,255,255,255,255,255,255,0,0,0,0,0,0,0,0,0,0,0,0,0,0,
      0,0,0,0,0,0,0,0,0,0,0,0,0,0,0,0,0,0,0,0,0,0,0,255,255,255,255,255,
      255,255,255,255,255,255,255,255,255,255,255,255,255,255,0,0,0,0,0,0,0,0,0,0,0,0,0,0,
      0,0,0,0,0,0,0,0,0,0,0,0,0,0,0,0,255,255,255,255,255,255,255,255,255,255,255,255,
      255,255,255,255,255,255,255,255,255,255,0,0,0,0,0,0,0,0,0,0,0,0,0,0,0,0,0,0,
      0,0,0,0,0,0,0,255,255,0,0,0,255,255,255,255,255,255,255,255,255,255,255,255,255,255,255,255,
      255,255,255,255,255,255,255,0,0,0,0,0,0,0,0,0,0,0,0,0,0,0,0,0,0,0,0,0,
      0,0,0,0,0,0,0,255,255,0,0,0,255,255,255,255,255,255,255,255,255,255,255,255,255,255,255,255,
      255,255,255,255,255,255,255,0,0,0,0,0,0,0,0,0,0,0,0,0,0,0,0,0,0,0,0,0,
      0,0,0,0,0,255,255,255,255,255,255,255,255,255,255,255,255,255,255,255,255,255,255,255,255,255,255,255,
      255,255,255,255,255,0,0,0,0,0,0,0,0,0,0,0,0,0,0,0,0,0,0,0,0,0,0,0,
      0,0,0,0,0,255,255,255,255,255,255,255,255,255,255,255,255,255,255,255,255,255,255,255,255,255,255,255,
      255,255,255,255,255,0,0,0,0,0,0,0,0,0,0,0,0,0,0,0,0,0,0,0,0,0,0,0,
      0,0,0,255,255,255,255,255,255,255,255,255,255,255,255,255,255,255,255,255,255,255,255,255,255,255,255,255,
      255,255,255,0,0,0,0,0,0,0,0,0,0,0,0,0,0,0,0,0,0,0,0,0,0,0,0,0,
      0,0,0,255,255,255,255,255,255,255,255,255,255,255,255,255,255,255,255,255,255,255,255,255,255,255,255,255,
      255,255,255,0,0,0,0,0,0,0,0,0,0,0,0,0,0,0,0,0,0,0,0,0,0,0,0,0,
      0,0,0,255,255,255,255,255,255,255,255,255,255,255,255,255,255,255,255,255,255,255,255,255,255,255,255,255,
      255,255,0,0,0,0,0,0,0,0,0,0,0,0,0,0,0,0,0,0,0,0,0,0,0,0,0,0,
      0,0,0,255,255,255,255,255,255,255,255,255,255,255,255,255,255,255,255,255,255,255,255,255,255,255,255,255,
      255,255,255,255,255,255,255,255,255,255,0,0,0,0,0,0,0,0,0,0,0,0,0,0,0,0,0,0,
      0,0,0,255,255,255,255,255,255,255,255,255,255,255,255,255,255,255,255,255,255,255,255,255,255,255,255,255,
      255,255,255,255,255,255,255,255,255,255,0,0,0,0,0,0,0,0,0,0,0,0,0,0,0,0,0,0,
      0,0,0,255,255,255,255,255,255,255,255,255,255,255,255,255,255,255,255,255,255,255,255,255,255,255,255,255,
      255,255,255,255,255,255,255,255,255,255,255,255,255,255,255,255,255,0,0,0,0,0,0,0,0,0,0,0,
      0,0,0,255,255,255,255,255,255,255,255,255,255,255,255,255,255,255,255,255,255,255,255,255,255,255,255,255,
      255,255,255,255,255,255,255,255,255,255,255,255,255,255,255,255,255,0,0,0,0,0,0,0,0,0,0,0,
      0,0,255,255,255,255,255,255,255,255,255,255,255,255,255,255,255,255,255,255,255,255,255,255,255,255,255,255,
      255,255,255,255,255,255,255,255,255,255,255,255,255,255,0,0,0,0,0,0,0,0,0,0,0,0,0,0,
      0,0,255,255,255,255,255,255,255,255,255,255,255,255,255,255,255,255,255,255,255,255,255,255,255,255,255,255,
      255,255,255,255,255,255,255,255,255,255,255,255,255,255,0,0,0,0,0,0,0,0,0,0,0,0,0,0,
      0,0,255,255,255,255,255,255,255,255,255,255,255,255,255,255,255,255,255,255,255,255,255,255,255,255,255,255,
      255,255,255,255,255,255,255,255,255,255,0,0,0,0,0,0,0,0,0,0,0,0,0,0,0,0,0,0,
      0,0,255,255,255,255,255,255,255,255,255,255,255,255,255,255,255,255,255,255,255,255,255,255,255,255,255,255,
      255,255,255,255,255,255,255,0,0,0,0,0,0,0,0,0,0,0,0,0,0,0,0,0,0,0,0,0,
      0,0,255,255,255,255,255,255,255,255,255,255,255,255,255,255,255,255,255,255,255,255,255,255,255,255,255,255,
      255,255,255,255,255,255,255,0,0,0,0,0,0,0,0,0,0,0,0,0,0,0,0,0,0,0,0,0,
      0,0,255,255,255,255,255,255,255,255,255,255,255,255,255,255,255,255,255,255,255,255,255,255,255,255,255,255,
      255,255,255,255,255,0,0,0,0,0,0,0,0,0,0,0,0,0,0,0,0,0,0,0,0,0,0,0,
      0,0,255,255,255,255,255,255,255,255,255,255,255,255,255,255,255,255,255,255,255,255,255,255,255,255,255,255,
      255,255,255,255,255,0,0,0,0,0,0,0,0,0,0,0,0,0,0,0,0,0,0,0,0,0,0,0,
      0,0,255,255,255,255,255,255,255,255,255,255,255,255,255,255,255,255,255,255,255,255,255,255,255,255,255,255,
      255,255,255,0,0,0,0,0,0,0,0,0,0,0,0,0,0,0,0,0,0,0,0,0,0,0,0,0,
      0,0,255,255,255,255,255,255,255,255,255,255,255,255,255,255,255,255,255,255,255,255,255,255,255,255,255,255,
      255,255,255,0,0,0,0,0,0,0,0,0,0,0,0,0,0,0,0,0,0,0,0,0,0,0,0,0,
      0,0,255,255,255,255,255,255,255,255,255,255,255,255,255,255,255,255,255,255,255,255,255,255,255,255,255,255,
      255,255,255,255,255,255,255,255,255,255,255,255,255,255,0,0,0,0,0,0,0,0,0,0,0,0,0,0,
      255,255,255,255,255,255,255,255,255,255,255,255,255,255,255,255,255,255,255,255,255,255,255,255,255,255,255,255,
      255,255,255,255,255,255,255,255,255,255,0,0,0,0,0,0,0,0,0,0,0,0,0,0,0,0,0,0,
      255,255,255,255,255,255,255,255,255,255,255,255,255,255,255,255,255,255,255,255,255,255,255,255,255,255,255,255,
      255,255,255,255,255,255,255,255,255,255,0,0,0,0,0,0,0,0,0,0,0,0,0,0,0,0,0,0,
      255,255,255,255,255,255,255,255,255,255,255,255,255,255,255,255,255,255,255,255,255,255,255,255,255,255,255,255,
      255,255,255,255,255,255,255,255,255,255,255,255,255,255,255,255,0,0,0,0,0,0,0,0,0,0,0,0,
      255,255,255,255,255,255,255,255,255,255,255,255,255,255,255,255,255,255,255,255,255,255,255,255,255,255,255,255,
      255,255,255,255,255,255,255,255,255,255,255,255,255,255,255,255,0,0,0,0,0,0,0,0,0,0,0,0,
      0,0,0,255,255,255,255,255,255,255,255,255,255,255,255,255,255,255,255,255,255,255,255,255,255,255,255,255,
      255,255,255,255,255,255,255,255,255,255,255,255,255,255,255,255,255,0,0,0,0,0,0,0,0,0,0,0,
      0,0,0,255,255,255,255,255,255,255,255,255,255,255,255,255,255,255,255,255,255,255,255,255,255,255,255,255,
      255,255,255,255,255,255,255,255,255,255,255,255,255,255,255,255,255,0,0,0,0,0,0,0,0,0,0,0,
      0,0,0,0,0,255,255,255,255,255,255,255,255,255,255,255,255,255,255,255,255,255,255,255,255,255,255,255,
      255,255,255,255,255,255,255,255,255,255,255,255,255,255,255,255,255,0,0,0,0,0,0,0,0,0,0,0,
      0,0,0,0,0,0,0,0,0,255,255,255,255,255,255,255,255,255,255,255,255,255,255,255,255,255,255,255,
      255,255,255,255,255,255,255,255,255,255,255,255,255,255,255,255,0,0,0,0,0,0,0,0,0,0,0,0,
      0,0,0,0,0,0,0,0,0,255,255,255,255,255,255,255,255,255,255,255,255,255,255,255,255,255,255,255,
      255,255,255,255,255,255,255,255,255,255,255,255,255,255,255,255,0,0,0,0,0,0,0,0,0,0,0,0,
      0,0,0,0,0,0,0,0,0,0,255,255,255,255,255,255,255,255,255,255,255,255,255,255,255,255,255,255,
      255,255,255,255,255,255,255,255,255,255,255,255,255,255,255,255,0,0,0,0,0,0,0,0,0,0,0,0,
      0,0,0,0,0,0,0,0,0,0,255,255,255,255,255,255,255,255,255,255,255,255,255,255,255,255,255,255,
      255,255,255,255,255,255,255,255,255,255,255,255,255,255,255,255,0,0,0,0,0,0,0,0,0,0,0,0,
      0,0,0,0,0,0,0,0,0,255,255,255,255,255,255,255,255,255,255,255,255,255,255,255,255,255,255,255,
      255,255,255,255,255,255,255,255,255,255,255,255,255,255,255,255,255,255,255,255,255,0,0,0,0,0,0,0,
      0,0,0,0,0,0,0,0,0,255,255,255,255,255,255,255,255,255,255,255,255,255,255,255,255,255,255,255,
      255,255,255,255,255,255,255,255,255,255,255,255,255,255,255,255,255,255,255,255,255,0,0,0,0,0,0,0,
      0,0,0,0,0,0,0,255,255,255,255,255,255,255,255,255,255,255,255,255,255,255,255,0,255,255,255,255,
      255,255,255,255,255,255,255,255,255,255,255,255,255,255,255,255,255,255,255,0,0,0,0,0,0,0,0,0,
      0,0,0,0,0,255,255,255,255,255,255,255,255,255,0,0,255,255,255,255,255,0,0,0,255,255,255,255,
      255,255,255,255,255,255,255,255,255,255,255,255,255,255,255,255,0,0,0,0,0,0,0,0,0,0,0,0,
      0,0,0,0,0,255,255,255,255,255,255,255,255,255,0,0,255,255,255,255,255,0,0,0,255,255,255,255,
      255,255,255,255,255,255,255,255,255,255,255,255,255,255,255,255,0,0,0,0,0,0,0,0,0,0,0,0,
      0,0,0,0,0,255,255,255,255,255,255,255,255,255,0,0,0,0,0,0,0,0,0,0,255,255,255,255,
      255,255,255,255,255,255,255,255,255,255,255,255,0,0,0,0,0,255,255,255,255,255,255,0,0,0,0,0,
      0,0,0,0,0,255,255,255,255,255,255,255,255,255,0,0,0,0,0,0,0,0,0,0,255,255,255,255,
      255,255,255,255,255,255,255,255,255,255,255,255,0,0,0,0,0,255,255,255,255,255,255,0,0,0,0,0,
      0,0,0,0,0,255,255,255,255,255,255,255,255,255,0,0,0,0,0,0,0,0,0,0,0,0,255,255,
      255,255,255,255,255,255,255,255,255,255,255,255,255,255,255,255,255,255,255,255,255,255,255,255,0,0,0,0,
      0,0,0,0,0,255,255,255,255,255,255,255,255,255,0,0,0,0,0,0,0,0,0,0,0,0,255,255,
      255,255,255,255,255,255,255,255,255,255,255,255,255,255,255,255,255,255,255,255,255,255,255,255,0,0,0,0,
      0,0,0,0,0,255,255,255,255,255,255,255,255,255,0,0,0,0,0,0,0,0,0,0,255,255,255,255,
      255,255,255,255,255,255,255,255,255,255,255,255,255,255,255,255,255,255,255,255,255,255,255,255,0,0,0,0,
      0,0,0,0,0,0,0,255,255,255,255,255,255,255,255,255,0,0,0,255,255,0,0,255,255,255,0,0,
      0,0,0,0,0,0,0,0,0,255,255,255,255,255,255,255,255,255,255,255,255,255,255,255,255,255,0,0,
      0,0,0,0,0,0,0,255,255,255,255,255,255,255,255,255,0,0,0,255,255,0,0,255,255,255,0,0,
      0,0,0,0,0,0,0,0,0,255,255,255,255,255,255,255,255,255,255,255,255,255,255,255,255,255,0,0,
      0,0,0,0,0,0,0,255,255,255,255,255,255,255,255,255,255,255,255,255,255,255,255,255,0,0,0,0,
      0,0,0,0,0,0,0,0,0,0,0,0,255,255,255,255,255,255,255,255,255,255,255,255,255,255,0,0,
      0,0,0,0,0,0,0,255,255,255,255,255,255,255,255,255,255,255,255,255,255,255,255,255,0,0,0,0,
      0,0,0,0,0,0,0,0,0,0,0,0,255,255,255,255,255,255,255,255,255,255,255,255,255,255,0,0,
      0,0,0,0,0,0,0,0,0,255,255,255,255,255,255,255,255,255,255,255,255,255,255,255,0,0,0,0,
      0,0,0,0,0,0,0,0,0,0,0,0,255,255,255,255,255,255,255,255,255,255,255,255,255,255,0,0,
      0,0,0,0,0,0,0,0,0,255,255,255,255,255,255,255,255,255,255,255,255,255,255,255,0,0,0,0,
      0,0,0,0,0,0,0,0,0,0,0,0,255,255,255,255,255,255,255,255,255,255,255,255,255,255,0,0,
      0,0,0,0,0,0,0,0,0,255,255,255,255,255,255,255,255,255,255,255,255,255,255,255,0,0,0,0,
      0,0,0,0,0,0,0,0,0,0,0,0,0,0,0,0,255,255,255,255,255,255,255,255,255,255,0,0,
      0,0,0,0,0,0,0,0,0,0,255,255,255,255,255,255,255,255,255,255,255,255,255,0,0,0,0,0,
      0,0,0,0,0,0,0,0,0,0,0,0,0,0,255,255,255,255,255,255,255,255,255,255,255,255,0,0,
      0,0,0,0,0,0,0,0,0,0,255,255,255,255,255,255,255,255,255,255,255,255,255,0,0,0,0,0,
      0,0,0,0,0,0,0,0,0,0,0,0,0,0,255,255,255,255,255,255,255,255,255,255,255,255,0,0,
      0,0,0,0,0,0,0,0,0,0,255,255,255,255,255,255,255,255,255,255,255,255,255,0,0,0,0,0,
      0,0,0,0,0,0,0,0,0,0,0,0,0,0,255,255,255,255,255,255,255,255,255,255,0,0,0,0,
      0,0,0,0,0,0,0,0,0,0,255,255,255,255,255,255,255,255,255,255,255,255,255,0,0,0,0,0,
      0,0,0,0,0,0,0,0,0,0,0,0,0,0,255,255,255,255,255,255,255,255,255,255,0,0,0,0,
      0,0,0,0,0,0,0,0,0,0,0,0,255,255,255,255,255,255,255,255,255,255,255,0,0,0,0,0,
      0,0,0,0,0,0,0,0,0,0,255,255,255,255,255,255,255,255,255,255,255,255,255,0,0,0,0,0,
      0,0,0,0,0,0,0,0,0,0,0,0,255,255,255,255,255,255,255,255,255,255,255,0,0,0,0,0,
      0,0,0,0,0,0,0,0,0,0,255,255,255,255,255,255,255,255,255,255,255,255,255,0,0,0,0,0,
      0,0,0,0,0,0,0,0,0,0,0,0,0,0,255,255,255,255,255,255,255,0,0,0,0,0,0,0,
      0,0,0,0,0,0,0,255,255,255,255,255,255,255,255,255,255,255,255,255,255,0,0,0,0,0,0,0,
      0,0,0,0,0,0,0,0,0,0,0,0,0,0,0,0,255,255,255,0,0,0,0,0,0,0,0,0,
      255,255,255,255,255,255,255,255,255,255,255,255,255,255,255,255,255,0,0,0,0,0,0,0,0,0,0,0,
      0,0,0,0,0,0,0,0,0,0,0,0,0,0,0,0,255,255,255,0,0,0,0,0,0,0,0,0,
      255,255,255,255,255,255,255,255,255,255,255,255,255,255,255,255,255,0,0,0,0,0,0,0,0,0,0,0,
      0,0,0,0,0,0,0,0,0,0,0,0,0,0,0,0,0,0,0,0,0,255,255,255,255,255,255,255,
      255,255,255,255,255,255,255,255,255,255,255,255,0,0,0,0,0,0,0,0,0,0,0,0,0,0,0,0,
      0,0,0,0,0,0,0,0,0,0,0,0,0,0,0,0,0,0,0,0,0,255,255,255,255,255,255,255,
      255,255,255,255,255,255,255,255,255,255,255,255,0,0,0,0,0,0,0,0,0,0,0,0,0,0,0,0,
   },
   {
      0,0,0,0,0,0,0,0,0,0,0,0,0,0,0,0,0,0,0,0,0,255,255,255,255,255,255,255,
      255,255,0,0,0,0,0,0,0,0,0,0,0,0,0,0,0,0,0,0,0,0,0,0,0,0,0,0,
      0,0,0,0,0,0,0,0,0,0,0,0,0,0,0,0,0,0,0,0,0,255,255,255,255,255,255,255,
      255,255,0,0,0,0,0,0,0,0,0,0,0,0,0,0,0,0,0,0,0,0,0,0,0,0,0,0,
      0,0,0,0,0,0,0,0,0,0,0,0,0,0,0,0,255,255,255,255,255,255,255,255,255,255,255,255,
      255,255,255,255,255,255,255,255,255,0,0,0,0,0,0,0,0,0,0,0,0,0,0,0,0,0,0,0,
      0,0,0,255,255,0,0,0,0,0,0,0,255,255,255,255,255,255,255,255,255,255,255,255,255,255,255,255,
      255,255,255,255,255,255,255,255,255,255,255,255,0,0,0,0,0,0,0,0,0,0,0,0,0,0,0,0,
      0,0,0,255,255,0,0,0,0,0,0,0,255,255,255,255,255,255,255,255,255,255,255,255,255,255,255,255,
      255,255,255,255,255,255,255,255,255,255,255,255,0,0,0,0,0,0,0,0,0,0,0,0,0,0,0,0,
      0,0,0,255,255,255,255,0,0,255,255,255,255,255,255,255,255,255,255,255,255,255,255,255,255,255,255,255,
      255,255,255,255,255,255,255,255,255,0,0,0,0,0,0,0,0,0,0,0,0,0,0,0,0,0,0,0,
      0,0,0,255,255,255,255,0,0,255,255,255,255,255,255,255,255,255,255,255,255,255,255,255,255,255,255,255,
      255,255,255,255,255,255,255,255,255,0,0,0,0,0,0,0,0,0,0,0,0,0,0,0,0,0,0,0,
      0,0,0,255,255,255,255,255,255,255,255,255,255,255,255,255,255,255,255,255,255,255,255,255,255,255,255,255,
      255,255,255,0,0,0,0,0,0,0,0,0,0,0,0,0,0,0,0,0,0,0,0,0,0,0,0,0,
      0,0,0,255,255,255,255,255,255,255,255,255,255,255,255,255,255,255,255,255,255,255,255,255,255,255,255,255,
      255,255,255,0,0,0,0,0,0,0,0,0,0,0,0,0,0,0,0,0,0,0,0,0,0,0,0,0,
      0,0,0,255,255,255,255,255,255,255,255,255,255,255,255,255,255,255,255,255,255,255,255,255,255,255,255,255,
      255,255,0,0,0,0,0,0,0,0,0,0,0,0,0,0,0,0,0,0,0,0,0,0,0,0,0,0,
      0,0,0,255,255,255,255,255,255,255,255,255,255,255,255,255,255,255,255,255,255,255,255,255,255,255,255,255,
      255,255,255,0,0,0,0,0,0,0,0,0,0,0,0,0,0,0,0,0,0,0,0,0,0,0,0,0,
      0,0,0,255,255,255,255,255,255,255,255,255,255,255,255,255,255,255,255,255,255,255,255,255,255,255,255,255,
      255,255,255,0,0,0,0,0,0,0,0,0,0,0,0,0,0,0,0,0,0,0,0,0,0,0,0,0,
      0,0,0,255,255,255,255,255,255,255,255,255,255,255,255,255,255,255,255,255,255,255,255,255,255,255,255,255,
      255,255,255,255,255,255,255,255,255,0,0,0,0,0,0,0,0,0,0,0,0,0,0,0,0,0,0,0,
      0,0,0,255,255,255,255,255,255,255,255,255,255,255,255,255,255,255,255,255,255,255,255,255,255,255,255,255,
      255,255,255,255,255,255,255,255,255,0,0,0,0,0,0,0,0,0,0,0,0,0,0,0,0,0,0,0,
      0,0,255,255,255,255,255,255,255,255,255,255,255,255,255,255,255,255,255,255,255,255,255,255,255,255,255,255,
      255,255,255,255,255,255,255,255,255,255,255,255,0,0,0,0,0,0,0,0,0,0,0,0,0,0,0,0,
      0,0,255,255,255,255,255,255,255,255,255,255,255,255,255,255,255,255,255,255,255,255,255,255,255,255,255,255,
      255,255,255,255,255,255,255,255,255,255,255,255,0,0,0,0,0,0,0,0,0,0,0,0,0,0,0,0,
      0,0,255,255,255,255,255,255,255,255,255,255,255,255,255,255,255,255,255,255,255,255,255,255,255,255,255,255,
      255,255,255,255,255,255,255,255,255,255,255,255,255,255,0,0,0,0,0,0,0,0,0,0,0,0,0,0,
      0,0,255,255,255,255,255,255,255,255,255,255,255,255,255,255,255,255,255,255,255,255,255,255,255,255,255,255,
      255,255,255,255,255,255,255,255,255,255,255,255,255,255,255,255,0,0,0,0,0,0,0,0,0,0,0,0,
      0,0,255,255,255,255,255,255,255,255,255,255,255,255,255,255,255,255,255,255,255,255,255,255,255,255,255,255,
      255,255,255,255,255,255,255,255,255,255,255,255,255,255,255,255,0,0,0,0,0,0,0,0,0,0,0,0,
      0,0,255,255,255,255,255,255,255,255,255,255,255,255,255,255,255,255,255,255,255,255,255,255,255,255,255,255,
      255,255,255,255,255,255,255,255,255,255,255,255,255,255,255,255,255,0,0,0,0,0,0,0,0,0,0,0,
      0,0,255,255,255,255,255,255,255,255,255,255,255,255,255,255,255,255,255,255,255,255,255,255,255,255,255,255,
      255,255,255,255,255,255,255,255,255,255,255,255,255,255,255,255,255,0,0,0,0,0,0,0,0,0,0,0,
      0,0,255,255,255,255,255,255,255,255,255,255,255,255,255,255,255,255,255,255,255,255,255,255,255,255,255,255,
      255,255,255,255,255,255,255,0,0,0,0,0,0,0,0,0,0,0,0,0,0,0,0,0,0,0,0,0,
      0,0,255,255,255,255,255,255,255,255,255,255,255,255,255,255,255,255,255,255,255,255,255,255,255,255,255,255,
      255,255,255,255,255,255,255,0,0,0,0,0,0,0,0,0,0,0,0,0,0,0,0,0,0,0,0,0,
      0,0,255,255,255,255,255,255,255,255,255,255,255,255,255,255,255,255,255,255,255,255,255,255,255,255,255,255,
      255,255,255,0,0,0,0,0,0,0,0,0,0,0,0,0,0,0,0,0,0,0,0,0,0,0,0,0,
      255,255,255,255,255,255,255,255,255,255,255,255,255,255,255,255,255,255,255,255,255,255,255,255,255,255,255,255,
      255,255,255,255,255,0,0,0,0,0,0,0,0,0,0,0,0,0,0,0,0,0,0,0,0,0,0,0,
      255,255,255,255,255,255,255,255,255,255,255,255,255,255,255,255,255,255,255,255,255,255,255,255,255,255,255,255,
      255,255,255,255,255,0,0,0,0,0,0,0,0,0,0,0,0,0,0,0,0,0,0,0,0,0,0,0,
      255,255,255,255,255,255,255,255,255,255,255,255,255,255,255,255,255,255,255,255,255,255,255,255,255,255,255,255,
      255,255,255,255,255,255,255,255,255,255,255,255,255,255,255,255,0,0,0,0,0,0,0,0,0,0,0,0,
      255,255,255,255,255,255,255,255,255,255,255,255,255,255,255,255,255,255,255,255,255,255,255,255,255,255,255,255,
      255,255,255,255,255,255,255,255,255,255,255,255,255,255,255,255,0,0,0,0,0,0,0,0,0,0,0,0,
      0,0,0,255,255,255,255,255,255,255,255,255,255,255,255,255,255,255,255,255,255,255,255,255,255,255,255,255,
      255,255,255,255,255,255,255,255,255,255,255,255,255,255,255,255,255,0,0,0,0,0,0,0,0,0,0,0,
      0,0,0,255,255,255,255,255,255,255,255,255,255,255,255,255,255,255,255,255,255,255,255,255,255,255,255,255,
      255,255,255,255,255,255,255,255,255,255,255,255,255,255,255,255,255,0,0,0,0,0,0,0,0,0,0,0,
      0,0,0,0,0,255,255,255,255,255,255,255,255,255,255,255,255,255,255,255,255,255,255,255,255,255,255,255,
      255,255,255,255,255,255,255,255,255,255,255,255,255,255,255,255,255,0,0,0,0,0,0,0,0,0,0,0,
      0,0,0,0,0,0,0,0,0,255,255,255,255,255,255,255,255,255,255,255,255,255,255,255,255,255,255,255,
      255,255,255,255,255,255,255,255,255,255,255,255,255,255,255,255,255,255,255,255,255,0,0,0,0,0,0,0,
      0,0,0,0,0,0,0,0,0,255,255,255,255,255,255,255,255,255,255,255,255,255,255,255,255,255,255,255,
      255,255,255,255,255,255,255,255,255,255,255,255,255,255,255,255,255,255,255,255,255,0,0,0,0,0,0,0,
      0,0,0,0,0,0,0,0,0,0,0,0,0,0,0,0,255,255,255,255,255,255,255,255,255,255,255,255,
      255,255,255,255,255,255,255,255,255,255,255,255,255,255,255,255,255,255,255,255,255,255,255,0,0,0,0,0,
      0,0,0,0,0,0,0,0,0,0,0,0,0,0,0,0,255,255,255,255,255,255,255,255,255,255,255,255,
      255,255,255,255,255,255,255,255,255,255,255,255,255,255,255,255,255,255,255,255,255,255,255,0,0,0,0,0,
      0,0,0,0,0,0,0,0,0,0,0,0,0,0,255,255,255,255,255,255,255,255,255,255,255,255,255,255,
      255,255,255,255,255,255,255,255,255,255,255,255,255,255,255,255,255,255,255,255,255,255,255,255,0,0,0,0,
      0,0,0,0,0,0,0,0,0,0,0,0,0,0,255,255,255,255,255,255,255,255,255,255,255,255,255,255,
      255,255,255,255,255,255,255,255,255,255,255,255,255,255,255,255,255,255,255,255,255,255,255,255,0,0,0,0,
      0,0,0,0,0,0,0,0,0,0,0,0,0,0,255,255,255,255,255,255,255,255,255,0,255,255,255,255,
      255,255,255,255,255,255,255,255,255,255,255,255,255,255,255,255,255,255,255,255,255,255,255,255,255,255,0,0,
      0,0,0,0,0,0,0,0,0,0,0,0,0,0,0,0,255,255,255,255,255,0,0,0,255,255,255,255,
      255,255,255,255,255,255,255,255,255,255,255,255,255,255,0,0,0,0,0,255,255,255,255,255,255,255,0,0,
      0,0,0,0,0,0,0,0,0,0,0,0,0,0,0,0,255,255,255,255,255,0,0,0,255,255,255,255,
      255,255,255,255,255,255,255,255,255,255,255,255,255,255,0,0,0,0,0,255,255,255,255,255,255,255,0,0,
      0,0,0,0,0,0,0,0,0,0,0,0,0,0,0,0,0,0,0,0,0,0,0,0,255,255,255,255,
      255,255,255,255,255,255,255,255,255,255,255,255,0,0,0,0,0,0,0,0,0,255,255,255,255,255,255,255,
      0,0,0,0,0,0,0,0,0,0,0,0,0,0,0,0,0,0,0,0,0,0,0,0,255,255,255,255,
      255,255,255,255,255,255,255,255,255,255,255,255,0,0,0,0,0,0,0,0,0,255,255,255,255,255,255,255,
      0,0,0,0,0,255,255,0,0,0,0,0,0,0,0,0,0,0,0,0,0,0,0,0,0,0,255,255,
      255,255,255,255,255,255,255,255,255,255,0,0,0,0,0,0,0,0,0,0,0,255,255,255,255,255,255,255,
      0,0,0,0,0,255,255,0,0,0,0,0,0,0,0,0,0,0,0,0,0,0,0,0,0,0,255,255,
      255,255,255,255,255,255,255,255,255,255,0,0,0,0,0,0,0,0,0,0,0,255,255,255,255,255,255,255,
      0,0,0,0,0,255,255,0,0,0,0,0,0,0,0,0,0,0,0,0,0,0,0,0,0,0,0,0,
      255,255,255,255,255,255,255,255,255,0,0,0,0,0,0,0,0,0,0,0,0,0,0,255,255,255,255,255,
      0,0,0,0,0,255,255,0,0,0,255,255,0,0,0,0,0,0,0,0,0,0,0,0,0,0,0,0,
      0,0,0,255,255,255,255,255,255,0,0,0,0,0,0,0,0,0,0,0,0,0,0,255,255,255,255,255,
      0,0,0,0,0,255,255,0,0,0,255,255,0,0,0,0,0,0,0,0,0,0,0,0,0,0,0,0,
      0,0,0,255,255,255,255,255,255,0,0,0,0,0,0,0,0,0,0,0,0,0,0,255,255,255,255,255,
      0,0,0,0,0,255,255,255,255,0,255,255,0,0,0,0,0,0,0,0,0,0,0,0,0,0,0,0,
      0,0,0,255,255,255,255,255,255,0,0,0,0,0,0,0,0,0,0,0,0,0,0,255,255,255,255,255,
      0,0,0,0,0,255,255,255,255,0,255,255,0,0,0,0,0,0,0,0,0,0,0,0,0,0,0,0,
      0,0,0,255,255,255,255,255,255,0,0,0,0,0,0,0,0,0,0,0,0,0,0,255,255,255,255,255,
      0,0,0,0,0,255,255,255,255,0,255,255,255,255,0,0,0,0,0,0,0,0,0,0,0,0,0,0,
      0,0,0,0,0,255,255,255,255,255,0,0,0,0,0,0,0,0,0,0,0,0,0,0,255,255,255,255,
      0,0,0,0,0,255,255,255,255,0,255,255,255,255,0,0,0,0,0,0,0,0,0,0,0,0,0,0,
      0,0,0,0,0,255,255,255,255,255,0,0,0,0,0,0,0,0,0,0,0,0,0,0,255,255,255,255,
      0,0,0,0,0,0,0,255,255,255,255,255,255,255,0,0,0,0,0,0,0,0,0,0,0,0,0,0,
      0,0,0,0,0,255,255,255,255,255,255,255,0,0,0,0,0,0,0,0,0,0,0,0,255,255,0,0,
      0,0,0,0,0,0,0,255,255,255,255,255,255,255,255,255,255,0,0,0,0,0,0,0,0,0,0,0,
      0,0,255,255,255,255,255,255,255,255,255,255,0,0,0,0,0,0,0,0,0,0,0,0,255,255,0,0,
      0,0,0,0,0,0,0,255,255,255,255,255,255,255,255,255,255,0,0,0,0,0,0,0,0,0,0,0,
      0,0,255,255,255,255,255,255,255,255,255,255,0,0,0,0,0,0,0,0,0,0,0,0,255,255,0,0,
      0,0,0,0,0,0,0,0,0,255,255,255,255,255,255,255,255,255,255,255,255,255,255,0,0,0,0,0,
      0,0,0,255,255,255,255,255,255,255,255,255,255,255,0,0,0,0,0,0,0,0,0,255,0,0,0,0,
      0,0,0,0,0,0,0,0,0,255,255,255,255,255,255,255,255,255,255,255,255,255,255,0,0,0,0,0,
      0,0,0,255,255,255,255,255,255,255,255,255,255,255,0,0,0,0,0,0,0,0,0,255,0,0,0,0,
      0,0,0,0,0,0,0,0,0,0,255,255,255,255,255,255,255,255,255,255,255,255,255,255,255,255,255,255,
      255,255,255,255,255,255,255,255,255,255,255,255,255,255,255,255,0,0,0,0,0,0,0,0,0,0,0,0,
      0,0,0,0,0,0,0,0,0,0,255,255,255,255,255,255,255,255,255,255,255,255,255,255,255,255,255,255,
      255,255,255,255,255,255,255,255,255,255,255,255,255,255,255,255,0,0,0,0,0,0,0,0,0,0,0,0,
      0,0,0,0,0,0,0,0,0,0,0,0,255,255,255,255,255,255,255,255,255,255,255,255,255,255,255,255,
      255,255,255,255,255,255,255,255,255,255,255,255,255,255,255,255,0,0,0,0,0,0,0,0,0,0,0,0,
      0,0,0,0,0,0,0,0,0,0,0,0,0,0,0,0,255,255,255,255,255,255,255,255,255,255,255,255,
      255,255,255,255,255,255,255,255,255,255,255,255,255,255,255,255,0,0,0,0,0,0,0,0,0,0,0,0,
      0,0,0,0,0,0,0,0,0,0,0,0,0,0,0,0,255,255,255,255,255,255,255,255,255,255,255,255,
      255,255,255,255,255,255,255,255,255,255,255,255,255,255,255,255,0,0,0,0,0,0,0,0,0,0,0,0,
      0,0,0,0,0,0,0,0,0,0,0,0,0,0,0,0,0,0,0,0,0,255,255,255,255,255,255,255,
      255,255,255,255,255,255,255,255,255,255,255,255,0,0,0,0,0,0,0,0,0,0,0,0,0,0,0,0,
      0,0,0,0,0,0,0,0,0,0,0,0,0,0,0,0,0,0,0,0,0,255,255,255,255,255,255,255,
      255,255,255,255,255,255,255,255,255,255,255,255,0,0,0,0,0,0,0,0,0,0,0,0,0,0,0,0,
   },
   {
      0,0,0,0,0,0,0,0,0,0,0,0,0,0,0,0,0,0,0,0,0,0,0,255,255,255,255,255,
      255,255,255,255,255,255,255,255,255,255,255,255,255,255,0,0,0,0,0,0,0,0,0,0,0,0,0,0,
      0,0,0,0,0,0,0,0,0,0,0,0,0,0,0,0,0,0,0,0,0,0,0,255,255,255,255,255,
      255,255,255,255,255,255,255,255,255,255,255,255,255,255,0,0,0,0,0,0,0,0,0,0,0,0,0,0,
      0,0,0,0,0,0,0,0,0,0,0,0,0,0,0,0,255,255,255,255,255,255,255,255,255,255,255,255,
      255,255,255,255,255,255,255,255,255,255,0,0,0,0,0,0,0,0,0,0,0,0,0,0,0,0,0,0,
      0,0,0,0,0,0,0,255,255,0,0,0,255,255,255,255,255,255,255,255,255,255,255,255,255,255,255,255,
      255,255,255,255,255,255,255,0,0,0,0,0,0,0,0,0,0,0,0,0,0,0,0,0,0,0,0,0,
      0,0,0,0,0,0,0,255,255,0,0,0,255,255,255,255,255,255,255,255,255,255,255,255,255,255,255,255,
      255,255,255,255,255,255,255,0,0,0,0,0,0,0,0,0,0,0,0,0,0,0,0,0,0,0,0,0,
      0,0,0,0,0,255,255,255,255,255,255,255,255,255,255,255,255,255,255,255,255,255,255,255,255,255,255,255,
      255,255,255,255,255,0,0,0,0,0,0,0,0,0,0,0,0,0,0,0,0,0,0,0,0,0,0,0,
      0,0,0,0,0,255,255,255,255,255,255,255,255,255,255,255,255,255,255,255,255,255,255,255,255,255,255,255,
      255,255,255,255,255,0,0,0,0,0,0,0,0,0,0,0,0,0,0,0,0,0,0,0,0,0,0,0,
      0,0,0,255,255,255,255,255,255,255,255,255,255,255,255,255,255,255,255,255,255,255,255,255,255,255,255,255,
      255,255,255,0,0,0,0,0,0,0,0,0,0,0,0,0,0,0,0,0,0,0,0,0,0,0,0,0,
      0,0,0,255,255,255,255,255,255,255,255,255,255,255,255,255,255,255,255,255,255,255,255,255,255,255,255,255,
      255,255,255,0,0,0,0,0,0,0,0,0,0,0,0,0,0,0,0,0,0,0,0,0,0,0,0,0,
      0,0,0,255,255,255,255,255,255,255,255,255,255,255,255,255,255,255,255,255,255,255,255,255,255,255,255,255,
      255,255,0,0,0,0,0,0,0,0,0,0,0,0,0,0,0,0,0,0,0,0,0,0,0,0,0,0,
      0,0,0,255,255,255,255,255,255,255,255,255,255,255,255,255,255,255,255,255,255,255,255,255,255,255,255,255,
      255,255,255,255,255,255,255,255,255,255,0,0,0,0,0,0,0,0,0,0,0,0,0,0,0,0,0,0,
      0,0,0,255,255,255,255,255,255,255,255,255,255,255,255,255,255,255,255,255,255,255,255,255,255,255,255,255,
      255,255,255,255,255,255,255,255,255,255,0,0,0,0,0,0,0,0,0,0,0,0,0,0,0,0,0,0,
      0,0,0,255,255,255,255,255,255,255,255,255,255,255,255,255,255,255,255,255,255,255,255,255,255,255,255,255,
      255,255,255,255,255,255,255,255,255,255,255,255,255,255,255,255,255,0,0,0,0,0,0,0,0,0,0,0,
      0,0,0,255,255,255,255,255,255,255,255,255,255,255,255,255,255,255,255,255,255,255,255,255,255,255,255,255,
      255,255,255,255,255,255,255,255,255,255,255,255,255,255,255,255,255,0,0,0,0,0,0,0,0,0,0,0,
      0,0,255,255,255,255,255,255,255,255,255,255,255,255,255,255,255,255,255,255,255,255,255,255,255,255,255,255,
      255,255,255,255,255,255,255,255,255,255,255,255,255,255,0,0,0,0,0,0,0,0,0,0,0,0,0,0,
      0,0,255,255,255,255,255,255,255,255,255,255,255,255,255,255,255,255,255,255,255,255,255,255,255,255,255,255,
      255,255,255,255,255,255,255,255,255,255,255,255,255,255,0,0,0,0,0,0,0,0,0,0,0,0,0,0,
      0,0,255,255,255,255,255,255,255,255,255,255,255,255,255,255,255,255,255,255,255,255,255,255,255,255,255,255,
      255,255,255,255,255,255,255,255,255,255,0,0,0,0,0,0,0,0,0,0,0,0,0,0,0,0,0,0,
      0,0,255,255,255,255,255,255,255,255,255,255,255,255,255,255,255,255,255,255,255,255,255,255,255,255,255,255,
      255,255,255,255,255,255,255,0,0,0,0,0,0,0,0,0,0,0,0,0,0,0,0,0,0,0,0,0,
      0,0,255,255,255,255,255,255,255,255,255,255,255,255,255,255,255,255,255,255,255,255,255,255,255,255,255,255,
      255,255,255,255,255,255,255,0,0,0,0,0,0,0,0,0,0,0,0,0,0,0,0,0,0,0,0,0,
      0,0,255,255,255,255,255,255,255,255,255,255,255,255,255,255,255,255,255,255,255,255,255,255,255,255,255,255,
      255,255,255,255,255,0,0,0,0,0,0,0,0,0,0,0,0,0,0,0,0,0,0,0,0,0,0,0,
      0,0,255,255,255,255,255,255,255,255,255,255,255,255,255,255,255,255,255,255,255,255,255,255,255,255,255,255,
      255,255,255,255,255,0,0,0,0,0,0,0,0,0,0,0,0,0,0,0,0,0,0,0,0,0,0,0,
      0,0,255,255,255,255,255,255,255,255,255,255,255,255,255,255,255,255,255,255,255,255,255,255,255,255,255,255,
      255,255,255,0,0,0,0,0,0,0,0,0,0,0,0,0,0,0,0,0,0,0,0,0,0,0,0,0,
      0,0,255,255,255,255,255,255,255,255,255,255,255,255,255,255,255,255,255,255,255,255,255,255,255,255,255,255,
      255,255,255,0,0,0,0,0,0,0,0,0,0,0,0,0,0,0,0,0,0,0,0,0,0,0,0,0,
      0,0,255,255,255,255,255,255,255,255,255,255,255,255,255,255,255,255,255,255,255,255,255,255,255,255,255,255,
      255,255,255,255,255,255,255,255,255,255,255,255,255,255,0,0,0,0,0,0,0,0,0,0,0,0,0,0,
      255,255,255,255,255,255,255,255,255,255,255,255,255,255,255,255,255,255,255,255,255,255,255,255,255,255,255,255,
      255,255,255,255,255,255,255,255,255,255,255,255,0,0,0,0,0,0,0,0,0,0,0,0,0,0,0,0,
      255,255,255,255,255,255,255,255,255,255,255,255,255,255,255,255,255,255,255,255,255,255,255,255,255,255,255,255,
      255,255,255,255,255,255,255,255,255,255,255,255,0,0,0,0,0,0,0,0,0,0,0,0,0,0,0,0,
      255,255,255,255,255,255,255,255,255,255,255,255,255,255,255,255,255,255,255,255,255,255,255,255,255,255,255,255,
      255,255,255,255,255,255,255,255,255,255,255,255,255,255,255,255,0,0,0,0,0,0,0,0,0,0,0,0,
      255,255,255,255,255,255,255,255,255,255,255,255,255,255,255,255,255,255,255,255,255,255,255,255,255,255,255,255,
      255,255,255,255,255,255,255,255,255,255,255,255,255,255,255,255,0,0,0,0,0,0,0,0,0,0,0,0,
      0,0,0,255,255,255,255,255,255,255,255,255,255,255,255,255,255,255,255,255,255,255,255,255,255,255,255,255,
      255,255,255,255,255,255,255,255,255,255,255,255,255,255,255,255,255,0,0,0,0,0,0,0,0,0,0,0,
      0,0,0,255,255,255,255,255,255,255,255,255,255,255,255,255,255,255,255,255,255,255,255,255,255,255,255,255,
      255,255,255,255,255,255,255,255,255,255,255,255,255,255,255,255,255,0,0,0,0,0,0,0,0,0,0,0,
      0,0,0,0,0,255,255,255,255,255,255,255,255,255,255,255,255,255,255,255,255,255,255,255,255,255,255,255,
      255,255,255,255,255,255,255,255,255,255,255,255,255,255,255,255,255,0,0,0,0,0,0,0,0,0,0,0,
      0,0,0,0,0,0,0,0,0,255,255,255,255,255,255,255,255,255,255,255,255,255,255,255,255,255,255,255,
      255,255,255,255,255,255,255,255,255,255,255,255,255,255,255,255,0,0,0,0,0,0,0,0,0,0,0,0,
      0,0,0,0,0,0,0,0,0,255,255,255,255,255,255,255,255,255,255,255,255,255,255,255,255,255,255,255,
      255,255,255,255,255,255,255,255,255,255,255,255,255,255,255,255,0,0,0,0,0,0,0,0,0,0,0,0,
      0,0,0,0,0,0,0,0,0,255,255,255,255,255,255,255,255,255,255,255,255,255,255,255,255,255,255,255,
      255,255,255,255,255,255,255,255,255,255,255,255,255,255,255,255,0,255,255,255,255,255,255,0,0,0,0,0,
      0,0,0,0,0,0,0,0,0,255,255,255,255,255,255,255,255,255,255,255,255,255,255,255,255,255,255,255,
      255,255,255,255,255,255,255,255,255,255,255,255,255,255,255,255,0,255,255,255,255,255,255,0,0,0,0,0,
      0,0,0,0,0,0,0,255,255,255,255,255,255,255,255,255,255,255,255,255,255,255,255,255,255,255,255,255,
      255,255,255,255,255,255,255,255,255,255,255,255,255,255,255,255,255,255,255,255,255,255,255,255,0,0,0,0,
      0,0,0,0,0,0,0,255,255,255,255,255,255,255,255,255,255,255,255,255,255,255,255,255,255,255,255,255,
      255,255,255,255,255,255,255,255,255,255,255,255,255,255,255,255,255,255,255,255,255,255,255,255,0,0,0,0,
      0,0,0,0,0,255,255,255,255,255,255,255,0,0,255,255,255,255,255,255,255,255,255,255,255,255,255,255,
      255,255,255,255,255,255,255,255,255,255,255,255,255,255,255,255,255,255,255,255,255,255,255,255,255,255,0,0,
      0,0,0,0,0,255,255,255,255,255,255,255,0,0,0,0,255,255,255,255,255,255,255,0,255,255,255,255,
      255,255,255,255,255,255,255,255,255,255,255,255,255,255,255,255,255,255,255,255,255,255,255,255,255,255,0,0,
      0,0,0,0,0,255,255,255,255,255,255,255,0,0,0,0,255,255,255,255,255,255,255,0,255,255,255,255,
      255,255,255,255,255,255,255,255,255,255,255,255,255,255,255,255,255,255,255,255,255,255,255,255,255,255,0,0,
      0,0,0,0,0,255,255,255,255,255,255,255,0,0,0,0,0,0,0,0,0,255,255,255,255,255,255,255,
      255,255,255,255,255,255,255,255,255,255,255,255,0,0,255,255,255,255,255,255,255,255,255,255,255,255,255,255,
      0,0,0,0,0,255,255,255,255,255,255,255,0,0,0,0,0,0,0,0,0,255,255,255,255,255,255,255,
      255,255,255,255,255,255,255,255,255,255,255,255,0,0,255,255,255,255,255,255,255,255,255,255,255,255,255,255,
      0,0,0,0,0,255,255,255,255,255,255,255,0,0,0,0,0,0,0,255,255,255,255,255,255,255,255,255,
      255,255,255,255,255,255,255,255,255,255,255,255,255,255,255,255,255,255,255,255,255,255,255,255,255,255,255,255,
      0,0,0,0,0,255,255,255,255,255,255,255,0,0,0,0,0,0,0,255,255,255,255,255,255,255,255,255,
      255,255,255,255,255,255,255,255,255,255,255,255,255,255,255,255,255,255,255,255,255,255,255,255,255,255,255,255,
      0,0,0,0,0,255,255,255,255,255,255,255,255,255,255,255,255,255,255,255,255,255,255,255,255,255,255,255,
      255,255,255,255,255,0,0,0,0,255,255,255,255,255,255,255,255,255,255,255,255,255,255,255,255,255,255,255,
      0,0,0,0,0,0,0,255,255,255,255,255,255,255,255,255,255,255,255,255,255,255,255,0,0,0,0,0,
      0,0,0,0,0,0,0,0,0,0,0,0,0,0,0,0,255,255,255,255,255,255,255,255,255,255,255,255,
      0,0,0,0,0,0,0,255,255,255,255,255,255,255,255,255,255,255,255,255,255,255,255,0,0,0,0,0,
      0,0,0,0,0,0,0,0,0,0,0,0,0,0,0,0,255,255,255,255,255,255,255,255,255,255,255,255,
      0,0,0,0,0,0,0,255,255,255,255,255,255,255,255,255,255,255,255,255,255,255,255,255,0,0,0,0,
      0,0,0,0,0,0,0,0,0,0,0,0,0,0,0,0,0,255,255,255,255,255,255,255,255,255,255,255,
      0,0,0,0,0,0,0,255,255,255,255,255,255,255,255,255,255,255,255,255,255,255,255,255,0,0,0,0,
      0,0,0,0,0,0,0,0,0,0,0,0,0,0,0,0,0,255,255,255,255,255,255,255,255,255,255,255,
      0,0,0,0,0,0,0,255,255,255,255,255,255,255,255,255,255,255,255,255,255,255,255,255,0,0,0,0,
      0,0,0,0,0,0,0,0,0,0,0,0,0,0,0,0,0,255,255,255,255,255,255,255,255,255,255,255,
      0,0,0,0,0,0,0,255,255,255,255,255,255,255,255,255,255,255,255,255,255,255,255,255,0,0,0,0,
      0,0,0,0,0,0,0,0,0,0,0,0,0,0,0,0,0,255,255,255,255,255,255,255,255,255,255,255,
      0,0,0,0,0,0,0,0,0,255,255,255,255,255,255,255,255,255,255,255,255,255,255,0,0,0,0,0,
      0,0,0,0,0,0,0,0,0,0,0,0,0,0,0,0,255,255,255,255,255,255,255,255,255,255,0,0,
      0,0,0,0,0,0,0,0,0,255,255,255,255,255,255,255,255,255,255,255,255,0,0,0,0,0,0,0,
      0,0,0,0,0,0,0,0,0,0,0,0,0,0,255,255,255,255,255,255,255,255,255,255,255,255,0,0,
      0,0,0,0,0,0,0,0,0,255,255,255,255,255,255,255,255,255,255,255,255,0,0,0,0,0,0,0,
      0,0,0,0,0,0,0,0,0,0,0,0,0,0,255,255,255,255,255,255,255,255,255,255,255,255,0,0,
      0,0,0,0,0,0,0,0,0,255,255,255,255,255,255,255,255,255,255,0,0,0,0,0,0,0,0,0,
      0,0,0,0,0,0,0,0,0,0,0,0,255,255,255,255,255,255,255,255,255,255,255,255,0,0,0,0,
      0,0,0,0,0,0,0,0,0,255,255,255,255,255,255,255,255,255,255,0,0,0,0,0,0,0,0,0,
      0,0,0,0,0,0,0,0,0,0,0,0,255,255,255,255,255,255,255,255,255,255,255,255,0,0,0,0,
      0,0,0,0,0,0,0,0,0,0,255,255,255,255,255,255,255,0,0,0,0,0,0,0,0,0,0,0,
      0,0,0,0,0,0,0,255,255,255,255,255,255,255,255,255,255,255,255,255,255,255,255,0,0,0,0,0,
      0,0,0,0,0,0,0,0,0,0,255,255,255,255,255,255,255,0,0,0,0,0,0,0,0,0,0,0,
      0,0,0,0,0,0,0,255,255,255,255,255,255,255,255,255,255,255,255,255,255,255,255,0,0,0,0,0,
      0,0,0,0,0,0,0,0,0,0,255,255,255,255,255,255,0,0,0,0,0,0,0,0,0,0,255,255,
      255,255,255,255,255,255,255,255,255,255,255,255,255,255,255,255,255,255,255,255,255,0,0,0,0,0,0,0,
      0,0,0,0,0,0,0,0,0,0,0,0,0,0,0,0,0,0,0,0,0,0,0,0,0,0,0,0,
      0,0,255,255,255,255,255,255,255,255,255,255,255,255,255,255,255,0,0,0,0,0,0,0,0,0,0,0,
      0,0,0,0,0,0,0,0,0,0,0,0,0,0,0,0,0,0,0,0,0,0,0,0,0,0,0,0,
      0,0,255,255,255,255,255,255,255,255,255,255,255,255,255,255,255,0,0,0,0,0,0,0,0,0,0,0,
      0,0,0,0,0,0,0,0,0,0,0,0,0,0,0,0,0,0,0,0,0,0,0,0,255,255,255,255,
      255,255,255,255,255,255,255,255,255,255,255,255,0,0,0,0,0,0,0,0,0,0,0,0,0,0,0,0,
      0,0,0,0,0,0,0,0,0,0,0,0,0,0,0,0,0,0,0,0,0,0,0,0,255,255,255,255,
      255,255,255,255,255,255,255,255,255,255,255,255,0,0,0,0,0,0,0,0,0,0,0,0,0,0,0,0,
   },
};

#endif
